id,discipline_id,number,title,recommend_time,plan,content
1,general-exam,1,"Проблема предмета психологии: объект, предмет и основные этапы развития. Полипредметность науки.",5-7 мин,1. Различие объекта и предмета в психологии. 2. Феномен полипредметности. 3. Четыре исторических этапа развития предмета. 4. Естественный и гуманитарный подходы (номотетические и идеографические науки). 5. Категории описания психических явлений.,"<h3>Вопрос 1. Проблема предмета психологии</h3><p>В методологии науки <b>объектом</b> психологии признается психика как свойство высокоорганизованной материи, а <b>предметом</b> — конкретные законы, механизмы и структуры её функционирования. Психология является <b>полипредметной наукой</b>, так как её предмет закономерно трансформировался в процессе исторического развития:</p><ul><li><b>1 этап (V-VI вв. до н.э.): Наука о душе.</b> Закреплен в трактате Аристотеля «О душе». Душа понималась как первооснова жизни.</li><li><b>2 этап (XVII в.): Наука о сознании.</b> Связан с Р. Декартом и В. Вундтом. Главным инструментом признавался метод <b>интроспекции</b> (самонаблюдения). В <b>1879 году</b> Вундт открыл первую в мире экспериментальную лабораторию в Лейпциге. Большой вклад в этот период внес и Т. Фехнер.</li><li><b>3 этап (начало XX в.): Наука о поведении.</b> Возник как кризис интроспекции. <b>Бихевиоризм</b> (Дж. Уотсон) провозгласил предметом поведение (схема С-Р). Параллельно возникли гештальтпсихология и психоанализ З. Фрейда.</li><li><b>4 этап (середина XX в. - по сей день): Наука о механизмах и закономерностях психики.</b> Изучает объективные законы и структуру психической реальности.</li></ul><p>Психология находится на стыке естественных и гуманитарных дисциплин, сочетая <b>номотетический подход</b> (ориентирован на поиск общих законов и проведение квантифицируемых экспериментов) и <b>идеографический подход</b> (направлен на описание уникальности конкретной личности). Все психические явления традиционно описываются через три класса понятий: <i>психические процессы</i> (когнитивные и регуляторные), <i>психические состояния</i> (устойчивый уровень активности) и <i>психические свойства</i> (стабильные атрибуты личности — темперамент, характер, способности).</p>"
2,general-exam,2,Основные функции психики. Феномен и характеристики психического отражения.,5-6 мин,1. Природа психического отражения. 2. Четыре функции психики в отечественной методологии. 3. Основные формы отражения. 4. Пять ключевых характеристик психического отражения.,"<h3>Вопрос 2. Функции психики и природа психического отражения</h3><p><b>Психическое отражение</b> — это активный, изменчивый процесс субъективного воссоздания характеристик объективного мира в структуре нервной системы. В отличие от физического отражения, оно субъективно по форме (всегда принадлежит конкретному человеку) и объективно по содержанию. Любое внешнее воздействие всегда преломляется через ранее сложившиеся особенности психики и состояния человека.</p><p>Выделяют <b>пять фундаментальных характеристик</b> психического отражения:<br>1) <i>Активное</i> (постоянно ищет информацию и меняется в процессе деятельности);<br>2) <i>Правильное (адекватное)</i> (объективно верно отображает реальность для успешного выживания);<br>3) <i>Преломляется через индивидуальность</i> (мир воспринимается сквозь призму личных смыслов и уникальной биографии);<br>4) <i>Совершенствуется</i> (структуры усложняются в процессе обучения);<br>5) <i>Носит опережающий характер</i> (позволяет прогнозировать ход событий до их начала).</p><p>Отечественная наука выделяет <b>четыре функции психики</b>:<br>• <b>Когнитивная (психическое отражение)</b> — активное построение перцептивного и понятийного образа реальности.<br>• <b>Регулятивная</b> — непрерывное управление, регуляция поведения и практической деятельности.<br>• <b>Коммуникативная</b> (Б.Ф. Ломов) — обеспечение полноценного общения и взаимодействия между живыми существами.<br>• <b>Функция творческой активности</b> (Я.А. Пономарев) — созидание принципиально нового, свойственное исключительно человеку.</p>"
3,general-exam,3,Научные принципы в психологии.,5-6 мин,1. Определение методологических принципов. 2. Принцип детерминизма. 3. Принцип развития (генетический). 4. Принцип системности.,"<h3>Вопрос 3. Фундаментальные научные принципы психологии</h3><p>Теоретические исследования и практика опираются на три фундаментальных академических принципа отечественной психологической школы:</p><ul><li><b>1. Принцип детерминизма.</b> Утверждает причинную обусловленность всех психических явлений внешними факторами и социальными условиями жизни. В классической трактовке С.Л. Рубинштейна закон формулируется так: <i>«Внешние причины действуют через внутренние условия»</i>. Психика человека обусловлена как биологическим субстратом мозга, так и социокультурной средой.</li><li><b>2. Принцип системности.</b> Требует исследовать психику как сложную, целостную, многоуровневую систему. Нельзя адекватно понять природу личности, просто изолированно изучив отдельные процессы (память, мышление или эмоции). Все элементы неразрывно связаны межфункциональными связями, образуя качественно новые интегративные свойства.</li><li><b>3. Принцип развития (генетический).</b> Постулирует изучение психических процессов в их непрерывной динамике, филогенезе (эволюции видов) и онтогенезе (развитии отдельного человека). Любая психическая функция может быть адекватно понята и объяснена только тогда, когда прослеживается путь её качественного изменения от простых форм к сложным.</li></ul>"
4,general-exam,4,"Категориальный строй, основные задачи и фундаментальные проблемы психологии.",6-8 мин,1. Три уровня категориального строя психологии. 2. Теоретические (С.Л. Рубинштейн) и практические (Б.Ф. Ломов) задачи науки. 3. Четыре сквозные проблемы психологии.,"<h3>Вопрос 4. Категории, задачи и проблемы психологии</h3><p><b>Категориальный строй</b> науки структурируется вокруг понятий трех уровней: <i>философские</i> (отражение, бытие, сознание, материя), <i>общенаучные</i> (система, structure, функция, элемент, развитие) и <i>общепсихологические</i> (психика, деятельность, личность, мотив, образ, общение).</p><p><b>Задачи психологии</b> разделяют на два класса:<br>• <i>Теоретические задачи</i> (сформулированы С.Л. Рубинштейном) — раскрытие объективных внутренних законов, механизмов формирования и проявления психической реальности.<br>• <i>Практические задачи</i> (описаны Б.Ф. Ломовым) — разработка научно обоснованных методов психологической поддержки, консультирования, оптимизации труда, обучения и создания развивающих программ.</p><p>В процессе научных дискуссий выделились <b>четыре сквозные проблемы</b> психологии:<br>1) <b>Психофизиологическая проблема</b> — вопрос об отношении психики к её телесному (материальному) субстрату, то есть о связи идеальных мыслей с физиологической работой мозга.<br>2) <b>Психосоциальная проблема</b> — исследование влияния социума на психику человека и наоборот; соотношение природного и социального в личности.<br>3) <b>Психопрактическая проблема</b> — влияние психики на внешнюю практическую деятельность человека и обратное воздействие деятельности на трансформацию сознания.<br>4) <b>Психогностическая проблема</b> — отношение чувственных и умственных образов к отражаемой ими объективной реальности; вопрос о границах и точности познания мира.</p>"
5,general-exam,5,Отрасли психологии. Место психологии в системе наук.,5-7 мин,1. Место психологии в системе наук по Б.М. Кедрову (классический треугольник). 2. Принципы деления психологии на отрасли. 3. Краткая характеристика основных академических и прикладных отраслей.,"<h3>Вопрос 5. Отрасли психологии и её место в системе наук</h3><p>Уникальность академического положения психологии наглядно иллюстрирует классификация наук академика <b>Б.М. Кедрова</b>. Он предложил схему в виде треугольника, вершины которого образуют <i>естественные</i>, <i>общественные (гуманитарные)</i> и <i>философские</i> науки. <b>Психология</b> занимает центральное место внутри этого треугольника. Она выполняет функцию интегратора: неразрывно связана с биологией через изучение мозгового субстрата психики, с социологией и историей — через исследование личности в группе, и с философией — через проблемы сознания, познания и категориального строя.</p><p>Современное психологическое знание дифференцировано на множество <b>оттраслей</b>. Основаниями для их выделения выступают: сфера практической деятельности, специфика развития субъекта и междисциплинарные связи. Традиционно выделяют следующие отрасли:<br>• <i>Общая психология</i> — изучает фундаментальные законы и когнитивные процессы, общие для всех людей;<br>• <i>Фундаментальные специальные</i> — возрастная (динамика онтогенеза), социальная (закономерности общения в группах), дифференциальная (индивидуальные различия);<br>• <i>Междисциплинарные специальные</i> — психофизиология (связь психики и ЦНС), специальная психология (развитие при ОВЗ);<br>• <i>Прикладные</i> — клиническая (патопсихология и дезадаптация), педагогическая (психология обучения), юридическая, психология труда и менеджмента.</p>"
6,general-exam,6,Классификация методов психологии по С.Л. Рубинштейну и Б.Г. Ананьеву.,5-6 мин,"1. Понятие метода исследования. 2. Две ведущие группы по С.Л. Рубинштейну. 3. Четыре магистральные группы по Б.Г. Ананьеву (организационные, эмпирические, обработки, интерпретационные).","<h3>Вопрос 6. Классификация методов по С.Л. Рубинштейну и Б.Г. Ананьеву</h3><p>Метод исследования — это путь и способ научного познания, с помощью которого устанавливаются объективные психологические факты. <b>С.Л. Рубинштейн</b>, опираясь на принцип единства сознания и деятельности, выделил две основные группы методов: <i>метод наблюдения</i> (внешнее объективное и самонаблюдение-интроспекция) и <i>метод эксперимента</i> (лабораторный и естественный).</p><p>Наиболее развернутой и общепринятой в академической среде является классификация <b>Б.Г. Ананьева</b>, разделяющая методы на четыре сквозные группы, соответствующие этапам любого эмпирического исследования:<br>• <b>1. Организационные методы:</b> определяют стратегию исследования. Сюда входят <i>сравнительный</i> (сопоставление групп), <i>лонгитюдный</i> (длительное многолетнее изучение одних и тех же лиц) и <i>комплексный</i>.<br>• <b>2. Эмпирические методы:</b> служат для сбора первичных данных. Включают обсервационные (наблюдение), экспериментальные (лабораторный, естественный, формирующий), психодиагностические (тесты, опросники), праксиметрические (анализ продуктов деятельности), биографические и моделирование.<br>• <b>3. Методы обработки данных:</b> количественный анализ (методы математической статистики, факторный анализ) и качественный анализ (контент-анализ, типологизация).<br>• <b>4. Интерпретационные методы:</b> теоретическое объяснение данных. Выделяют <i>генетический метод</i> (исследование вертикальных связей в развитии) и <i>структурный метод</i> (описание горизонтальных связей между частями и целым).</p>"
7,general-exam,7,Наблюдение как метод психологии.,5-7 мин,"1. Определение метода. 2. Академические требования к научному наблюдению. 3. Виды наблюдения (включенное, скрытое, стандартизированное). 4. Достоинства и недостатки метода.","<h3>Вопрос 7. Наблюдение как метод психологии</h3><p><b>Наблюдение</b> — это метод целенаправленного, систематического и преднамеренного восприятия внешних проявлений психики человека в естественных условиях среды. Наблюдение по Б.Г. Ананьеву делится на <i>наблюдение</i> (внешнее) и <i>самонаблюдение</i> (получение данных посредством фиксации субъектом собственных психических процессов).</p><p><b>Основные виды наблюдения:</b> включенное (исследователь становится членом группы) и невключенное (со стороны); структурированное (по жестким бланкам) и свободное; полевое (в естественной среде) и лабораторное (через стекло Гезелла).</p><p><b>Академические требования к научному наблюдению:</b><br>1) <i>Целенаправленность</i> — наличие четкой цели и задач, определяемых гипотезой;<br>2) <i>Систематичность</i> — проведение процедур неоднократно через временные интервалы;<br>3) <i>Естественность условий</i> — испытуемый не должен знать, что за ним наблюдают (избегание эффекта реактивности);<br>4) <i>Ведение дневника наблюдений</i> непосредственно в процессе или сразу после него;<br>5) <i>Объективность</i> — фиксация только реальных поведенческих фактов, а не их интерпретаций.</p><p><b>Достоинство:</b> изучение психических явлений в их естественном, подлинном виде. <br><b>Недостатки:</b> пассивная позиция исследователя (вынужден ждать проявления феномена); высокая субъективность и проблема интерпретации результатов из-за личностных качеств самого наблюдателя. Аналог в виде 'истории индивида' (ретроспективный метод реконструкции биографии) часто дает искажения памяти.</p>"
8,general-exam,8,Эксперимент как метод психологии.,6-8 мин,"1. Сущность и специфика эксперимента. 2. Переменные в эксперименте, экспериментальная и контрольная группы. 3. Виды эксперимента. 4. Достоинства и недостатки метода.","<h3>Вопрос 8. Эксперимент как метод психологии</h3><p><b>Эксперимент</b> — это самый эффективный и строгий метод психологического исследования, суть которого заключается в активном и целенаправленном манипулировании условиями деятельности испытуемого для проверки причинно-следственных гипотез.</p><p><b>Терминология и понятийный аппарат:</b><br>• <i>Независимая переменная</i> — фактор, которым экспериментатор манипулирует и изменяет физическими или шкалированными средствами (например, количество часов без сна).<br>• <i>Зависимая переменная</i> — психическая реакция или процесс, выступающий функцией от независимой переменной (например, объем воспоминаний).<br>• <i>Экспериментальная группа</i> — группа, в которой присутствует изучаемое условие.<br>• <i>Контрольная группа</i> — группа, в которой данное условие отсутствует. Для интерпретации результатов вычисляется среднее арифметическое; различие признается 'статистически значимым', если тест доказывает влияние независимой переменной, а не случайности.</p><p><b>Виды эксперимента:</b> лабораторный (высокий контроль условий в ущерб естественности); естественный (в привычной среде по А.Ф. Лазурскому); формирующий (психолого-педагогическое конструирование ВПФ). В классификации А.Р. Лурия выделяют: эксперимент как метод <i>структурного анализа</i>, <i>экспериментально-генетический</i> (метод срезов) и <i>экспериментально-патологический</i> метод (в нейро- и патопсихологии).</p><p><b>Достоинства:</b> исследователь сам создает условия; точный контроль переменных; возможность репликации на больших выборках. <br><b>Недостатки:</b> искусственность обстановки в лаборатории; этические ограничения; влияние ожиданий экспериментатора на испытуемых.</p>"
9,general-exam,9,Метод тестов в психологии.,5-7 мин,"1. Определение теста по Б.Г. Ананьеву. 2. Психометрические характеристики теста (стандартизация, надежность, валидность). 3. Классификация тестов по содержанию и способу реализации. 4. Проективные методики.","<h3>Вопрос 9. Метод тестов в психологии</h3><p><b>Тест</b> — это краткое, стандартизированное, ограниченное во времени психологическое испытание, предназначенное для установления в сравнительных величинах межиндивидуальных различий. Относится к методам корреляций и позволяет собирать большие объемы данных без сложной аппаратуры. Из корреляций нельзя напрямую вывести причинно-следственные связи без специальных экспериментов.</p><p>Любой научный тест должен обладать строгими <b>характеристиками</b>:<br>• <i>Стандартизация</i> — единообразие процедуры проведения и оценки. Чтобы обосновать выводы, результаты сравнивают с выборкой стандартизации (нормы устанавливаются эмпирически на репрезентативной группе).<br>• <i>Надежность</i> — постоянство, устойчивость и воспроизводимость результатов при повторном тестировании.<br>• <i>Валидность</i> — характеристика точности измерения исследуемого качества; отражает то, насколько тест оценивает именно то, что он должен оценивать.</p><p><b>Классификация тестов по Б.Г. Ананьеву:</b><br>1) <i>Тесты достижений</i> — для оценки уровня овладения учебными или профессиональными знаниями.<br>2) <i>Психологические тесты</i>: тесты способностей, тесты интеллекта и личностные тесты (личностные опросники, например, MMPI, 16PF Р. Кеттелла, ИТДО Л.Н. Собчик).<br>3) <i>Проективные тесты</i> — предъявление испытуемому неопределенной многозначной ситуации. В основе лежит механизм <b>проекции</b> (бессознательное приписывание субъектом своих мыслей, мотивов, скрытых комплексов и переживаний другим людям или стимулам). Примеры: Тест тематической апперцепции (ТАТ) — интерпретация сюжетной картинки; Тест Роршаха — интерпретация чернильных пятен; рисуночные тесты (рисунок несуществующего животного).</p>"
10,general-exam,10,Метод опроса в психологии.,5-6 мин,"1. Сущность и виды опросных методов. 2. Метод беседы и его модификации (З. Фрейд, Ж. Пиаже). 3. Анкетирование. 4. Социометрический опрос Дж. Морено.","<h3>Вопрос 10. Метод опроса в психологии</h3><p><b>Метод опроса</b> базируется на получении информации через вербальное взаимодействие и устный или письменный самоотчет испытуемого по специальной программе. Выделяют три основных вида опроса:<br>• <b>1. Беседа</b> — сбор фактов о психических явлениях в процессе личного общения. Требования: установление дружеских отношений, непринужденная обстановка, наличие четкой программы и такт экспериментатора. Выделяют <i>психоаналитическую беседу З. Фрейда</i> (в свободных условиях, выявление скрытых травм на основе интерпретации свободных ассоциаций и оговорок) и <i>клиническую беседу Ж. Пиаже</i> (глубокий качественный анализ мышления ребенка за счет гибкой перестройки вопросов по ходу исследования).<br>• <b>2. Анкета</b> — метод массового сбора фактов на основе письменного самоотчета. Вопросы должны быть четкими, краткими, однозначными и соответствовать целям исследования.<br>• <b>3. Социометрия</b> (Дж. Морено) — метод определения статуса личности и структуры межличностных отношений в малой группе. Осуществляется путем постановки косвенных вопросов-выборов, отвечая на которые, испытуемый выбирает предпочитаемых членов группы в некоторой гипотетической ситуации. Результаты оформляются в виде социометрических индексов и матриц, выявляя лидеров ('звезд'), микрогруппы и отверженных.</p>"
11,general-exam,11,Этика психологических исследований.,5 мин,1. Значение этического кодекса. 2. Принцип информированного согласия и конфиденциальности. 3. Принцип благополучия клиента и дебрифинг.,"<h3>Вопрос 11. Этика психологических исследований</h3><p><b>Этика исследований</b> — это система моральных и профессиональных принципов, регламентирующих деятельность психолога-исследователя с целью защиты безопасности, достоинства и психического благополучия испытуемых. Главные этические постулаты включают в себя следующие правила:</p><ul><li><b>Принцип информированного согласия:</b> участник должен быть заранее в понятной форме ознакомлен с общими целями, процедурой, продолжительностью исследования и возможными рисками. Участие является строго добровольным, испытуемый имеет право выйти из исследования на любом этапе без объяснения причин.</li><li><b>Принцип конфиденциальности:</b> личные данные, результаты тестов и опросников не могут быть разглашены третьим лицам без письменного согласия участника. Информация кодируется под номерами или псевдонимами.</li><li><b>Принцип благополучия участников («Не навреди»):</b> исследование не должно наносить физический или психологический вред, вызывать дезадаптацию или стойкий стресс. Если специфика исследования (например, изучение конформизма) требовала намеренного обмана или сокрытия истинных целей, психолог обязан провести процедуру <i>дебрифинга</i> — итоговой разъяснительной беседы для снятия напряжения и раскрытия карт сразу после завершения опыта.</li></ul>"
12,general-exam,12,Общая характеристика ощущений. Виды ощущений.,6-8 мин,1. Определение ощущения. 2. Анатомо-физиологическая основа (анализатор И.П. Павлова). 3. Свойства ощущений. 4. Классификация Ч. Шеррингтона и другие подходы.,"<h3>Вопрос 12. Общая характеристика и виды ощущений</h3><p><b>Ощущение</b> — это психическое отражение изолированных свойств предметов объективного мира, возникающее при их непосредственном воздействии на органы чувств. Физиологическая основа ощущений — <b>анализатор</b> (по И.П. Павлову), состоящий из трех звеньев: <i>периферического (рецептор)</i>, трансформирующего стимул в импульс; <i>проводникового</i> (афферентные пути); <i>центрального</i> (корковая зона, где происходит осознание). Общие свойства ощущений: качество (модальность), интенсивность (зависит от силы раздражителя), временная структура (длительность), пространственная структура и эмоциональный тон.</p><p><b>Классификация типов ощущений по Ч. Шеррингтону</b> (по расположению рецептивных полей):<br>1) <i>Интроцептивные ощущения</i> — рецепторы расположены во внутренних органах, сигнализируют о внутренних процессах (голод, жажда), носят смутный протопатический характер и тесно связаны с эмоциями.<br>2) <i>Проприоцептивные ощущения</i> — рецепторы в мышцах, связках и вестибулярном аппарате; включают кинестетические и статические ощущения (баланс, тонус, положение тела).<br>3) <i>Экстероцептивные ощущения</i> — внешние рецепторы. Делятся на <b>контактные</b> (раздражитель примыкает к телу: вкус, кожные тактильные, температурные, болевые) и <b>дистантные</b> (действуют на расстоянии: зрение, слух, обоняние).<br>В генетической классификации Х. Хэда также выделяют древнюю <i>протопатическую</i> (чувствительность смутную, аффективную) и новую <i>эпикритическую</i> чувствительность (объективную, точную, дифференцированную — например, зрение).</p>"
13,general-exam,13,Проблема измерения ощущений. Психофизика.,7-8 мин,"1. Возникновение психофизики (Г.Т. Фехнер). Понятие психометрии. 2. Абсолютные и дифференциальные пороги чувствительности. 3. Психофизические законы (Вебера-Бугера, Фехнера, Стивенса). 4. Методы измерения порогов. 5. Современная теория обнаружения сигнала.","<h3>Вопрос 13. Проблема измерения ощущений в психофизике</h3><p>Основателем <b>психофизики</b> и <i>психометрии</i> является Г.Т. Фехнер. Центральным понятием выступает <b>порог чувствительности</b>. Пороговая концепция Фехнера постулировала реальность сенсорного порога, делящего стимулы на ощущаемые и неощущаемые (дискретный сенсорный ряд). Выделяют пороги:<br>• <i>Нижний абсолютный порог</i> — минимальная интенсивность раздражителя, вызывающая едва заметное ощущение (мера чувствительности).<br>• <i>Верхний абсолютный порог</i> — максимальная интенсивность стимула (выше — боль или исчезновение ощущения).<br>• <i>Дифференциальный порог (порог различения)</i> — минимальное различие между двумя раздражителями, позволяющее их отличить.</p><p><b>Психофизические законы:</b><br>1) <i>Закон Вебера-Бугера:</i> для фиксации едва заметного различия прирост стимула должен составлять постоянную долю от исходной величины (<b>ΔI / I = K</b>).<br>2) <i>Основной психофизический закон Фехнера:</i> величина ощущения пропорциональна логарифму величины раздражения (<b>S = C * log R</b>).<br>3) <i>Закон С. Стивенса:</i> величина ощущения является степенной функцией от величины раздражения (<b>Ψ = k * φ ^ a</b>).</p><p><b>Методы измерения Фехнера:</b> <i>метод границ</i> (постепенное изменение стимула до смены ответа), <i>метод установки</i> (испытуемый сам регулирует стимул) и <i>метод постоянных стимулов</i> (предъявление фиксированного набора стимулов в случайном порядке, порог — 50% или 75% обнаружения). В современной психофизике (Д. Светс, Дж. Грин) ТОС (теория обнаружения сигнала) утверждает непрерывность сенсорного ряда: любой сигнал воспринимается на фоне шума, а процесс включает <i>компонент принятия решения</i> (зависящий от мотивации и цены ошибки).</p>"
14,general-exam,14,"Взаимодействие, развитие и нарушения ощущений.",6-7 мин,"1. Формы взаимодействия ощущений (сенсибилизация, синестезия, контраст). 2. Феномен адаптации и теория Г. Хельсона. 3. Развитие ощущений в онтогенезе. 4. Классификация клинических нарушений.","<h3>Вопрос 14. Динамика, онтогенез и нарушения ощущений</h3><p>Взаимодействие ощущений проявляется в нескольких формах:<br>• <b>Адаптация ощущений</b> — приспособление к постоянно действующему раздражителю (снижение или повышение чувствительности). Г. Хельсон разработал <i>теорию уровня адаптации</i>: оценка стимула основана на прошлом опыте и воспоминаниях о фоне ситуации.<br>• <b>Сенсибилизация</b> — повышение чувствительности анализаторов под влиянием взаимодействия систем или тренировок (обратное — десенсибилизация).<br>• <b>Синестезия</b> — возникновение под влиянием раздражения одного анализатора соощущения, характерного для другого (цветной слух).<br>• <b>Контраст</b> — изменение интенсивности ощущения под влиянием сопутствующего (одновременный контраст) или предшествующего (последовательный) стимула.</p><p><b>Развитие ощущений в онтогенезе</b> идет от безусловных рефлексов через условно-рефлекторные механизмы к речи и полной осознанности. В младенчестве осязание и обоняние недифференцированы, в 2 года абсолютная чувствительность резко возрастает, в 4 года ребенок дифференцирует основные цвета. Пик чувствительности — в юношеском возрасте.</p><p><b>Нарушения ощущений:</b> 1) <i>Зрение</i> — дальтонизм, гемералопия (куриная слепота), монохроматизм, кортикальная цветовая слепота; 2) <i>Слух</i> — шум в ушах (тиннитус), глухота; 3) <i>Обоняние</i> — аносмия (потеря), гипосмия, гиперосмия, дизосмия, фантосмия (мнимые запахи); 4) <i>Вкус</i> — агевзия (потеря), гипогевзия, дисгевзия, фантгевзия.</p>"
15,general-exam,15,Сущность восприятия. Виды восприятия.,5-7 мин,"1. Понятие восприятия, соотношение восприятия и ощущения. 2. Свойства перцептивного образа (первичные и производные). 3. Классификация видов восприятия по разным основаниям.","<h3>Вопрос 15. Сущность восприятия и свойства перцептивного образа</h3><p><b>Восприятие (перцепция)</b> — это целостное психическое отражение предметов и явлений объективного мира при их непосредственном воздействии на органы чувств. Соотношение восприятия и ощущения носит системный характер: ощущение отражает изолированные свойства, а восприятие интегрирует их в многомерный образ. Образ не сводится к простой сумме ощущений.</p><p>Выделяют следующие <b>свойства перцептивного образа</b>:<br>• <i>Первичные свойства</i> (метрические) — пространственная протяженность, глубина, конфигурация, длительность.<br>• <i>Производные (системные) свойства:</i><br>1) <b>Предметность</b> — акт отнесения сведений из внешнего мира к самому объекту, а не к рецептору.<br>2) <b>Целостность</b> — восприятие объекта как единой структуры, даже при отсутствии части наглядных признаков.<br>3) <b>Константность</b> — относительная устойчивость и стабильность признаков предмета (размера, формы, цвета) при изменении физических условий наблюдения (освещения, расстояния, угла зрения).<br>4) <b>Осмысленность (категориальность)</b> — неразрывная связь с мышлением и речью; мгновенное опознание и отнесение предмета к определенному классу вещей.</p><p><b>Виды восприятия классифицируют:</b> по ведущей модальности (зрительное, слуховое, вкусовое, обонятельное, осязательное); по степени волевых усилий (непреднамеренное/непроизвольное и преднамеренное/произвольное); по форме существования материи (восприятие пространства, времени, движений).</p>"
16,general-exam,16,Восприятие формы. Гештальт-психология.,5-6 мин,"1. Проблема восприятия формы. Подход гештальт-психологии. 2. Принцип разделения зрительного поля на фигуру и фон. 3. Законы и принципы перцептивной организации (близость, сходство, замкнутость).","<h3>Вопрос 16. Законы гештальт-психологии в восприятии формы</h3><p>В гештальт-психологии (М. Вертгеймер, К. Коффка, В. Кёлер) доказано, что восприятие формы детерминировано врожденной склонностью психики организовывать стимулы в упорядоченные, симметричные, целостные структуры — гештальты. Образ обладает свойством <i>целостности восприятия</i>, которое первично по отношению к его элементам.</p><p>Фундаментальным механизмом организации является <b>принцип фигуры и фона</b>. Психика делит зрительное поле на <i>фигуру</i> (замкнутый, яркий, выступающий вперед объект, наделенный смыслом) и <i>фон</i> (аморфное, непрерывное пространство позади фигуры). Иллюстрацией служат двойственные изображения (ваза Рубина).</p><p>Выделяют следующие <b>законы перцептивной организации поля:</b><br>• <i>Закон близости</i> — стимулы, расположенные рядом в пространстве или времени, автоматически объединяются в единую группу.<br>• <i>Закон сходства</i> — элементы, похожие по форме, размеру, цвету, воспринимаются вместе как часть одной структуры.<br>• <i>Закон замкнутости</i> — тенденция мысленно заполнять пробелы в контуре, достраивая разорванные границы объекта до целостной геометрической фигуры.<br>• <i>Закон хорошего продолжения (непрерывности)</i> — элементы, выстраивающиеся в плавную линию, воспринимаются как единый поток.<br>• <i>Закон общей судьбы</i> — объекты, движущиеся в одном направлении и с одной скоростью, объединяются в общую систему.</p>"
17,general-exam,17,Теории восприятия. Информационно-когнитивный подход к восприятию.,7-9 мин,"1. Классические психофизиологические теории и теории перцептивной установки. 2. Отечественные теории активного восприятия (Запорожец, Зинченко, Ломов). Моторная теория Д. Нотона и Л. Старка. 3. Экологический подход Дж. Гибсона. 4. Информационно-когнитивный подход У. Найссера и понятие «схемы».","<h3>Вопрос 17. Теоретические подходы к психологии восприятия</h3><p>В истории науки восприятие объяснялось с разных позиций: от пассивных психофизиологических теорий до концепций перцептивной установки, доказавших влияние ожиданий на образ. В отечественной науке развивалась <b>теория активного восприятия</b> (А.В. Запорожец), где перцепция понимается как система <i>перцептивных действий</i>. В.П. Зинченко и Б.Ф. Ломов доказали, что образ строится за счет макро- и микродвижений глаз (поисковых и гностических). С этим перекликается <b>моторная теория Д. Нотона и Л. Старка</b>, согласно которой взгляд при фиксации формы движется по индивидуальному 'пути сканирования', соединяя наиболее информативные точки (углы, изломы контура).</p><p>В новейшей когнитивной науке выделились два противоположных столпа:<br>• <b>Экологический подход Дж. Гибсона:</b> восприятие — это процесс <i>прямого извлечения информации</i> из объемлющего оптического потока. Окружающая среда уже содержит в себе упорядоченные инварианты (например, градиент текстуры земли), и мозгу не нужны вычисления. Мы воспринимаем мир сразу через 'возможности действия' (affordances): плоский предмет видится как 'то, на чем можно сидеть'.<br>• <b>Информационный подход У. Найссера:</b> восприятие носит характер непрерывного конструктивного <i>перцептивного цикла</i>. Главный элемент — <b>схема</b> (когнитивная структура в голове наблюдателя, предвосхищающая появление стимулов). Схема направляет исследовательскую активность и движения, человек производит выборку информации из реального объекта, а полученные новые данные модифицируют исходную схему, запуская цикл заново.</p>"
18,general-exam,18,Сущность памяти. Процессы памяти.,6-8 мин,"1. Определение памяти как сквозного процесса. 2. Пять базовых мнемических процессов (запоминание, сохранение, воспроизведение, узнавание, забывание). 3. Феномен реминисценции. 4. Кривая забывания Г. Эббингауза.","<h3>Вопрос 18. Сущность памяти и базовые мнемические процессы</h3><p><b>Память</b> — это сквозной психический процесс запечатления, сохранения, последующего узнавания и воспроизведения следов прошлого опыта. Память связывает прошлое человека с его настоящим и будущим, обеспечивая целостность личности и возможность обучения. Функционирование памяти реализуется через систему взаимосвязанных процессов:</p><ul><li><b>Запоминание</b> — кодирование и ввод поступающей информации в систему памяти. Бывает непроизвольным и произвольным.</li><li><b>Сохранение</b> — удержание и динамическая переработка следов в долговременной памяти.</li><li><b>Воспроизведение</b> — актуализация ранее запечатленных образов и знаний в отсутствие объекта, который их вызвал.</li><li><b>Узнавание</b> — процесс констатации знакомства с объектом при повторном непосредственном столкновении с ним (генетически более просто, чем воспроизведение).</li><li><b>Забывание</b> — естественный процесс угасания следов, защищающий нервную систему от перегрузок. Его динамику описывает классическая <i>кривая забывания Г. Эббингауза</i>: наибольший процент информации теряется в первые часы после заучивания.</li></ul><p>Специфическим феноменом является <b>реминисценция</b> — отсроченное воспроизведение материала, который сразу после заучивания не мог быть воспроизведен полностью. Проявляется через 2–3 дня, когда подкорковым структурам требуется время на консолидацию следов памяти (особенно ярко выражено у детей и студентов при изучении сложных текстов).</p>"
19,general-exam,19,Виды памяти и их характеристика.,6-7 мин,"1. Классификация по объекту (двигательная, эмоциональная, образная, словесно-логическая). 2. По волевому контролю (произвольная, непроизвольная П.И. Зинченко). 3. По средствам (непосредственная, опосредованная Л.С. Выготского). 4. По времени (кратковременная Дж. Миллера, долговременная, оперативная). Понятие метапамяти.","<h3>Вопрос 19. Развернутая классификация видов памяти</h3><p>Многообразие проявлений памяти в академической науке принято разделять по четырем магистральным критериям:</p><ul><li><b>1. По характеру психической активности (объекту запечатления):</b> <i>двигательная (моторная)</i> — память на навыки и физические движения; <i>эмоциональная</i> — память на пережитые чувства и аффекты, выступающая детерминантой мотивации; <i>образная</i> — запечатление представлений (зрительная, слуховая, осязательная, вкусовая, обонятельная); <i>словесно-логическая</i> — память на мысли, понятия и логические схемы, выраженные в языковой форме.</li><li><b>2. По степени волевого контроля:</b> <i>непроизвольная</i> — запечатление происходит автоматически, как побочный результат деятельности (П.И. Зинченко доказал, что она наиболее эффективна, если материал включен в цель основного действия); <i>произвольная</i> — целенаправленная <i>мнемическая работа</i>, требующая волевых усилий.</li><li><b>3. По характеру связей (наличию средств):</b> <i>непосредственная</i> — механическое запечатление; <i>опосредованная</i> — высшая форма памяти, опирающаяся на использование культурных знаков, ассоциаций и приемов (мнемотехник) по закону интериоризации ВПФ Л.С. Выготского.</li><li><b>4. По длительности сохранения информации:</b> <i>кратковременная</i> — время удержания до 30 секунд, объем жестко лимитирован законом Дж. Миллера (7 ± 2 единицы); <i>долговременная</i> — неограниченная по объему и времени система хранения опыта; <i>оперативная</i> — удерживает данные, необходимые только для выполнения текущего практического действия 'здесь и теперь'.</li></ul><p>Важным понятием является <b>метапамять</b> — когнитивный компонент самосознания, представляющий собой индивидуальное знание человека о возможностях, границах, стратегиях и текущем состоянии своей собственной памяти.</p>"
20,general-exam,20,"Психология речи: функции, виды и закономерности развития.",5-7 мин,1. Определение речи и её отличие от языка. 2. Основные функции речи в структуре сознания. 3. Классификация видов речи. 4. Закономерности развития речи в онтогенезе.,"<h3>Вопрос 20. Психология речи: функции, виды и онтогенез</h3><p>В психологии принято разделять понятия языка и речи. <i>Язык</i> — это объективная, исторически сложившаяся знаковая система, кодирующая человеческий опыт. <b>Речь</b> — это психофизиологический процесс общения, формирования и передачи мысли посредством языка. Речь выступает материальной оболочкой мышления.</p><p>Выделяют следующие <b>функции речи</b>:<br>1) <i>Коммуникативная</i> — обеспечение общения, взаимодействия и обмена информацией между людьми (деления на функции сообщения-информации и побуждения-регуляции);<br>2) <i>Когнитивная (интеллектуальная)</i> — речь как орудие мышления, обобщения, анализа и формирования понятий;<br>3) <i>Экспрессивная</i> — выражение эмоциональных состояний и субъективного отношения говорящего к содержанию высказывания;<br>4) <i>Номинативная</i> — функция называния, обозначения предметов окружающего мира словом.</p><p><b>Основные виды речи:</b><br>• <i>Внешняя речь</i> — направлена на социальное взаимодействие, подчинена законам грамматики. Делится на <b>устную</b> (диалогическую — ситуативную, реактивную, и монологическую — контекстную, требующую планирования) и <b>письменную</b> (наиболее развернутую, произвольную и абстрактную форму речи).<br>• <i>Внутренняя речь</i> — беззвучная речь для себя, выступающая инструментом мышления. Она характеризуется фрагментарностью, сокращенностью и выраженной <b>предикативностью</b> (отсутствием подлежащих и фиксацией только на действии, сказуемом-предикате). Этому виду предшествует детская <i>эгоцентрическая речь</i> (речь вслух при решении задач, описанная Ж. Пиаже и Л.С. Выготским).</p><p><b>Закономерности развития речи в онтогенезе:</b> речь формируется прижизненно, проходя стадии довербального развития (крик, гуление в 2–3 месяца, лепет в 5–6 месяцев), стадию появления первых слов-сигналов (к 1 году), стадию активного освоения грамматики и фразовой речи (к 2–3 годам). К 4–5 годам речь полностью перестраивает когнитивную сферу ребенка, превращая элементарные психические функции в высшие (ВПФ).</p>"
21,general-exam,25,Деятельностный подход к интерпретации внимания.,5-6 мин,1. Понимание внимания в отечественной психологии. 2. Концепция внимания как ВПФ по Л.С. Выготскому. 3. Теория внимания как функции умственного контроля по П.Я. Гальперину.,"<h3>Вопрос 25. Деятельностный подход к интерпретации внимания</h3><p>В отечественной психологической школе внимание рассматривается не как изолированная ментальная сила, а как интериоризированное действие, неразрывно включенное в структуру предметной деятельности субъекта.</p><ul><li><b>Концепция внимания по Л.С. Выготскому.</b> Развивая культурно-историческую теорию, Выготский доказал, что произвольное внимание ребенка формируется прижизненно в процессе социального общения со взрослым. Изначально внимание направляется внешними стимулами-знаками (словом или указующим жестом взрослого). Постепенно происходит <b>интериоризация</b> этих знаков: ребенок переходит извне вовнутрь, начинает сам вербально управлять собственным сознанием. Произвольное внимание — это интериоризированный акт культурного управления поведением.</li><li><b>Теория внимания как функции умственного контроля П.Я. Гальперина.</b> В рамках концепции поэтапного формирования умственных действий Гальперин сформулировал постулат: <i>внимание не имеет самостоятельного продукта, потому что оно является действием внутреннего контроля</i>. Любое действие человека включает ориентировочную, исполнительскую и контрольную части. Когда внешнее предметное действие контроля (например, проверка текста на ошибки) автоматизируется, сокращается и переходит во внутренний (психический) план, оно превращается в самостоятельный процесс произвольного внимания. Внимание — это функция <b>умственного контроля</b>.</li></ul>"
22,general-exam,26,Общая характеристика воображения.,5-7 мин,1. Определение воображения как сквозного процесса. 2. Основные функции воображения в деятельности. 3. Классификация видов воображения. 4. Творческие приемы создания образов.,"<h3>Вопрос 26. Общая характеристика и приемы воображения</h3><p><b>Воображение (фантазия)</b> — это сквозной познавательный процесс конструирования качественно новых образов и идей на основе творческой переработки, расчленения и синтеза элементов прошлого опыта, сохраненного в памяти. Воображение специфично только для человека и позволяет принимать решения в условиях дефицита информации, когда точный логический расчет мышления невозможен.</p><p><b>Магистральные функции воображения:</b> <i>регулятивная</i> (создание образов-целей, планирование), <i>защитная</i> (снятие стресса через уход в мир фантазий, замещение недостижимой цели), <i>гностическая</i> (мысленное моделирование результатов — антиципация), <i>эмоциональная</i> (управление состояниями) и функция <i>творческой активности</i>.</p><p><b>Виды воображения:</b><br>• <i>Пассивное воображение</i> — создание образов, не реализующихся в действиях. Бывает непреднамеренным (сны) и преднамеренным (грезы — иллюзорные фантазии, не связанные с волей).<br>• <i>Активное воображение</i> — целенаправленное построение образов, включенное в деятельность. Делится на <b>репродуктивное (воссоздающее)</b> (построение образов объектов по их описанию, картам, схемам) и <b>продуктивное (творческое)</b> (самостоятельное создание оригинальных образов).</p><p>Творческое преобразование представлений памяти осуществляется с помощью шести <b>приемов</b>: <b>агглютинации</b> ('склеивание' частей разных объектов — Русалка, Кентавр), <i>гиперболизации</i> (преувеличение/преуменьшение размеров или количества частей), <i>схематизации</i> (сглаживание различий до общих контуров — пиктограммы), <b>типизации</b> (воплощение существенных признаков целой группы людей в одном образе персонажа), <i>заострения</i> (акцентирование черты — шарж) и <i>аналогизации</i>.</p>"
23,general-exam,27,Определение эмоций в психологии. Функции эмоций. Виды эмоций.,5-6 мин,1. Определение эмоций как регуляторных явлений. 2. Ключевые функции эмоций. 3. Классификация эмоциональных состояний по интенсивности и длительности.,"<h3>Вопрос 27. Эмоции: функции и классификация состояний</h3><p><b>Эмоции</b> — это особый класс психических состояний, отражающих в форме непосредственного субъективного переживания значимость для индивида действующих на него факторов, предметов среды и ситуаций. В структуре регуляции деятельности эмоции выполняют функции: <i>сигнальную</i> (информируют об успешности удовлетворения потребностей), <i>регулирующую</i> (направляют поведение), <i>мобилизационную</i> (энергетическая зарядка организма) и <i>коммуникативную</i> (обеспечивают экспрессивное общение).</p><p>В зависимости от длительности, интенсивности и степени волевого контроля, эмоциональные явления классифицируют на следующие <b>виды и формы</b>:<br>• <i>Настроение</i> — продолжительное, устойчивое, но слабоинтенсивное эмоциональное самочувствие, выступающее общим фоном психической жизни.<br>• <b>Аффект</b> — сильное, бурно протекающее, взрывное и кратковременное состояние, характеризующееся временной потерей сознательного волевого контроля.<br>• <i>Чувства</i> — долговременные, устойчивые и предметные отношения к конкретным объектам или людям, имеющие социальную природу.<br>• <i>Стресс</i> — комплексная адаптивная физиологическая и психическая реакция на неблагоприятные, экстремальные воздействия среды.<br>• <b>Фрустрация</b> — эмоционально-тяжелое переживание человеком непреодолимого препятствия на пути к достижению цели, сопровождающееся чувством безысходности.<br>• <i>Страсть</i> — сильное, глубокое и длительное переживание с ярко выраженной направленностью всех сил личности на одну цель или объект.</p>"
24,general-exam,28,Теории эмоций. Теория возникновения эмоций Джеймса-Ланге.,5-7 мин,"1. Направления в изучении эмоций (физиологические, когнитивные). 2. Физиологическая теория Джеймса-Ланге: суть, формула и критика. 3. Когнитивная теория оценки Р. Лазаруса.","<h3>Вопрос 28. Классические теории эмоций в психологии</h3><p>Основные теории эмоций группируются по категориям: физиологические (реакции внутри организма ответственны за эмоции) и когнитивные (мысли и умственная оценка играют решающую роль).</p><p>• <b>Теория возникновения эмоций Джеймса-Ланге (физиологическая).</b> Уильям Джеймс и Карл Ланге выдвинули парадоксальный тезис: <i>эмоциональное переживание является следствием осознания физиологических сдвигов в организме</i> под влиянием внешнего стимула. Классическая формула: 'Мы плачем не потому, что нам грустно, а нам грустно, потому что мы плачем'. Внешний раздражитель запускает рефлекторные изменения (сердцебиение, плач, дрожь), а их интеграция и интерпретация корой мозга рождает психическое ощущение страха, гнева или печали. Теория критиковалась за биологизаторство и игнорирование центральных механизмов мозга.</p><p>• <b>Теория когнитивной оценки Р. Лазаруса.</b> Утверждает, что между стимулом и эмоцией обязательно должно произойти размышление. Мозг сначала осуществляет когнитивную оценку ситуации на предмет её опасности, пользы или соответствия ценностям. Последовательность событий включает: Стимул — Мысль (Когнитивная оценка) — Одновременное переживание физиологической реакции (реакции 'дерись или убегай') и субъективной эмоции.</p>"
25,general-exam,29,Определение потребности и мотива. Мотив и мотивация. Виды мотивов и критерии их классификации.,6-8 мин,"1. Понятие потребности, свойства нужды. 2. Опредмечивание потребности и дефиниция мотива. Ситуативные факторы мотивации. 3. Отечественная теория деятельностного происхождения мотивационной сферы (А.Н. Леонтьев, изоморфизм, сдвиг мотива на цель). 4. Каузальная атрибуция и ошибки восприятия.","<h3>Вопрос 29. Психология потребностей, мотивов и каузальной атрибуции</h3><p><b>Потребность</b> — это четкое осознание специального дефицита (нужды) динамики информационного, энергетического и вещественного обмена между организмом и средой. Обладает свойствами: предметности, динамичности и сигнального характера. Делятся на первичные (биологические) и вторичные (приобретенные). Потребность сама по себе слепа (уровень влечения). Мотивация возникает при опредмечивании нужды. <b>Мотив</b> — это опредмеченная потребность, побудительная причина действий и поступков. К мотивам относятся: <i>установки</i> (состояние готовности), <i>желания</i>, <i>стремления</i>, <i>влечения</i> и <i>интересы</i>. Интенсивность действующей мотивации состоит из силы устойчивого мотива личности и изменчивых ситуативных факторов (требований среды, сложности задания).</p><p>• <b>Теория деятельностного происхождения А.Н. Леонтьева.</b> Мотивационная сфера человека рождается исключительно в практической деятельности. Между макроструктурой внешней деятельности и строением мотивационной сферы человека существуют отношения <b>изоморфизма</b> (взаимного структурного соответствия): поведению соответствуют потребности; системе деятельностей — разнообразие мотивов; множеству отдельных действий — упорядоченный набор целей. Главный механизм развития — <b>сдвиг мотива на цель</b>, при котором действие, выполнявшееся ради одного мотива, приобретает самостоятельную побудительную силу и превращается в деятельность.</p><p>• <b>Каузальная атрибуция</b> — феномен межличностного восприятия; интерпретация и приписывание причин действий другого человека в условиях дефицита информации. Люди часто совершают <i>фундаментальную ошибку атрибуции</i> — склонность объяснять чужие промахи внутренними диспозициями ('он ленивый'), а свои собственные неудачи — внешними обстоятельствами ситуации ('автобус опоздал'). Причины ошибки: игнорирование ролевых позиций, ложное согласие (считать себя нормой) и большее доверие к фактам, чем к суждениям.</p>"
26,general-exam,30,Теории мотивации. Объяснительные и описательные модели базовой мотивации.,6-7 мин,"1. Проблема источника побуждения: концепция базовой мотивации. 2. Семь признаков базового мотива. 3. Теории инстинктов и биологических потребностей (Фрейд, Макдауголл). 4. Иерархическая пирамида потребностей А. Маслоу.","<h3>Вопрос 30. Базовая мотивация и иерархия потребностей А. Маслоу</h3><p>Проблема <b>базовой мотивации</b> ищет ответ на вопрос: где находится изначальный источник побуждения к действию? Базовый уровень считается генетически заданным, врожденным, а движущий субъект базовый мотив обладает 7 признаками: <i>спонтанностью</i> движения, <i>продолжительностью и настойчивостью</i> вне зависимости от раздражителя, <i>сменой хода</i> целенаправленных движений, <i>успокоением</i> после достижения цели, <i>приготовлением</i> к новой ситуации, ростом эффективности при повторении (<i>эффект научения</i>) и <i>целостностью</i> реактивного поведения.</p><p>• <b>Теории инстинктов и биологических потребностей.</b> Под влиянием Ч. Дарвина возникли теории, сводившие поведение человека к врожденным инстинктам. В теории <b>З. Фрейда</b> их было три: инстинкт жизни (энергия <b>либидо</b>), смерти и агрессивности. <b>У. Макдауголл</b> предложил набор из 10 инстинктов ( любопытства, стадности, самоутверждения и др.). Концепции опирались на принцип редукции (снятия) напряжения организма. Вторичные (психогенные) потребности, возникающие в результате обучения, описал Г. Маррей (потребности достижения, аффилиации — всего около двух десятков).</p><p>• <b>Иерархическая теория А. Маслоу (описательная модель).</b> Все потребности человека располагаются в восходящем иерархическом порядке от 'низших' материальных до 'высших' духовных. Пока не удовлетворены базовые нужды, потребности высших уровней не действуют. Пирамида включает 7 классов:<br>1) Физиологические потребности (еда, сон);<br>2) Потребность в безопасности (защита от страха, боли);<br>3) Потребности в принадлежности и любви (социальное включение в группу);<br>4) Потребность уважения и почитания (самоуважение, одобрение);<br>5) Познавательные потребности (приобретение знаний, понимание);<br>6) Эстетические потребности (гармония, красота);<br>7) Потребность в <b>самоактуализации</b> (высшая духовная потребность в реализации потенциала своего Я).</p>"
27,general-exam,31,Представление о ситуативной мотивации в школе К. Левина. Мотивация достижения и продуктивность.,5-7 мин,"1. Топологическая психология К. Левина: концепция динамического поля. 2. Квазипотребности и валентность объектов. 3. Мотивация достижения (Д. Макклелланд, Д. Аткинсон, Г. Хекхаузен). 4. Закон Йеркса-Додсона (мотивация и продуктивность).","<h3>Вопрос 31. Ситуативная мотивация К. Левина и мотивация достижения</h3><p>В отличие от врожденных драйвов, <b>Курт Левин</b> (школа гештальтпсихологии) разработал динамическую теорию <i>ситуативной мотивации</i> в рамках концепции психологического поля. Поведение человека детерминируется текущей ситуацией взаимодействия личности и среды: <b>B = f(P, E)</b>. Намерение человека совершить действие рождает внутреннее напряжение — <b>квазипотребность</b>. Окружающие предметы среды приобретают в поле побудительную силу — <i>валентность</i> (положительную, притягивающую, или отрицательную, отталкивающую). Побуждение находится не внутри субъекта, а в динамическом напряжении между квазипотребностью личности и валентностью объектов среды.</p><p>• <b>Мотивация достижения.</b> Д. Макклелланд, Д. Аткинсон и Г. Хекхаузен разработали когнитивные теории мотивации, направленной на достижение успеха. Активность человека в деятельности детерминируется балансом двух устойчивых мотивов: <i>мотивом стремления к успеху</i> и <i>мотивом избегания неудач</i>. Сила актуальной мотивации вычисляется как функция от ожидания (вероятности) успеха и субъективной ценности этой деятельности.</p><p>• <b>Мотивация и продуктивность деятельности.</b> Взаимосвязь силы мотивации и качества выполнения задач описывает классический <b>закон Йеркса-Додсона</b>. Он постулирует: <i>для достижения максимальной продуктивности деятельности необходим не максимальный, а оптимальный уровень мотивации (оптимум мотивации)</i>. При дальнейшем росте побуждения и избыточном напряжении наступает сильный стресс, фокус внимания сужается, и продуктивность резко падает. Для сложных задач оптимум достигается при слабой мотивации, для простых — при средней или высокой.</p>"
28,general-exam,32,Определение сознания в психологии. Функции и свойства сознания. Самосознание.,6-8 мин,1. Дефиниция сознания в отечественной науке. 2. Свойства и функции сознания. 3. Самосознание и уровни его развития в онтогенезе.,"<h3>Вопрос 32. Психология сознания и самосознания человека</h3><p><b>Сознание</b> — это высшая, свойственная исключительно человеку форма обобщенного, объективного и опосредованного языком отражения устойчивых свойств окружающего мира. Сознание рождается в совместной общественной деятельности и общении. К ключевым <b>свойствам сознания</b> относятся: <i>интенциональность</i> (направленность на объект), <i>активность</i>, <i>способность к рефлексии</i> (самонаблюдению), <i>категориальность</i> (опора на понятия) и <i>целеполагание</i>. Функции сознания: отражательная (познавательная), регулятивно-управляющая, прогностическая (проектирование будущего) и ценностно-ориентировочная.</p><p>• <b>Психология самосознания.</b> Самосознание — это сложная когнитивно-эмоциональная структура, включающая выделение человеком самого себя из объективного мира, осознание своего Я, своих психических процессов, состояний, ценностей и индивидуально-психологических свойств. Самосознание фиксируется в <i>Я-концепции</i>, включающей Я-реальное и Я-идеальное.</p><p><b>Развитие самосознания в онтогенезе</b> проходит несколько уровней:<br>1) <i>Уровень соматического (телесного) Я</i> (к 1 году) — младенец начинает физически отделять свое тело от матери и среды, узнает себя в зеркале;<br>2) <i>Уровень личной идентичности</i> (к 3 годам) — знаменитый кризис трех лет, проходящий под лозунгом 'Я сам!'. Ребенок начинает использовать личное местоимение 'Я', осознавать свои желания и первичные половозрастные интроекты;<br>3) <i>Социальное Я</i> (младший школьный возраст) — оценка себя сквозь призму социальных ролей ученика и оценок значимых взрослых (учителя, мамы);<br>4) <i>Высший личностно-рефлексивный уровень (Я-концепция)</i> (подростковый и юношеский возраст) — формирование устойчивой ценностной системы, открытие своего уникального внутреннего мира, самооценка (по методикам Дембо-Рубинштейн или 'Лесенке' В.Г. Щур), определение временной перспективы и стремление к самоактуализации.</p>"
29,social-exam,1,Характеристика социальной психологии как науки. История развития социальной психологии в России и за рубежом.,5-7 мин,1. Определение социальной психологии как самостоятельной дисциплины. 2. Объект и предмет исследования. 3. Три основных исторических этапа развития науки за рубежом. 4. Особенности становления отечественной социально-психологической мысли.,"<h3>Вопрос 1. Характеристика и история социальной психологии</h3><p><b>Социальная психология</b> — это самостоятельная отрасль психологической науки, изучающая закономерности поведения, деятельности и эмоциональных состояний людей, обусловленные их включением в различные социальные группы, а также психологические характеристики самих этих групп. <b>Объектом</b> исследования выступают реальные человеческие общности (малые и большие) и отдельные индивиды как их члены. <b>Предметом</b> науки являются социально-психологические явления: механизмы общения, групповая динамика, особенности личности в группе и феномены массового сознания.</p><p>Исторический путь развития науки принято разделять на три периода:<br>• <b>I этап (до середины XIX в.)</b> — период накопления знаний внутри философии и социологии (труды Платона, Аристотеля, Т. Гоббса).<br>• <b>II этап (середина XIX в. — начало XX в.)</b> — возникновение первых самостоятельных социально-психологических теорий. К ним относятся: <i>«Психология народов»</i> (В. Вундт, М. Лацарус), утверждавшая существование сверхиндивидуальной 'души народа'; <i>«Психология масс»</i> (Г. Лебон, Ш. Сигеле), изучавшая феномены подражания и деиндивидуализации человека в толпе; и <i>теория инстинктов социального поведения</i> (У. Макдауголл), сводившая социальные акты к врожденным драйверам.<br>• <b>III этап (с 1908 года)</b> — экспериментальный период. Официальным годом рождения науки считается <b>1908 год</b>, когда одновременно вышли учебники У. Макдауголла и Э. Росса. Фокус сместился на строгий лабораторный эксперимент, изучение малых групп и аттитюдов.</p><p>В России развитие науки прошло сложный путь: от дореволюционных работ по психологической фиксации быта (Н.К. Михайловский) и объективной рефлексологии В.М. Бехтерева до жестких дискуссий 1920-х гг. и последующего запрета дисциплины. Возрождение отечественной социальной психологии началось только в конце 1950-х — начале 1960-х годов в трудах Е.С. Кузьмина, Б.Д. Парыгина и Г.М. Андреевой.</p>"
30,social-exam,2,"Место социальной психологии в системе других наук. Структура, методологические и теоретические основы.",5-6 мин,1. Междисциплинарный статус социальной психологии. 2. Место на стыке психологии и социологии. 3. Внутренняя макроструктура дисциплины. 4. Методологический фундамент науки.,"<h3>Вопрос 2. Место социальной психологии в системе наук и её структура</h3><p>Социальная психология обладает уникальным <b>междисциплинарным статусом</b>. Она возникла на стыке двух фундаментальных наук — <i>психологии</i> и <i>социологии</i>. В отличие от общей психологии, изучающей структуры отдельных психических функций человека, социальная психология исследует то, как эти функции трансформируются под влиянием группового контекста. В отличие от социологии, изучающей социальные институты и макросистемы в отрыве от конкретных лиц, социальная психология всегда удерживает в фокусе реального человека как члена группы.</p><p>Внутренняя макроструктура современной социальной психологии традиционно включает четыре больших раздела:<br>1) <b>Закономерности общения и взаимодействия людей</b> (коммуникация, интеракция, перцепция);<br>2) <b>Психология малых групп</b> (групповая динамика, лидерство, сплоченность);<br>3) <b>Психология больших социальных групп</b> (этническая, классовая психология, массовые явления);<br>4) <b>Социально-психологические проблемы личности</b> (статус, социальные роли, аттитюды).</p><p>Методологической основой отечественной социальной психологии выступают базовые научные принципы общей психологии: <i>принцип детерминизма</i> ( причинная обусловленность явлений социальной средой), <i>принцип системности</i> и <i>принцип единства сознания и деятельности</i>, доказывающий, что групповые психологические феномены рождаются и развиваются исключительно в процессах совместной предметной деятельности.</p>"
31,social-exam,3,"Уровни исследования в социальной психологии, программа и этапы проведения исследования. Источники информации.",6-8 мин,"1. Три уровня исследования (микро-, мезо-, макроуровень). 2. Понятие и структура программы исследования. 3. Четыре этапа проведения изысканий. 4. Три главных источника социально-психологической информации.","<h3>Вопрос 3. Уровни, этапы и источники информации исследования</h3><p>Научный анализ социально-психологической реальности осуществляется на трех взаимосвязанных <b>уровнях исследования</b>:<br>• <b>Микроуровень</b> — внутриличностные особенности и межличностные отношения в диадах (парах);<br>• <b>Мезоуровень</b> — динамические процессы и структура взаимоотношений внутри малых групп;<br>• <b>Макроуровень</b> — явления общественного сознания, психология больших групп и массовых движений.</p><p>Любое исследование опирается на <b>программу</b> — методологический документ, фиксирующий цели, гипотезы, объект и выборку исследования. Логика научного поиска включает четыре <b>этапа</b>:<br>1) <i>Подготовительный</i> — разработка программы, составление инструментария и проведение пилотажного (пробного) замера;<br>2) <i>Эмпирический (полевой)</i> — непосредственный сбор первичных данных в реальных группах;<br>3) <i>Этап обработки</i> — качественный и количественный (математико-статистический) анализ собранных анкет, бланков или протоколов;<br>4) <i>Интерпретационный</i> — теоретическое объяснение результатов и формулировка выводов.</p><p>Выделяют три главных <b>источника информации</b>, на основе которых психолог делает выводы:<br>1. Объективно фиксируемые поведенческие акты, действия и вербальные реакции членов группы;<br>2. Продукты материальной и духовной деятельности общности (официальные документы, архивы, контент социальных сетей);<br>3. Субъективные суждения, мнения, оценки и ретроспективные воспоминания участников взаимодействия друг о друге.</p>"
32,social-exam,4,"Методы, применяемые в социальной психологии.",6-7 мин,"1. Классификация методов по характеру задач. 2. Метод наблюдения: специфика включенного наблюдения. 3. Опросные методы (анкетирование, фокус-группы). 4. Специфика эксперимента. 5. Метод социометрии Дж. Морено.","<h3>Вопрос 4. Методы социальной психологии</h3><p>Инструментарий социальной психологии делится на методы сбора данных и методы обработки. Главная специфика заключается в адаптации общепсихологических процедур под задачи изучения групп:</p><ul><li><b>Наблюдение</b> — целенаправленное восприятие проявлений психики в естественных условиях. Часто применяется <i>включенное наблюдение</i>, при котором исследователь сам становится членом изучаемой группы, скрывая или обнаруживая свою роль. Это позволяет изучать скрытые неформальные процессы изнутри, но несет риск субъективизма из-за эмоционального слияния с группой.</li><li><b>Эксперимент</b> — активное вмешательство в деятельность. Различают лабораторный эксперимент и <i>естественный эксперимент</i> (проводится в реальном классе или офисе, испытуемые не знают о своей роли, что сохраняет естественность реакций).</li><li><b>Опросные методы</b> — <i>анкетирование</i> (письменный самоотчет, бывает открытым и закрытым) и <i>интервью</i>. Активно применяется метод <b>фокус-группы</b> — качественный сбор информации в ходе дискуссии под руководством модератора.</li><li><b>Социометрия (Дж. Морено)</b> — специализированный метод экспресс-диагностики структуры эмоциональных отношений, симпатий и антипатий в малых группах. Позволяет математически рассчитать индекс сплоченности и статус каждого участника (лидеров, предпочитаемых, изолированных, отвергаемых).</li><li><b>Контент-анализ</b> — строгий метод количественного и качественного изучения текстов, документов или протоколов бесед для выявления скрытых установок группы.</li></ul>"
33,social-exam,5,Социально-психологические представления о личности в зарубежной психологии. Отечественные школы и направления.,6-8 мин,"1. Личность в зарубежной социальной психологии (бихевиоризм, психоанализ, интеракционизм). 2. Понятие социального научения (А. Бандура). 3. Взгляды отечественных психологов на личность (деятельностный подход, концепция В.Н. Мясищева).","<h3>Вопрос 5. Социально-психологические концепции личности</h3><p>В зарубежной социальной психологии взгляд на личность детерминирован рамками трех ведущих направлений:<br>• <b>Бихевиоральный подход</b> (Дж. Уотсон, Б. Скиннер) рассматривает личность как совокупность социальных реакций на стимулы среды. В его рамках развилась <i>теория социального научения</i> А. Бандуры, доказавшая, что личность формируется путем наблюдения за поведением других людей и моделирования их поступков.<br>• <b>Психоаналитическое направление</b> (З. Фрейд, А. Адлер) интерпретирует социальное поведение личности через призму изначального конфликта между врожденными инстинктами (<b>либидо</b>) и жесткими запретами социума, а также через динамику работы <b>защитных механизмов</b> Эго.<br>• <b>Интеракционизм (ролевая теория)</b> (Дж. Мид, Ч. Кули) провозглашает, что личность рождается исключительно в процессах межличностного взаимодействия (интеракции). Социальное Я человека формируется за счет интериоризации ожиданий группы.</p><p>В отечественной психологической школе личность изучается в неразрывной связи с культурой и деятельностью:<br>• <b>Деятельностный подход</b> (А.Н. Леонтьев, С.Л. Рубинштейн) постулирует, что личность — это системное качество, приобретаемое индивидом в предметной <b>деятельности</b> и общении. А.Н. Леонтьев утверждал, что личность рождается дважды: первый раз — в 3 года (кризис трех лет), второй раз — в подростковом возрасте, когда формируется устойчивая система смыслообразующих мотивов.<br>• <b>Теория отношений В.Н. Мясищева</b> рассматривает личность как развернутую систему её субъективно-избирательных, сознательных отношений к обществу, другим людям и самому себе.</p>"
34,social-exam,6,Структура и виды социального поведения личности. Внешние и внутренние факторы регуляции. Саморегуляция.,5-7 мин,1. Дефиниция и структура социального поведения. 2. Основные виды социального поведения. 3. Внешние факты регуляции (социальный контроль). 4. Внутренние факторы регуляции и процесс саморегуляции.,"<h3>Вопрос 6. Социальное поведение личности и его регуляция</h3><p><b>Социальное поведение</b> — это внешне выраженная форма активности личности, в которой проявляются её конкретные отношения к обществу, другим людям, группам и культурным ценностям. В структуре социального поведения выделяют следующие <b>виды</b>:<br>• <i>Просоциальное поведение</i> — бескорыстные действия, направленные на благо других людей, проявление альтруизма и поддержки;<br>• <i>Асоциальное (девиантное) поведение</i> — поступки, нарушающие общественные нормы и морально-этические правила группы;<br>• <i>Антисоциальное (делинквентное) поведение</i> — противоправные действия, влекущие юридическую ответственность;<br>• <i>Конформное поведение</i> — изменение своих суждений или поступков под реальным или воображаемым давлением группы с целью быть принятым.</p><p>Направление поведения осуществляется за счет непрерывного взаимодействия двух групп факторов:<br>1. <b>Внешние факторы (социальный контроль)</b> — общественные нормы, культурные ценности, правовые законы, групповые традиции и санкции (одобрение, бойкот).<br>2. <b>Внутренние факторы (личностные диспозиции)</b> — устойчивые мотивы, ценностные ориентации, аттитюды, уровень самооценки и локус контроля личности.</p><p>Высшим личностно-рефлексивным процессом выступает <b>саморегуляция</b> — сознательное управление собственным поведением и эмоциями в соответствии с внутренними ценностями и требованиями ситуации. Высший этап саморегуляции — способность тормозить импульсивные, аффективные реакции ради достижения долгосрочных целей и соответствия своему Я-идеальному.</p>"
35,social-exam,7,Понятие социального статуса личности. Виды и смысловые значения. Институциональные и неинституциональные статусные отношения.,5-6 мин,"1. Дефиниция социального статуса. 2. Два смысловых значения (социологическое и социально-психологическое). 3. Виды статусов (предписанный, достигаемый, личный). 4. Институциональные и неинституциональные отношения.","<h3>Вопрос 7. Социальный статус личности и статусные отношения</h3><p><b>Социальный статус</b> — это объективное положение индивида в структуре общества или малой группы, определяющее его права, обязанности, круг социальных связей и степень ценностного влияния на окружающих. Понятие имеет два значения:<br>• <i>Социологическое</i> — место человека в макросоциуме (профессия, доход, образование);<br>• <i>Социально-психологическое</i> — положение в системе межличностных отношений малой группы, измеряемое методом социометрии.</p><p>Классификация видов социальных статусов:<br>• <b>Предписанный (аскриптивный) статус</b> — закрепляется за человеком автоматически от рождения вне зависимости от его воли и усилий (пол, возраст, раса, национальность).<br>• <b>Достигаемый (приобретенный) статус</b> — обретается личностью целенаправленно в течение жизни за счет собственных усилий и выбора (профессия, ученая степень).<br>• <b>Личный статус</b> — положение, которое человек занимает в неформальной структуре малой группы на основе оценки его индивидуально-психологических качеств (лидер, 'звезда', изолированный).</p><p>Взаимодействие людей в организации строится на стыке двух систем:<br>1) <b>Институциональные (официальные) отношения</b> — формальные связи, жестко регламентированные уставом, правилами и должностной иерархией (директор — учитель — ученик).<br>2) <b>Неинституциональные (неофициальные) отношения</b> — связи, возникающие стихийно на основе личных симпатий, антипатий и общих интересов. Неформальный статус участника может не совпадать с официальным, что часто становится скрытой причиной межличностных конфликтов.</p>"
36,social-exam,8,"Понятие социальной роли, основные характеристики и виды ролей. Ролевые конфликты.",5-7 мин,1. Определение социальной роли (роль как динамический аспект статуса). 2. Пять характеристик роли по Т. Парсонсу. 3. Виды ролей (конвенциональные и межличностные). 4. Три типа ролевых конфликтов.,"<h3>Вопрос 8. Социальные роли и ролевые конфликты личности</h3><p><b>Социальная роль</b> — это динамический аспект социального статуса, представляющий собой нормативно одобренный, ожидаемый от человека паттерн поведения в конкретной ситуации общения. Любая роль обладает пятью <b>характеристиками</b> (по Т. Парсонсу): <i>масштабом</i> (широта требований), <i>способом получения</i> (предписанная или достигаемая), <i>эмоциональностью</i> (степень сдержанности чувств), <i>формализацией</i> (регламентация правилами) и <i>мотивацией</i> (направленность на личную выгоду или общее благо).</p><p>По сфере проявления ролевые функции делят на два вида:<br>• <b>Конвенциональные (официальные) роли</b> — формальные, стандартизированные роли, заданные институциональными отношениями общества (роль учителя, студента, юриста);<br>• <b>Межличностные (неформальные) роли</b> — роли, возникающие стихийно в неформальных группах на основе личных отношений и ожиданий участников (роль лидера, защитника, 'души компании').</p><p>Выполнение множества ролей одновременно ведет к возникновению психологического напряжения — <b>ролевого конфликта</b>. Выделяют три типа конфликтов:<br>1. <b>Межролевой конфликт</b> — требования разных ролей одного человека противоречат друг другу (конфликт женщины между ролью сотрудника и ролью матери).<br>2. <b>Внутриролевой конфликт</b> — разные социальные группы предъявляют противоположные, несовместимые ожидания к выполнению <i>одной и той же</i> роли (родители требуют от ребенка мягкости, а сверстники во дворе — жесткости).<br>3. <b>Личностно-ролевой конфликт</b> — требования роли полностью противоречат внутренним ценностным ориентациям, моральному развитию и Я-концепции самой личности (честный человек по роли вынужден продавать некачественный товар).</p>"
37,social-exam,9,Понимание ценностей в социальной психологии. Обретение ценностей и взаимосвязь ценностей и морального развития личности.,5-7 мин,1. Понятие ценностных ориентаций в социальной психологии. 2. Процесс обретения ценностей в ходе социализации. 3. Три уровня морального развития личности по Л. Кольбергу.,"<h3>Вопрос 9. Ценности и моральное развитие личности</h3><p><b>Ценностные ориентации</b> — это важнейшие элементы внутренней структуры личности, закрепленные её жизненным опытом и определяющие её отношение к социальной действительности. Ценности выступают высшим уровнем внутренней регуляции социального поведения, задавая вектор долгосрочным целям, идеалам и жизненным планам человека. В социальной психологии ценности рассматриваются как связующее звено между культурой общества и внутренним миром конкретной личности.</p><p>Формирование ценностной сферы неразрывно связано с этапами взросления и социализации. <b>Моральное развитие личности</b> проходит через три магистральных уровня (по Л. Кольбергу):<br>1) <i>Доконвенциональный уровень</i> — ценности и правила соблюдаются ребенком исключительно ради эгоцентрической выгоды, получения похвалы или избегания физического наказания со стороны родителей;<br>2) <i>Конвенциональный уровень</i> — ценности строятся на основе слепого подчинения законам общества и нормам своей группы ради сохранения порядка и одобрения значимых других (доминирует конформное поведение);<br>3) <i>Постконвенциональный уровень</i> — высший этап, когда личность формирует собственную автономную систему универсальных этических принципов и ценностей, которые могут стоять выше законов государства, если те противоречат гуманистическому сопереживанию и правам человека.</p>"
38,social-exam,10,Модернизация и культурные различия в ценностных ориентациях.,5-6 мин,1. Культурная обусловленность ценностных структур. 2. Кросс-культурные исследования Г. Хофстеде и Ш. Шварца. 3. Коллективистские и индивидуалистические культуры. 4. Влияние процессов модернизации.,"<h3>Вопрос 10. Культурные различия в ценностных ориентациях</h3><p>Ценностные структуры качественно различаются в зависимости от культурно-исторического типа общества. Крупнейшие кросс-культурные исследования (Г. Хофстеде, Ш. Шварц) выявили два базовых вектора ценностной направленности:</p><ul><li><b>Коллективистские культуры</b> (характерны для традиционных обществ Азии, Востока) — на первом месте стоят ценности служения группе, лояльности, сохранения традиций, уважения к иерархии статусов и общего блага. Личные интересы индивида здесь подчинены целям общности, а чувство групповой идентичности преобладает над индивидуальным.</li><li><b>Индивидуалистические культуры</b> (характерны для современных западных обществ) — доминируют ценности личного достижения цели, автономии Я, независимости, самоактуализации, свободы выбора и гедонизма.</li></ul><p>Процессы глобализации и <b>модернизации</b> постепенно трансформируют ценности традиционных культур, сдвигая их в сторону индивидуализации и прагматизма. Однако базовые этнические интроекты, менталитет и исторически сложившийся культурный код сохраняют высокую стабильность, определяя специфику регуляции поведения людей в разных регионах мира.</p>"
39,social-exam,11,"Социальные установки: природа, изучение в рамках различных научных направлений, виды, соотношение ценностей и установок личности.",6-8 мин,1. Определение социальной установки (аттитюда). 2. Трехкомпонентная структура аттитюда (М. Смит). 3. Соотношение ценностей и установок. 4. Иерархическая классификация В.А. Ядова.,"<h3>Вопрос 11. Природа и структура социальных установок</h3><p><b>Социальная установка (аттитюд)</b> — это сформированная на основе прошлого опыта устойчивая психологическая готовность личности к определенному восприятию, оценке и поведению по отношению к конкретному социальному объекту, человеку, группе или событию. Установка выполняет функцию экономии когнитивного ресурса: сознание не вычисляет отношение к объекту заново, а активирует готовый ментальный шаблон.</p><p>В академической науке общепринятой является <b>трехкомпонентная структура аттитюда</b> (М. Смит, Д. Кац):<br>1) <i>Когнитивный компонент</i> — знания, убеждения, представления и интеллектуальные суждения личности о социальном объекте;<br>2) <i>Аффективный компонент</i> — эмоциональное отношение, чувства, оценки по шкале «приятно — неприятно», симпатии или антипатии;<br>3) <i>Поведенческий (конативный) компонент</i> — готовность к осуществлению реального практического действия, конкретные поведенческие интенции.</p><p>Социальные установки тесно связаны с ценностными ориентациями, но качественно отличаются от них по масштабу. Ценности абстрактны, глобальны и выступают высшими жизненными ориентирами. Аттитюды всегда конкретны, предметны и направлены на осязаемые объекты. Согласно диспозиционной концепции <b>В.А. Ядова</b>, установки образуют иерархическую систему: от элементарных фиксированных установок (на базе биологических нужд) и социальных аттитюдов до базовых социальных установок и высших ценностных ориентаций.</p>"
40,social-exam,12,"Особенности формирования установок, влияние установок на поведение личности. Парадокс Лапьера. Модели изменения установок.",6-8 мин,1. Основные пути формирования аттитюдов. 2. Суть и значение эксперимента Р. Лапьера (парадокс Лапьера). 3. Теория когнитивного диссонанса Л. Фестингера. 4. Модель убеждающей коммуникации Йельской школы.,"<h3>Вопрос 12. Влияние и модели изменения социальных установок</h3><p>Формирование <b>аттитюдов</b> — это прижизненный процесс, протекающий в ходе социализации под влиянием личного контакта, группового давления (конформное поведение) или СМИ. Долговечное время считалось, что аттитюд жестко детерминирует поступки. Однако в 1934 году Р. Лапьер экспериментально открыл <b>парадокс Лапьера</b>: путешествуя с китайской парой по США, он получил реальный радушный прием в 250 отелях, но в последующем письменном опросе 92% этих же заведений ответили категорическим отказом принять китайцев. Феномен доказал диссонанс между вербальными суждениями и реальными действиями, зависящий от давления конкретной ситуации и прочности установки.</p><p>Изменение социальных установок описывается двумя ведущими моделями:<br>• <b>Теория когнитивного диссонанса Л. Фестингера.</b> Если человек совершает поступок, идущий вразрез с его реальной установкой, у него возникает тягостный внутренний дискомфорт (диссонанс). Чтобы избавиться от него, личность вынуждена менять либо поведение, либо саму исходную установку.<br>• <b>Модель убеждающей коммуникации (Йельская школа, К. Ховланд).</b> Изменение установки рассматривается как результат целенаправленного речевого воздействия, зависящего от четырех детерминант: <i>коммуникатора</i> (его авторитета), <i>структуры сообщения</i> (логика и аргументация), <i>канала передачи</i> (личное общение эффективнее СМИ) и <i>особенностей аудитории</i> (интеллект, ригидность установок).</p>"
41,social-exam,13,Понятие социальной группы. Классификации социальных групп по различным критериям. Особенности малой группы.,5-7 мин,"1. Определение социальной группы. 2. Критерии классификации групп (масштаб, статус, значимость). 3. Специфические признаки малой группы. 4. Условия процесса группообразования.","<h3>Вопрос 13. Психология и классификация социальных групп</h3><p><b>Социальная группа</b> — это реально существующее или идеальное объединение людей, связанных общими признаками, совместной деятельностью, общими ценностями, целями и взаимно детерминированными отношениями. В науке группы классифицируют: по масштабу (<i>малые</i> — до 30-40 человек, находящихся в личном контакте, и <i>большие</i> — классы, нации); по официальному статусу (формальные и неформальные); по характеру взаимодействия (первичные — семья, и вторичные — деловые); по степени значимости (группы членства и <b>референтные группы</b>, чьи нормы выступают для личности эталоном и идеалом).</p><p><b>Малая группа</b> — базовая ячейка взаимодействия «лицом к лицу» (face-to-face). Её признаки: общая цель деятельности, групповые нормы, ролевая и статусная иерархия, система социального контроля и чувство <i>групповой идентичности</i> («Мы — Они»). Превращение случайного конгломерата людей в психологически целостную малую группу (<b>группообразование</b>) происходит при наличии внешней задачи, организации совместного труда, пространственной близости контактов, выраженной потребности в <i>аффилиации</i> (эмоциональном сближении и принятии) и лидера-организатора.</p>"
42,social-exam,14,Уровни развития малой группы. Концепция коллективообразования.,6-8 мин,1. Динамика группового развития. 2. Уровни развития группы по А.В. Петровскому. 3. Сущность коллектива. 4. Стратометрическая концепция коллективообразования.,"<h3>Вопрос 14. Уровни развития группы и стратометрия</h3><p>Малая группа проходит исторический путь качественной перестройки внутренних связей. Согласно <b>стратометрической концепции коллективообразования</b> (теории деятельностного опосредования межличностных отношений) А.В. Петровского, группы делят по степени выраженности совместной деятельности и уровню социальной значимости их целей на следующие уровни:</p><ul><li><b>Конгломерат (номинальная группа)</b> — случайное, временное скопление людей, объединенных лишь внешним пространством (очередь);</li><li><b>Ассоциация</b> — появляется общая цель, но совместная предметная деятельность еще не развернута;</li><li><b>Кооперация</b> — характеризуется высоким уровнем организации совместного труда, распределением ролей и иерархией статусов;</li><li><b>Корпорация</b> — группа со сверхвысокой внутренней сплоченностью на основе группового эгоизма, противопоставляющая свои цели макросоциуму (секта, ОПГ);</li><li><b>Коллектив</b> — высший уровень развития малой группы. Это устойчивая общность людей, где совместная деятельность носит социально полезный характер, а отношения полностью опосредованы общими ценностями и целями этого труда.</li></ul><p>Психологическая структура коллектива включает три слоя (страты): внешний (эмоциональные неформальные контакты), второй (<b>ценностно-ориентационное единство</b> — ЦОУ, совпадение идеалов и целей команды) и ядро (полное принятие целей социально важного труда).</p>"
43,social-exam,15,"Динамические процессы в малой группе: общение, консолидация, лидерство, конкуренция, адаптация, идентификация и принятие решений.",7-9 мин,"1. Понятие групповой динамики. 2. Межличностные процессы в группе (адаптация, конкуренция, кооперация). 3. Феномены лидерства и руководства, стили по К. Левину. 4. Процесс групповой идентификации. 5. Феномены принятия решений (сдвиг к риску, огруппление мышления).","<h3>Вопрос 15. Динамические процессы малой группы</h3><p><b>Групповая динамика</b> — это совокупность внутригрупповых процессов, определяющих этапы жизнедеятельности и изменения малой группы. Межличностные процессы включают: <i>социальную адаптацию</i> (усвоение норм при вхождении), <i>кооперацию</i> (сотрудничество) и <i>конкуренцию</i> (соперничество за статусы). Важнейшим интегративным процессом выступает <b>групповая идентификация</b> — отождествление себя с группой. Её высшая форма — действенная групповая эмоциональная идентификация (ДГЭИ), когда успехи и неудачи коллег воспринимаются как личные.</p><p>В процессе распределения ролей выделяются <b>лидер</b> (выдвигается группой снизу в неформальных отношениях на основе авторитета) и <b>руководитель</b> (назначается сверху в институциональных отношениях, обладает официальным статусом и санкциями). К. Левин выделил три стиля управления: <i>авторитарный</i> (единоличная власть, приказы), <i>демократический</i> (коллегиальное принятие решений, раппорт, творческая активность) и <i>попустительский</i> (пассивность, падение продуктивности).</p><p>Процесс принятия групповых решений порождает специфические феномены: <b>сдвиг к риску (групповую поляризацию)</b> — принятие группой более радикальных решений, чем среднее индивидуальное мнение участников до дискуссии, и <b>огруппление мышления (Groupthink)</b> (И. Джанис) — дезадаптивный стиль мышления в высокосплоченных группах, при котором стремление к единомыслию подавляет критический анализ рисков.</p>"
44,social-exam,16,"Классификация, характеристика и социально-психологические явления в больших социальных группах.",6-8 мин,"1. Понятие и типы больших социальных групп. 2. Специфика регуляции поведения в больших общностях. 3. Массовые социально-психологические явления в стихийных группах (заражение, суггестия, паника, слухи).","<h3>Вопрос 16. Психология больших групп и массовые явления</h3><p><b>Большие социальные группы</b> — это устойчивые общности людей, существующие в масштабах общества, члены которых не находятся в непосредственном личном контакте, но объединены образом жизни, традициями и интересами. Делятся на <i>устойчивые</i> (классы, этносы, нации, гендерные и возрастные группы — студенчество) и <i>стихийные (кратковременные)</i> — толпа, публика, аудитория. Главными регуляторами поведения в них выступают <b>общественное сознание</b>, менталитет, обычаи, традиции, мифы и социальные стереотипы.</p><p>В стихийных группах и толпе регуляция поведением строится на аффективных процессах, порождая <b>массовые явления</b>:<br>• <b>Психическое заражение</b> — процесс бессознательной, автоматической передачи эмоционального состояния (паники, ярости), лавинообразно нарастающий в толпе через <i>циркулярную реакцию</i>;<br>• <b>Подражание</b> — воспроизведение индивидом образцов демонстрируемого поведения и жестов (основа моды);<br>• <b>Внушение (суггестия)</b> — целенаправленное вербальное воздействие на психику, принимаемое человеком без критического анализа;<br>• <b>Паника</b> — массовое состояние острого страха при угрозе, сопровождающееся деиндивидуализацией сознания и хаотичным эгоцентрическим бегством;<br>• <b>Слухи</b> — специфический вид массовой информации, передаваемый при дефиците официальных данных. Деформируются через законы сглаживания (утрата деталей), заострения (акцентирование ярких кусков) и уподобления (подстройка сюжета под страхи и установки аудитории).</p>"
45,developmental-psych,1,Понятие психологии развития. Определение объекта и предмета науки.,5-7 мин,"1. Определение психологии развития и возрастной психологии, их эпистемическое различие. 2. Определение и специфика объекта науки. 3. Категориальное поле предмета возрастной психологии. 4. Критерии научного анализа возрастной динамики.","<h3>1. Определение и сущность науки</h3><p><b>Психология развития</b> — это фундаментальная отрасль психологического знания, исследующая временную динамику человеческой психики, а также закономерности, источники и скрытые интрапсихические механизмы онтогенетического генезиса психических процессов, состояний и личностных качеств человека на протяжении всего его жизненного пути. Долгое время понятия «психология развития» и «возрастная психология» употреблялись как синонимы, однако современный академический конструкт разделяет их: психология развития исследует макрозаконы эволюции психики (включая филогенез, антропогенез и кросс-культурные аспекты), в то время как <b>возрастная психология</b> фокусируется на конкретных хронологических этапах онтогенеза, возрастных нормативах и структуре психологических возрастов в рамках индивидуальной жизни.</p><h3>2. Объект возрастной психологии и психологии развития</h3><p><b>Объект науки</b> — это объективно существующая реальность, на исследование которой направлен познавательный интерес научного сообщества. В рамках данной дисциплины объектом выступают объективные, развернутые во времени качественные, количественные и структурные изменения психики, поведения, личности и общей жизнедеятельности человека на разных этапах его жизненного пути от момента зачатия до биологической смерти.</p><h3>3. Предмет возрастной психологии и психологии развития</h3><p><b>Предмет науки</b> — это специфический ракурс, теоретические модели, законы и механизмы функционирования объекта, вычленяемые исследователем. Предметом возрастной психологии являются внутренние законы, детерминанты, источники, факторы, закономерности и движущие силы изменения психики, поведения, деятельности и личности человека в процессе его онтогенетического развития. Предмет включает изучение возрастных новообразований, социальной ситуации развития, природы кризисов и механизмов интериоризации культурно-исторического опыта.</p>"
46,developmental-psych,2,Цели и основные задачи психологии развития (практические и теоретические).,5-6 мин,1. Генеральная цель психологии развития. 2. Система теоретических (академических) задач дисциплины. 3. Праксиологический блок (практические задачи возрастной психологии). 4. Междисциплинарное значение решения практических задач.,"<h3>1. Генеральная цель дисциплины</h3><p>Генеральной целью психологии развития является глубокое научное понимание, описание, объяснение и прогнозирование траектории психического генезиса человека, а также формирование научных оснований для оптимизации, поддержки и сопровождения личности на всех этапах онтогенеза.</p><h3>2. Теоретические задачи психологии развития</h3><p>Теоретический (академический) блок задач направлен на развитие понятийного и методологического аппарата науки:</p><ul><li>Изучение и концептуализация движущих сил, источников, предпосылок, условий и скрытых интрапсихических механизмов психического развития на всем протяжении онтогенеза;</li><li>Разработка, валидизация и теоретическое обоснование систем возрастной периодизации психического развития;</li><li>Глубокое изучение возрастных особенностей и объективных закономерностей протекания, возникновения, становления, изменения, деградации и компенсации психических функций и процессов;</li><li>Установление возрастных возможностей, лимитов, ресурсов и закономерностей осуществления различных видов деятельности и усвоения систем научных знаний;</li><li>Исследование макросоциального и конкретно-исторического контекста развития личности.</li></ul><h3>3. Практические задачи возрастной психологии</h3><p>Праксиологический (прикладной) блок задач направлен на обеспечение нужд общественной практики:</p><ul><li>Экспликация и верификация объективных возрастных норм психических функций, выявление ресурсов и творческого потенциала человека;</li><li>Проектирование и организация психологических служб систематического контроля (мониторинга) за ходом психического развития и здоровья детей, оказание превентивной помощи родителям;</li><li>Разработка инструментов для осуществления возрастной и клинической диагностики отклоняющегося, дефицитарного или искаженного развития;</li><li>Осуществление функции психологического сопровождения и психологической помощи субъектам в нормативные возрастные кризисные периоды;</li><li>Оптимизация и наиболее содержательная организация учебно-образовательного процесса, проектирование моделей непрерывного образования взрослых (андрагогика).</li></ul>"
47,developmental-psych,3,Структура психологии развития и возрастной психологии. Связь психологии развития с другими науками.,5-7 мин,1. Макроструктура возрастной психологии (основные разделы). 2. Внутрисистемные связи с другими отраслями психологии. 3. Внешние междисциплинарные связи с комплексом естественных и гуманитарных наук.,"<h3>1. Разделы и макроструктура дисциплины</h3><p>Современная возрастная психология представляет собой разветвленную дифференцированную макросистему, состоящую из следующих автономных разделов, изучающих конкретные хронологические этапы:</p><ul><li>Детская психология (охватывающая пренатальный период, кризис рождения, новорожденность и младенческий возраст);</li><li>Психология раннего детства (преддошкольный период от 1 года до 3 лет);</li><li>Психология дошкольника (от 3 до 7 лет) и психология младшего школьника (от 7 до 11 лет);</li><li>Психология подростка (отрочество, от 11 до 15 лет);</li><li>Психология юности (включающая период старшего школьника и поздней юности до 21 года);</li><li>Психология взрослого человека (акмеология зрелого возраста от 21 года до 60 лет);</li><li>Психология позднего возраста (геронтопсихология, изучающая старость от 60–65 лет).</li></ul><h3>2. Внутриструктурные связи с психологическими науками</h3><p>Дисциплина демонстрирует тесное диалектическое единство с отраслями психологического цикла: с <b>общей психологией</b> (прослеживает генезис когнитивных функций); с <b>психологией личности</b> (изучает становление самосознания, самооценки и образа Я); с <b>социальной психологией</b> (фиксирует влияние референтных групп и аттитюдов); с <b>педагогической психологией</b> (анализирует связь содержания обучения и развития); с <b>дифференциальной психологией</b> (изучает межиндивидуальные различия).</p><h3>3. Междисциплинарные связи с другими науками</h3><p>Внешние связи возрастной психологии охватывают: <b>философию</b> (эпистемологические основания категории развития); <b>анатомию и физиологию</b> (морфофункциональный созревающий субстрат ЦНС, высшая нервная деятельность); <b>педагогику</b> (разработка методов воспитания с учетом возрастных нормативов и лимитов).</p>"
48,developmental-psych,4,"Принципы психологии развития: детерминизма, системности, развития, объективности, единства сознания и деятельности, генетический принцип. Основные проблемы психологии развития.",6-8 мин,"1. Объяснительные принципы возрастной психологии в отечественной школе. 2. Содержание принципов детерминизма, системности, развития и объективности. 3. Суть принципа единства сознания и деятельности и генетического принципа. 4. Три сквозные проблемы психологии развития.","<h3>1. Фундаментальные методологические принципы</h3><p>Логика построения исследований и интерпретация фактов онтогенеза опираются на систему объяснительных академических принципов:</p><ul><li><b>Принцип детерминизма:</b> утверждает причинную обусловленность всех психических явлений внешними факторами и социальными условиями жизни. В классической трактовке С. Л. Рубинштейна закон формулируется так: <i>«Внешние причины действуют через внутренние условия»</i>. Психика ребенка обусловлена как биологическим субстратом мозга, так и социокультурной средой.</li><li><b>Принцип системности:</b> требует исследовать психику как сложную, целостную, многоуровневую систему. Нельзя адекватно понять природу личности, просто изолированно изучив отдельные процессы. Все элементы неразрывно связаны межфункциональными связями, образуя качественно новые интегративные свойства.</li><li><b>Принцип развития:</b> подстверждает, что психика всегда изменяется, трансформируется и качественно преобразуется во времени. Наиболее адекватным способом изучения любого психического процесса или свойства является глубокое изучение закономерностей этого генезиса.</li><li><b>Принцип объективности:</b> реализуется в строгом учете различий социально-экономических, исторических, этнопсихологических факторов при сравнении детей по уровню психического развития и обеспечении максимально возможной эквивалентности экспериментальной и контрольной групп.</li><li><b>Принцип единства сознания и деятельности:</b> человек и его индивидуальная психика формируются, перестраиваются и активно проявляются в его деятельности (изначально практической), а потому изучаться они могут, прежде всего, через проявления в такой деятельности.</li><li><b>Генетический принцип:</b> требует проводить изучение психических явлений в процессе их возникновения, становления и изменения, а не в готовом виде. Высшие психические функции изучаются через их постепенное, пошаговое формирование во времени.</li></ul><h3>2. Основные проблемы психологии развития</h3><p>Современное состояние дисциплины характеризуется наличием трех сквозных методологических <b>проблем психологии развития</b>:</p><ul><li><i>Неравномерная изученность возрастов:</i> в академической науке преобладают парциальные характеристики, когда в одних возрастах детально изучено мышление, а в других — личность или специфика общения.</li><li><i>Мало исследованы переходные периоды:</i> дефицит изучения критических точек развития (кризисов) из-за доминирования метода поперечных срезов над сложным продольным лонгитюдным исследованием.</li><li><i>Разрыв теории и практики:</i> слабое и неэффективно использование накопленных академических сведений о лимитах и резервах конкретного возраста при решении задач реальной психологической и педагогической практики.</li></ul>"
49,developmental-psych,5,"Методология, стратегии и методы изучения психического развития человека.",6-8 мин,"1. Основные исследовательческие методы динамики онтогенеза. 2. Научное наблюдение и методика М.Я. Басова. 3. Эксперимент (лабораторный, естественный по А.Ф. Лазурскому). 4. Констатирующий, обучающий и формирующий эксперимент (Л.С. Выготский).","<h3>1. Специфика исследовательских методов</h3><p>Основные методы психологии развития — это способы сбора фактов, выяснения тенденций и динамики психического развития, развернутого во времени. Главным является <b>метод наблюдения</b>. Условиями научного наблюдения выступают: постановка цели, план, выбор ситуации, невмешательство, объективность, систематичность и фиксация результатов. Выдающийся отечественный психолог М.Я. Басов рассматривал объективное наблюдение как основной метод детской психологии. В 1924 г. он предложил методику, направленную против субъективизма: им была составлена схема, соотносившая особенности психических функций ребенка и внешние, доступные регистрации поведенческие моменты (симптомы). Наблюдение организуется как сплошное или выборочное.</p><h3>2. Экспериментальные стратегии и методы</h3><p><b>Эксперимент</b> предполагает активное вмешательство исследователя в деятельность испытуемого для создания контролируемых условий. Выделяют лабораторный эксперимент и <b>естественный эксперимент</b> (идею выдвинул А.Ф. Лазурский), строящийся в виде привычных занятий (дидактическая игра). Исследование может быть констатирующим и формирующим:</p><ul><li><i>Констатирующий эксперимент</i> — направлен на выявление наличного уровня развития психологического качества (тестирование интеллекта).</li><li><i>Обучающее исследование</i> (в зарубежной науке) — строится на сравнении результатов групп, различающихся по объему опыта, полученного в процессе обучения.</li><li><i>Формирующий эксперимент</i> (экспериментально-генетический метод Л.С. Выготского) — состоит в искусственном моделировании процесса психического развития. Его цель — изучение условий происхождения новообразования путем целенаправленного формирования новой способности. Если формирование закономерно приводит к результату, делается вывод о проникновении во внутреннюю сущность развития данной функции.</li></ul>"
50,developmental-psych,6,"Основные категории психологии развития: рост, созревание, дифференциация, научение, запечатление (импринтинга), социализация (культурного социогенеза).",6-8 мин,"1. Понятийное поле интегральных категорий. 2. Категории роста, созревания и дифференциации. 3. Научение как экзогенный процесс. 4. Шесть признаков запечатления (импринтинга). 5. Двунаправленный процесс социализации.","<h3>1. Категории эндогенной регуляции: рост, созревание, дифференциация</h3><p>Для интегральной характеристики онтогенеза используются <b>категории психологии развития</b>, относящиеся к развитию в целом:</p><ul><li><b>Рост</b> — отдельный аспект развития, одномерное количественное рассмотрение процессов, выражающееся в приращении объема (накоплении) признаков, знаний, умений или памяти во времени.</li><li><b>Созревание</b> — биологические процессы, спонтанно протекающие под влиянием эндогенно запрограммированных, наследственно детерминированных импульсов роста (созревание мозга, НС). О созревании говорят, когда внешний опыт или научение не оказывают существенного влияния на изменения. Признаки созревания: аналогичность протекания, возникновение в строго определенном возрасте, нагоняемость, необратимость.</li><li><b>Дифференциация</b> — прогрессивное вычленение разнородных частей из исходного нерасчлененного целого, общее содержание дробления, специализации и автономизации психических функций и способов поведения.</li></ul><h3>2. Категории экзогенной регуляции: научение, импринтинг, социализация</h3><ul><li><b>Научение</b> — обобщенная категория, обозначающая изменения поведения (обретение знаний, запоминание, мотивация) на основе опыта, упражнения или наблюдения. Поскольку источником изменений является внешняя среда, научение противоположно созреванию. Не включает изменения, вызванные утомлением, созреванием или безусловными рефлексами.</li><li><b>Запечатление (импринтинг)</b> — процесс непосредственного, не контролируемого сознанием усвоения норм или способов поведения в результате кратковременного воздействия образца в генетически детерминированный <b>критический период</b>. Признаки импринтинга по К. Лоренцу: внешняя стабильность и необратимость, выучивание видоспецифических (а не личных) признаков, отсутствие потребности во внешнем выражении и пищевом подкреплении во время фазы запечатления.</li><li><b>Социализация (культурный социогенез)</b> — общий процесс влияния социокультурных факторов на развитие в смысле врастания индивида в окружающее общество и культуру. Выделяют две стороны: социальное становление (спонтанное врастание) и социальное формирование (целенаправленная адаптация к нормам). Система саморегуляции формируется в процессе интериоризации социальных установок.</li></ul>"
51,developmental-psych,7,"Понятие развития. Трактовки категории развития в психологии (схема Ю.Н. Карандашева): развитие как рост, как созревание, как совершенствование, как универсальное изменение, как качественное, структурное изменение, как количественно-качественное изменение, как изменение, влекущее за собой новые изменения.",5-7 мин,1. Научное определение развития. 2. Классификация семи трактовок развития по макросхеме Ю.Н. Карандашева. 3. Феномен «лавины изменений» по А. Фламмеру.,"<h3>1. Понятие развития и схема Ю.Н. Карандашева</h3><p>Развитие — это сложный процесс изменений психики во времени, характеризующийся возникновением новых качеств, структур и способов функционирования. Известный исследователь Ю.Н. Карандашев систематизировал существующие в истории науки трактовки категории развития в единую схему:</p><ul><li><i>Развитие как рост</i> — сведение онтогенеза к чисто количественному изменению (накоплению) внешних или внутренних признаков объекта во времени (заимствовано из биологии).</li><li><i>Развитие как созревание</i> — сведение развития к морфологическим изменениям, протекающим под непосредственным и жестким управлением генетического аппарата наследственности.</li><li><i>Развитие как совершенствование</i> — изначально предполагает существование финальной цели, «совершенной» эталонной формы, к которой стремится психическая система.</li><li><i>Развитие как универсальное изменение</i> — выдвигает требование общности изменений: одинаковые трансформации должны иметь место у людей качественно разных культур, языков и вероисповеданий.</li><li><i>Развитие как качественное структурное изменение</i> — связано с пониманием объекта как сложной системы, где перестраиваются внутренние связи между элементами и функциями.</li><li><i>Развитие как количественно-качественное изменение</i> — постулирует неразрывную связь количественных накоплений и их закономерного перехода в новые качественные новообразования.</li><li><i>Развитие как изменение, влекущее за собой новые изменения</i> — современная трактовка, сформулированная А. Фламмером. Развитием признаются только те процессы изменений, которые влекут за собой непрерывную цепную реакцию — «лавину изменений», преобразующую всю психическую жизнь.</li></ul>"
52,developmental-psych,8,"Понимание развития в отечественной психологии. Основные свойства развития: необратимость, направленность, закономерность.",5-6 мин,1. Специфика понимания феномена развития в отечественной психологической школе. 2. Сущность и проявления свойства необратимости. 3. Понятие направленности онтогенеза. 4. Проявление свойства закономерности.,"<h3>1. Качественная специфика отечественного подхода к развитию</h3><p>В отечественной психологической школе развитие понимается не как пассивный рост, механическое созревание или простое накопление опыта, а как сложный процесс необратимых, направленных и закономерных изменений. Этот процесс приводит к возникновению принципиально новых количественных, качественных и структурных преобразований психики, сознания и поведения человека. Развитие трактуется как динамическая надстройка новых уровней и новообразований над предшествующими ступенями.</p><h3>2. Три фундаментальных свойства развития</h3><p>Академическая отечественная наука выделяет три обязательных и взаимосвязанных <b>свойства развития</b>, составляющих ядро онтогенетического процесса:</p><ul><li><b>Необратимость:</b> способность психической системы к постоянному накапливанию изменений и последовательному «надстраиванию» новых уровней над предшествующими. Необратимость выступает как строгое отсутствие возможности полного возврата системы к её предыдущим, прошлым состояниям в их первоначальном, чистом виде. Даже при явлениях регресса психика не возвращается к исходной точке онтогенеза буквально.</li><li><b>Направленность:</b> внутренняя способность развивающейся системы к проведению единой, последовательной, внутренне взаимосвязанной и упорядоченной линии генезиса. Направленность реализуется в непрерывном движении процесса развития от низших, элементарных форм и состояний к высшим, системным, культурным и осознанным структурам психической жизни.</li><li><b>Закономерность:</b> способность системы к обязательному и регулярному воспроизведению однотипных качественных изменений у качественно разных людей. Проявляется как обязательность существования прочных, устойчивых связей между всеми новообразованиями процесса онтогенеза. Именно закономерность позволяет ученым выделять универсальные возрастные нормы и периоды развития.</li></ul>"
53,developmental-psych,9,"Протяженность развития во времени: филогенез, антропогенез, онтогенез, микрогенез.",5-6 мин,1. Понятие временной дистанции в психологии. 2. Сущность филогенеза и антропогенеза. 3. Онтогенез как центральная ось возрастной психологии. 4. Особенности микрогенеза (актуального генеза).,"<h3>1. Временные шкалы онтогенетического процесса</h3><p>Психические изменения и качественные трансформации разворачиваются в рамках качественно различных временных дистанций (шкал), которые в своей совокупности определяют природу человеческой психики:</p><ul><li><b>Филогенез</b> (развитие вида) — предельная временная дистанция, включающая возникновение жизни на Земле, зарождение биологических видов, их изменение, качественную дифференциацию, усложнение нервной системы и преемственность, то есть всю биосоциальную эволюцию от простейших до Homo sapiens.</li><li><b>Антропогенез</b> (развитие человечества) — специфическая часть филогенеза, берущая начало с момента возникновения человека разумного и завершающаяся сегодняшним днем. Включает культурный социогенез: происхождение сознания, языка, орудий труда и личности под влиянием социализации в разных культурах.</li><li><b>Онтогенез</b> (индивидуальное развитие) — центральная временная дистанция длиной в человеческую жизнь. Онтогенез берет свое начало в момент зачатия (формирования зиготы) и полностью завершается концом жизни — биологической смертью.</li><li><b>Микрогенез</b> (актуальный генез) — наиболее короткая временная дистанция, охватывающая краткосрочный период (от долей секунды до нескольких дней), в течение которого протекают актуальные когнитивные процессы (восприятие объекта, консолидация следа памяти, решение мыслительной задачи) или развернутые последовательности действий.</li></ul>"
54,developmental-psych,10,"Области (сферы) психического развития: психофизическая, психосоциальная и когнитивная. Цели психического развития.",5-7 мин,1. Системное понимание областей развития. 2. Характеристика психофизической сферы и её целей. 3. Характеристика когнитивной сферы. 4. Психосоциальная сфера и её роль. 5. Генеральная цель онтогенеза.,"<h3>1. Архитектоника областей развития</h3><p>Человек развивается как целостная, единая система, однако в целях научного анализа и диагностики в онтогенезе выделяют три устойчивые подсистемы (сферы), имеющие свои уникальные цели и показатели зрелости:</p><ul><li><b>Психофизическая область:</b> включает физические характеристики, размеры и форму тела, созревание структур мозга, нервной и мышечной систем, органов чувств, а также сенсорные и моторные (двигательные) навыки. <i>Цель развития</i> — формирование человека как индивида, достижение биологической зрелости и физического здоровья.</li><li><b>Когнитивная область:</b> охватывает познавательное развитие, созревание и функционирование всех умственных способностей. К ней относятся процессы восприятия, памяти, внимания, речи, мышления и воображения. <i>Цель развития</i> — формирование человека как субъекта умственной и практической (трудовой) деятельности, достижение умственной зрелости и высокой обучаемости.</li><li><b>Психосоциальная область:</b> включает качественные изменения в эмоциональной, мотивационной и личностной сферах. Сюда относятся свойства характера, самосознание, образ Я, социальные аттитюды, навыки общения и межличностные отношения в группе. <i>Цель развития</i> — развитие человека как полноценной личности, достижение гражданской и социальной зрелости.</li></ul><h3>2. Интегральная цель психического развития</h3><p>Генеральной и итоговой целью психического онтогенеза является формирование человека как целостного, гармоничного, адаптивного и автономного биосоциокультурного субъекта, способного к непрерывной самореализации, труду и конструктивному общению в обществе.</p>"
55,developmental-psych,11,"Основные теоретические подходы, объясняющие развитие человека: биогенетический подход, социогенетический подход, персоногенетический подход.",6-8 мин,1. Методологическая дифференциация подходов к онтогенезу. 2. Сущность и лимиты биогенетического направления. 3. Характеристика социогенетического подхода. 4. Персоногенетический подход как гуманистическая альтернатива.,"<h3>1. Дифференциация теоретических парадигм</h3><p>В мировой науке объяснение движущих сил, факторов и механизмов онтогенеза традиционно строится в рамках трех магистральных методологических подходов:</p><ul><li><b>Биогенетический подход:</b> рассматривает человека прежде всего как индивида, обладающего определенными антропогенетическими свойствами. Этот индивид проходит жестко фиксированные стадии созревания по мере автоматической реализации филогенетической программы в онтогенезе (закон рекапитуляции Ст. Холла). Роль среды здесь сводится лишь к условию развертывания генов. <i>Лимиты:</i> недооценка социальной активности человека и переоценка жесткого единообразия развития.</li><li><b>Социогенетический подход:</b> акцентирует ведущее внимание на решающей роли социальной среды, культуры, воспитания и механизмов обучения. Наследственные факторы признаются лишь необходимым пассивным фоном, а процесс накопления прижизненного опыта провозглашается главной движущей силой (бихевиоризм Уотсона, теории социального научения Бандуры). Изменения трактуются как количественные при отсутствии качественных скачков.</li><li><b>Персоногенетический подход:</b> ставит во главу угла проблемы активности, самосознания, уникальности и творчества личности, непрестанного поиска смысла жизни и формирования индивидуального характера. Психическое развитие здесь понимается как результат собственного, свободного и осознанного выбора личности, ведомого врожденным стремлением к самоактуализации и реализации своего «Я» (гуманистические концепции А. Маслоу и К. Роджерса).</li></ul>"
56,developmental-psych,12,"Движущие силы и условия психического развития в зарубежной психологии: Концепция рекапитуляции Ст.Холла. Нормативный подход к исследованию детского развития в работах А.Гезелла, Л.Термена.",6-8 мин,1. Становление возрастной психологии на Западе. 2. Биогенетическая концепция рекапитуляции Ст. Холла. 3. Нормативный подход А. Гезелла и закон замедления развития. 4. Психометрические исследования Л. Термена.,"<h3>1. Концепция рекапитуляции Стэнли Холла</h3><p>Американский психолог Стэнли Холл, опираясь на биогенетический закон Геккеля, утверждал, что ребенок в своем психическом развитии от рождения до взрослости полностью повторяет все исторические стадии развития человеческого общества (от первобытной дикости, охоты и собирательства до современной цивилизации). Порядок и скорость смены этих стадий жестко заданы генетически, их невозможно миновать или перепрыгнуть. Механизмом перехода с одной ступени на другую выступает детская игра, дающая выход атавистическим импульсам.</p><h3>2. Нормативный подход Арнольда Гезелла</h3><p><b>Нормативный подход</b> А. Гезелла ориентирован на точное эмпирическое описание достижений ребенка в процессе роста и построение объективных шкал развития моторики, речи и социальных навыков. На основе многолетнего лонгитюдного изучения здоровых и больных детей с применением киносъемки и <b>зеркала Гезелла</b> им был составлен атлас поведения младенца из 3200 фотографий. Гезелл сформулировал <b>закон замедления развития с возрастом</b>: темп и скорость развития максимальны на начальных этапах (в младенчестве) и стремительно падают до минимума к конечным этапам онтогенеза.</p><h3>3. Психометрический подход Люиса Термена</h3><p>Люис Термен в 1916 году стандартизировал тесты Бине, ввел в научный оборот понятие <b>коэффициент интеллекта (IQ)</b> и утверждал, что этот показатель остается стабильным в течение жизни. Им была получена кривая нормального распределения способностей в популяции. Термен осуществил самое длительное в истории лонгитюдное исследование: на протяжении 50 лет он непрерывно прослеживал развитие 1500 одаренных детей (с IQ выше 140), доказывая решающую роль наследственности в жизненном успехе человека.</p>"
57,developmental-psych,13,"Движущие силы и условия психического развития в зарубежной психологии: Бихевиоризм и теория социального научения. Работы Дж.Уотсона, Б.Скиннера, Э.Торндайка.",7-9 мин,1. Механистическое понимание онтогенеза в американской науке. 2. Радикальный бихевиоризм Дж. Уотсона и S-R схема. 3. Концепция оперантного обусловливания Б. Скиннера. 4. Четыре закона научения Э. Торндайка.,"<h3>1. Классический бихевиоризм Джона Уотсона</h3><p>В рамках американского <b>бихевиоризма</b> психическое развитие отождествляется с непрерывным процессом научения под влиянием среды. Джон Уотсон провозгласил предметом науки объективно наблюдаемое поведение (совокупность реакций организма на внешние стимулы). Единицей анализа выступает простейшая <b>схема стимул-реакция</b> (S — R). В поведении человека нет ничего врожденного, кроме простейших эмоций и рефлексов. Траектория онтогенеза полностью детерминирована стимулами среды. Эксперимент с маленьким Альбертом (выработка страха перед белой крысой через громкий удар в гонг) доказал, что базовые эмоции формируются прижизненным условно-рефлекторным путем. В бихевиоризме отсутствует проблема возрастной периодизации: какова среда, таковы и постепенные, количественные законы накопления опыта ребенком.</p><h3>2. Радикальный бихевиоризм Б. Скиннера и законы Э. Торндайка</h3><p>Берхас Скиннер разработал <b>концепция оперантного обусловливания</b>, подчеркнув роль спонтанной собственной активности индивида. Развитие ребенка — это обучение нормативному поведению под влиянием системы подкреплений. Кризисы вызываются такими изменениями среды, к которым у индивида нет адекватного репертуара реакций. Скиннер внедрил метод программного обучения для коррекции поведения. Эдвард Торндайк доказал, что новое поведение отбирается средой по принципу случайных действий на инстинктивной основе, и сформулировал четыре <b>закона научения Торндайка</b>: 1) <i>Закон повторяемости</i> (частота связи S-R прочно закрепляет её); 2) <i>Закон эффекта</i> (действия с положительным подкреплением закрепляются, с отрицательным — угасают); 3) <i>Закон готовности</i> (зависимость от психофизиологического состояния субъекта); 4) <i>Закон ассоциативного сдвига</i> (перенос реакции на сопутствующий раздражитель).</p>"
58,developmental-psych,14,Движущие силы и условия психического развития в зарубежной психологии: Теория трех ступеней детского развития. Карл Бюлер. Этологическая теория. Конрад Лоренц.,6-8 мин,"1. Преформистский подход К. Бюлера и его эволюционная периодизация. 2. Суть инстинкта, дрессуры и интеллекта. 3. Закон функционального удовольствия как движущая сила. 4. Этологическая теория К. Лоренца: ФКД, ВПМ и импринтинг.","<h3>1. Теория трех ступеней Карла Бюлера</h3><p>Австрийский психолог Карл Бюлер настаивал на биологической предопределенности развития и наследственной природе способностей. Согласно его преформистской концепции, каждый ребенок в онтогенезе закономерно проходит три **теория трех ступеней**, отражающие эволюцию видов: 1) <i>Инстинкт</i> — врожденный фонд способов поведения, одинаковый у всех представителей вида (сосание, крик новорожденного); 2) <i>Дрессура (навык)</i> — прижизненно складывающиеся автоматизмы, опирающиеся на упражнение, награды и наказания (здесь возникает детская игра); 3) <i>Интеллект</i> — высшая стадия, приспособление к ситуации путем мысленного обдумывания проблем, совершающееся по принципу инсайта (озарения). Период проявления первичных форм мышления Бюлер назвал термином <b>шимпанзеподобный возраст</b>.</p><p>Движущей силой развития поведения Бюлер считал переход удовольствия 'с конца на начало', сформулировав <b>закон функционального удовольствия</b>: организм испытывает наслаждение от самого процесса успешной деятельности. На уровне инстинкта удовольствие наступает после действия (удовлетворение нужды), на уровне дрессуры — в самом процессе совершения действия (функциональное удовольствие), на уровне интеллекта — предвосхищает решение задачи.</p><h3>2. Эволюционная этологическая теория Конрада Лоренца</h3><p><b>Этология</b> изучает генетически обусловленное поведение в естественной среде. Один из её основателей Конрад Лоренц доказал, что в генотипе заложены **врожденные пусковые механизмы**, которые автоматически распознают ключевые стимулы среды и запускают **фиксированные комплексы действий** — стереотипные, жесткие последовательности актов (ритуалы ухаживания, защита гнезда). Лоренц подробно описал явление, получившее название **импринтинг** — мгновенное, автоматическое и необратимое запечатление в памяти новорожденного признаков первого увиденного движущегося объекта. Импринтинг доказал существование в онтогенезе жестких критических (сенситивных) периодов развития.</p>"
59,developmental-psych,15,Движущие силы и условия психического развития в зарубежной психологии: Теория привязанности Дж.Боулби и М.Эйнсворт. Теория конвергенции двух факторов В.Штерна.,6-8 min,1. Психологическое значение межличностных связей в младенчестве. 2. Концепция объекта привязанности по Дж. Боулби. 3. Типы привязанности по М. Эйнсворт. 4. Теория конвергенции двух факторов В. Штерна.,"<h3>1. Теория привязанности Джона Боулби и Мэри Эйнсворт</h3><p>Межличностные связи, складывающиеся в младенчестве, определяют дальнейший душевный строй личности. Джон Боулби доказал, что в ситуациях потенциальной опасности ребенок ищет близости с матерью (или другим близким взрослым, выступающим как «объект привязанности»). Кровное родство значения не имеет, главная функция объекта — обеспечение защиты и безопасности. Привязанность обусловлена врожденными генетическими механизмами и включает две противоположные тенденции: стремление к познанию внешнего мира (риску) и стремление к защите (безопасности). Чем надежнее привязанность, тем выше познавательная активность ребенка. К концу первого года привязанность интериоризируется, складываясь в рабочую модель — глубинную структуру самосознания.</p><p>Мэри Эйнсворт экспериментально выделила четыре типа привязанности ребенка к матери:<br>1) <i>Надежная (безопасная):</i> ребенок беспокоится при уходе матери, но радуется возвращению и легко успокаивается, уверен в её доступности;<br>2) <i>Избегающая:</i> не проявляет сильных эмоций, кажется независимым, но скрыто испытывает глубокий стресс;<br>3) <i>Тревожно-амбивалентная (неустойчивая):</i> сильно расстраивается при уходе, а при возвращении сопротивляется контакту, одновременно ища близости и отталкивая мать;<br>4) <i>Дезорганизованная (непоследовательная):</i> поведение противоречиво и дезориентировано, часто связано с травматическим опытом.</p><h3>2. Теория конвергенции двух факторов Вильгельма Штерна</h3><p>Вильгельм Штерн предпринял попытку объединить эндогенный и экзогенный подходы, создав <b>теория конвергенции двух факторов</b>. Развитие ребенка не предопределено ни генами, ни условиями жизни по отдельности, а является результатом их постоянного взаимодействия и схождения (конвергенции). Штерн использовал аналогию: «Предрасположенность (наследственность) подобна ручью, направление которого определяется руслом (средой)». Результат их встречи — качественно новое психическое образование. При этом разные факторы могут доминировать на разных этапах онтогенеза.</p>"
60,developmental-psych,16,Движущие силы и условия психического развития в зарубежной психологии: Психоаналитическая теория развития З.Фрейда. Теория развития психики Э.Эриксона. Современная американская психология развития.,7-9 мин,"1. Психосексуальная концепция З. Фрейда и стадии динамики либидо. 2. Эпигенетический подход Э. Эриксона: 8 фаз психосоциального развития. 3. Взгляды представителей современной американской школы (К. Хорни, Л. Кольберг, Дж. Брунер).","<h3>1. Психоаналитическая концепция Зигмунда Фрейда</h3><p>Центральным системообразующим фактором психического развития Зигмунд Фрейд считал психосексуальное созревание, обусловленное динамикой врожденной энергии <b>либидо</b>. В зависимости от перемещения фокуса этой энергии по эрогенным зонам тела, он выделил пять стадий онтогенеза личности: 1) <i>Оральная стадия (0–1 год)</i> — зона в области рта, формы поведения — сосание, кусание; 2) <i>Анальная стадия (2–3 года)</i> — зона в области заднего прохода, интерес к функциям отправления и контролю; 3) <i>Фаллическая стадия (3–6 лет)</i> — зона первичных половых органов, исследование гениталий, осознание половой принадлежности (проживание Эдипова комплекса); 4) <i>Латентная стадия (6–12 лет)</i> — сексуальное влечение временно затухает, энергия сублимируется в учебную деятельность; 5) <i>Генитальная стадия (от 12 лет и старше)</i> — половая зрелость, активизация всех зон, поиск партнера в собственном поколении.</p><h3>2. Психосоциальная эпигенетическая теория Эрика Эриксона</h3><p>Эрик Эриксон положил в основание онтогенеза три процесса: соматическое развитие, social-развитие и созревание социального Я. Его <b>эпигенетическая теория Эриксона</b> разворачивает развитие личности на 8 фаз жизненного пути, каждая из которых характеризуется специфическим психосоциальным кризисом: 1) <i>Младенчество (первый год):</i> первичное доверие или недоверие к миру; 2) <i>Раннее детство (2–3 года):</i> автономия или стыд и сомнение; 3) <i>Дошкольный возраст (4–5 лет):</i> инициатива или чувство вины; 4) <i>Школьный возраст (6–11 лет):</i> трудолюбие или чувство малоценности; 5) <i>Отрочество и юность (12–20 лет):</i> <b>кризис идентичности в юности</b> (личностная индивидуальность или диффузия идентичности); 6) <i>Молодость (20–30 лет):</i> близость (интимность) или изоляция; 7) <i>Средний возраст (30–65 лет):</i> творческое начало (продуктивность) или застой; 8) <i>Поздняя зрелость (после 65 лет):</i> мудрость и целостность личности или отчаяние.</p><h3>3. Современная американская психология развития</h3><p>В рамках неофрейдизма Карен Хорни выделила феномен, который называется <b>базальная тревога</b> (чувство беззащитности ребенка перед миром), возникающий из-за деструктивного поведения родителей. Для защиты Эго ребенок вырабатывает три типа диспозиций: к людям (уступчивость), против людей (агрессия) и от людей (отстраненность). Л. Кольберг разработал теорию развития морали, выделив три <b>уровни развития нравственных суждений</b> (доконвенциональный, конвенциональный, postконвенциональный). Дж. Брунер разработал <b>теория перцептивных гипотез</b>, описав три компонента репрезентации мира (в действиях, образах и словах) и определив интеллект как усвоение культурных знаковых «усилителей» ума. Дж. Доллард в своей теории фрустрации доказал, что блокирование целенаправленных действий ребенка неизбежно ведет к накоплению деструктивной агрессивности в зрелом возрасте.</p>"
61,developmental-psych,17,Движущие силы и условия психического развития в зарубежной психологии: Концепция психического развития Анри Валлона. Теория когнитивного развития Ж.Пиаже.,7-8 мин,"1. Переход от органического к психическому в трудах А. Валлона. 2. Четыре базовых понятия Валлона (эмоция, моторика, подражание, социум) и его психомоторные стадии. 3. Теория когнитивного развития Ж. Пиаже: когнитивный конфликт, ассимиляция, аккомодация и 4 стадии интеллекта.","<h3>1. Диалектическая концепция Анри Валлона</h3><p>Французский ученый Анри Валлон рассматривал онтогенез как волнообразное чередование реакций анаболизма (направлен на изменение внутреннего состояния) и катаболизма (направлен вовне, на изменение среды). Центральное противоречие его трудов — переход от органического к психическому. Чтобы объяснить, как биологическое тело обретает социальный разум, была сформулирована <b>концепция Анри Валлона</b>, объединяющая четыре понятия: 1) <i>Эмоция</i> — появляется раньше всего, объединяет ребенка с социальным окружением и выступает тоническим средством экспрессии; 2) <i>Моторика (движение)</i> — эволюционирует от импульсивности к кинетическим манипуляциям миром под влиянием взрослого; 3) <i>Подражание</i> — выступает мостом при переходе от действия к мысли, помогая ассимилировать социальные модели; 4) <i>Социум</i> — абсолютное условие выживания младенца. Человек генетически социален, и социальное включено в его биологию как необходимость. Переход от стадии к стадии (импульсивная, эмоциональная, сенсомоторная, персонализм, различение, половое созревание) носит характер качественной перестройки активности.</p><h3>2. Теория когнитивного развития Жана Пиаже</h3><p>Швейцарский психолог Жан Пиаже создал одну из ключевых концепций в детской психологии. Его <b>теория когнитивного развития Жана Пиаже</b> описывает генезис интеллекта как процесс активной адаптации ребенка к предметному миру. Движущей силой развития он считал когнитивный конфликт между имеющимися умственными схемами (повторяющимися структурами действий) и новой поступающей информацией. Адаптация осуществляется через два механизма: <b>ассимиляция</b> (действие с новыми предметами на основе уже сложившихся умений) и <b>аккомодация</b> (стремление изменить свои умения в соответствии с изменившимися условиями). Пиаже выделил четыре стадии интеллекта: сенсомоторная (0–2 года) — познание через чувства и действия; предоперациональная (2–7 лет) — символические репрезентации при детском эгоцентризме; конкретных операций (7–11 лет) — логические операции (классификация, серийность), но только с опорой на конкретные предметы; формальных операций (с 11–12 лет) — абстрактное, гипотетико-дедуктивное мышление.</p>"
62,developmental-psych,18,Движущие силы и условия психического развития в отечественной психологии: Культурно-историческая концепция Л.С. Выготского.,6-8 мин,1. Сущность культурно-исторического подхода Л. С. Выготского. 2. Четыре закона психического развития человека. 3. Понятия социальной ситуации развития и возрастного новообразования. 4. Закон появления функций дважды и механизм интериоризации знаков. 5. Обучение и концепция Зоны ближайшего развития.,"<h3>1. Академические законы развития по Л. С. Выготскому</h3><p>Выготский совершил революционный методологический сдвиг, доказав, что развитие ребенка — это не просто биологический, а сложный социальный, культурный и исторический процесс. Им были сформулированы четыре фундаментальных <b>законы психического развития человека</b>: 1) <i>Закон сложной организации во времени</i> (свой ритм, не совпадающий с астрономическим временем); 2) <i>Закон метаморфозы</i> (развитие есть цепь качественных структурных изменений, ребенок — не маленький взрослый); 3) <i>Закон неравномерности возрастного развития</i> (каждая сторона психики имеет свой оптимальный сенситивный период); 4) <i>Закон развития высших психических функций</i> (ВПФ изначально возникают как форма коллективного сотрудничества, а затем становятся внутренними функциями самого человека).</p><h3>2. Категориальный аппарат и механизмы интериоризации</h3><p>Культурно-историческая концепция Выготского строится вокруг трех базовых понятий:<br>• <b>Социальная ситуация развития</b> — складывающееся к началу нового этапа уникальное, исключительное и неповторимое отношение между человеком и окружающей его социальной действительностью. Она выступает исходным моментом для всех возможных изменений.<br>• <i>Новообразование</i> — качественно новый тип личности и взаимодействия человека с действительностью, отсутствующий на предыдущих этапах.<br>• <b>Закон появления функций дважды:</b> всякая функция в культурном развитии ребенка появляется на сцену дважды — сперва в социальном плане как категория интерпсихическая (между людьми), затем в психологическом как категория интрапсихическая (внутри самого ребенка). Все внутренние процессы являются прямым продуктом такого механизма, как <b>интериоризация</b> — они зарождаются в социальных контактах, а затем «вращиваются» в сознание посредством использования культурных инструментов (знаков и речи). Движущей силой развития является обучение, опережающее развитие и осуществляемое в <b>зона ближайшего развития</b> (ЗБР) — области еще не созревших, но находящихся в процессе созревания психических функций, определяющих разницу между самостоятельной работой ребенка и его возможностями при поддержке взрослого.</p>"
63,developmental-psych,19,Движущие силы и условия психического развития в отечественной психологии: Теория деятельности А.Н. Леонтьева.,5-7 мин,1. Предметная деятельность как движущая сила и механизм онтогенеза. 2. Иерархическая структура и уровни активности. 3. Отношения изоморфизма и механизм сдвига мотива на цель. 4. Три главных признака категории «ведущая деятельность».,"<h3>1. Деятельностный подход Алексея Николаевича Леонтьева</h3><p>В отечественной возрастной науке развитие высших психических функций и личности человека понимается не как пассивное созревание или механическое накопление опыта, а как результат активной предметной деятельности. Согласно концепции А. Н. Леонтьева, именно в процессах целенаправленной активности ребенок вступает в социальное взаимодействие с миром людей и предметов, активно присваивая культурно-исторический опыт человечества.</p><h3>2. Иерархическая макроструктура и психологические ряды</h3><p>В теории деятельности выделяется развернутый четырехуровневый план строения активности, образующий <b>структура деятельности Леонтьева</b>:<br>• <i>Деятельность</i> — высший уровень, побуждаемый опредмеченным мотивом (отвечает на вопрос «Ради чего?»);<br>• <i>Действие</i> — процесс, подчиненный достижению сознательной, намеренной цели («Что нужно сделать?»);<br>• <i>Операция</i> — способ выполнения действия, жестко детерминированный конкретными условиями задачи («Как, с помощью чего сделать?»);<br>• <i>Психофизиологические функции</i> — морфофункциональный, органический субстрат ЦНС (врожденные способности чувствовать, запоминать, совершать движения).<br>Между строением внешней предметной активности и мотивационной сферой человека существуют отношения <b>изоморфизма</b> (структурного соответствия). Развитие деятельности строится по закону <b>сдвиг мотива на цель</b>, при котором отдельное действие приобретает самостоятельную побудительную силу, превращаясь в полноценную деятельность.</p><h3>3. Признаки ведущей деятельности</h3><p>Психический онтогенез детерминируется сменой типов активности. <b>Ведущая деятельность</b> — это вид деятельности, осуществление которой на конкретном этапе определяет главные изменения и возникновение центральных новообразований. Она характеризуется тремя признаками: внутри неё зарождаются и дифференцируются новые виды деятельности; в ней наиболее интенсивно развиваются отдельные психические процессы; от неё прямо зависит качественная перестройка личности ребенка в данный период.</p>"
64,developmental-psych,20,Движущие силы и условия психического развития в отечественной психологии: Теория развития Д.Б. Эльконина.,6-8 мин,1. Системное понимание ребенка как целостной личности по Д. Б. Эльконину. 2. Две макросистемы отношений: «ребенок—предмет» и «ребенок—взрослый». 3. Фундаментальный закон периодичности Эльконина. 4. Структурные компоненты психологического возраста.,"<h3>1. Две макросистемы отношений в онтогенезе</h3><p>Даниил Борисович Эльконин развил идеи Л. С. Выготского, предложив рассматривать ребенка как целостную личность, включенную в две системы отношений: «ребенок — общественный предмет» (где вещь заключает в себе исторические способы действий) и «ребенок — общественный взрослый» (где взрослый выступает как носитель мотивов, задач и социальных норм). Деятельность ребенка внутри этих систем образует единый процесс, однако на разных этапах онтогенеза они осваиваются поочередно.</p><h3>2. Закон периодичности Д. Б. Эльконина</h3><p>Эльконин сформулировал <b>закон периодичности Эльконина</b>, согласно которому происходит закономерное, циклическое чередование типов ведущей деятельности, развивающих разные сферы личности:<br>• <i>Первая группа деятельностей (в системе «человек — человек»):</i> непосредственно-эмоциональное общение младенца, сюжетно-ролевая игра дошкольника, интимно-личностное общение подростка. В них преимущественно развивается мотивационно-потребностная сфера.<br>• <i>Вторая группа деятельностей (в системе «человек — предмет»):</i> предметно-манипулятивная деятельность раннего возраста, учебная деятельность младшего школьника, учебно-профессиональная деятельность старшеклассника. В них интенсивно формируются операционно-технические, интеллектуальные возможности.<br>К каждой точке своего развития ребенок подходит с расхождением между тем, что он усвоил из системы отношений людей, и тем, что он освоил из системы действий с предметами. Моменты максимального расхождения порождают возрастные кризисы, после которых идет развитие отстававшей стороны.</p><h3>3. Структура психологического возраста</h3><p>Согласно Эльконину, каждый психологический возраст как устойчивый этап имеет строгую структуру: 1) Уникальная социальная ситуация развития; 2) Ведущая деятельность; 3) Возрастные новообразования (среди которых выделяется центральное); 4) Границы возраста в виде переломных нормативных кризисов.</p>"
65,developmental-psych,21,Движущие силы и условия психического развития в отечественной психологии: Теория А.В. Запорожца. Теория поэтапного формирования умственных действий П.Я. Гальперина.,6-8 мин,1. Развитие восприятия как овладение перцептивными действиями по А. В. Запорожцу. 2. Сущность и интериоризация сенсорных эталонов. 3. Психологический закон усвоения знаний по П. Я. Гальперину. 4. Пять обязательных этапов интериоризации действий.,"<h3>1. Теория перцептивных действий А. В. Запорожца</h3><p>Александр Владимирович Запорожец доказал, что развитие восприятия — это не пассивное созревание рецепторов, а активный процесс овладения перцептивными действиями. В ходе практической деятельности под руководством взрослого ребенок постепенно усваивает общественно выработанные системы сенсорных качеств — <b>сенсорные эталоны</b> (шкала музыкальных звуков, система геометрических форм, цвета). Первоначально обследование объектов идет во внешне-двигательном плане на основе материальных образцов, которые затем интериоризируются, превращаясь во внутренние эталонные представления.</p><h3>2. Теория поэтапного формирования П. Я. Гальперина</h3><p>Петр Яковлевич Гальперин доказал, что знания формируются в уме не до, а непосредственно в процессе применения их на практике. Всякое хорошо освоенное умственное действие — это действие, ранее полностью представленное во внешнем плане. Переход «извне внутрь» совершается строго поэтапно, образуя **теория поэтапного формирования Гальперина**:<br>• <i>1. Этап выявления ориентировочной основы действия (ООД):</i> предварительное ознакомление с заданием, построение мысленного плана;<br>• <i>2. Этап формирования действия в материальном (или материализованном) виде:</i> выполнение действия с реальными предметами, карточками или схемами-заместителями;<br>• <i>3. Этап внешней речи:</i> действие полностью отрывается от предметов и подвергается обобщению благодаря вербализации вслух (устно или письменно);<br>• <i>4. Этап формирования действий во внешней речи про себя:</i> вербальное освоение действия осуществляется без звукового участия во внутреннем плане;<br>• <i>5. Этап формирования действия во внутренней речи:</i> высший этап интериоризации, на котором действие максимально сокращается, автоматизируется и превращается в чистый акт мысли, ход которого закрыт, а известен только конечный продукт.<br>Гальперин оценивал роль мотивации так высоко, что рекомендовал предварять эти стадии специальным этапом формирования адекватной мотивации у учащихся.</p>"
66,developmental-psych,22,"Движущие силы и условия психического развития в отечественной психологии: Теория «первоначального очеловечивания» Соколянский И.А., Мещеряков А.И.",5-6 мин,1. Философско-психологический смысл слепоглухонемоты как модели исследования психики. 2. Сущность периода «первоначального очеловечивания». 3. Формирование жестового общения. 4. Овладение грамматическим строем языка и брайлевской речью.,"<h3>1. Слепоглухонемота как научно-экспериментальная модель</h3><p>Уникальной вехой советской психологической науки стала **теория первоначального очеловечивания**, разработанная Иваном Афанасьевичем Соколянским и Александром Ивановичем Мещеряковым в процессе обучения слепоглухонемых детей в Загорском интернате. Данная концепция экспериментально доказывает решающую роль предметно-практической деятельности и социального взаимодействия в формировании человеческого разума при полном отсутствии врожденного слухового и зрительного анализаторов. Слепоглухонемой ребенок изначально лишен возможности стихийного усвоения человеческой культуры, поэтому его психика рождается исключительно в искусственно воссоздаваемых процессах общения.</p><h3>2. Этапы педагогической системы «очеловечивания»</h3><p>Процесс выведения ребенка из биологического состояния и формирования у него человеческого сознания строится строго по последовательным этапам:</p><ul><li><b>Период первоначального очеловечивания:</b> начальный этап, на котором достигается формирование навыков поведения, направленных на удовлетворение базовых органических нужд. Происходит освоение предметно-практических действий самообслуживания (пользование ложкой, тарелкой, одевание). Главный механизм — совместное разделенное действие, при котором взрослый берет руки ребенка в свои и физически выполняет с ним операцию, пошагово уступая инициативу самому воспитаннику. На этой основе формируются образы предметов.</li><li><b>Формирование специальных средств общения:</b> на базе предметного действия рождается жест. Жесты, обозначающие предметы и действия (например, качание рук как знак сна или поднесение ладони к губам как знак еды), становятся первыми специальными средствами общения, что резко ускоряет психический генезис.</li><li><b>Обучение грамматическому строю речи:</b> переход к словесному языку осуществляется путем составления простого текста. Важнейшим инструментом формирования отвлеченного словесно-логического мышления и самосознания выступает письменная речь в брайлевской форме. Система доказывает, что человеческая психика социально детерминирована.</li></ul>"
67,developmental-psych,23,"Движущие силы и условия психического развития в отечественной психологии: Связь содержания обучения и психического развития. Теория учебной деятельности.(Д.Б.Эльконин, В.В.Давыдов).",6-8 мин,"1. Анализ взаимосвязи обучения и развития в отечественной школе (Выготский, Занков). 2. Понятие и специфика учебной деятельности по Эльконину—Давыдову. 3. Пять структурных компонентов учебной деятельности. 4. Развитие теоретического мышления.","<h3>1. Корреляция содержания обучения и психического развития</h3><p>В отечественной психологии обучение и развитие находятся во взаимосвязи: обучение не просто пассивно следует за созреванием, а активно ведет его за собой, опираясь на зону ближайшего развития. Л. В. Занков доказал, что в процессе обучения возникают не просто знания, а их психологический эквивалент — новообразования в когнитивных структурах (восприятии, речи, воле). Содержание учебных предметов и способы их развертывания определяют тип сознания и мышления, формирующийся у школьников.</p><h3>2. Теория учебной деятельности Д. Б. Эльконина и В. В. Давыдова</h3><p>Учебная деятельность — это ведущий тип деятельности младшего школьника, направленный не на получение практического внешнего продукта, а на усвоение теоретических знаний и общих способов действия. Ребенок ставит перед собой цель и находит пути её достижения через исследование. В основе теории лежит формирование учебной деятельности и её субъекта посредством анализа, планирования и рефлексии. Согласно концепции, <b>учебная деятельность</b> включает в себя жесткую структуру:</p><ul><li><b>Учебная мотивация:</b> стремление овладеть общим способом действия и занять позицию ученика (классифицируется А. К. Марковой на познавательные, социальные, престижные мотивы);</li><li><b>Учебная задача:</b> центральный элемент, задача по открытию общего способа решения целого класса задач («Как сравнить числа?»);</li><li><b>Учебные действия:</b> действия по анализу условий, моделированию понятий и преобразованию материала;</li><li><b>Действие контроля:</b> сопоставление выполняемого процесса с образцом-эталоном;</li><li><b>Действие оценки:</b> определение степени и качества усвоения общего способа решения задачи.</li></ul><p>В результате обучения по системе Эльконина—Давыдова у детей формируется осознанный подход к наукам: они умеют аргументированно отстаивать свою точку зрения, учитывают позицию другого и не принимают информацию на веру, а требуют доказательств.</p>"
68,developmental-psych,24,Понятие возраста. Абсолютный и условный возраст. Биологический и психологический возраст.,5 мин,1. Категориальное определение возраста в психологии. 2. Сущность абсолютного (календарного) возраста. 3. Понятие условного возраста. 4. Характеристика биологического и психологического возраста.,"<h3>1. Понятие возраста в психологии</h3><p><b>Возраст</b> — это конкретная, относительно ограниченная во времени ступень индивидуального развития (онтогенеза) и его развития как биологического вида, характеризуемая совокупностью закономерных, качественно специфических физиологических и психологических особенностей. Возраст не сводится к простому течению времени. Наступление зрелости человека как индивида, личности и субъекта труда (по Б. Г. Ананьеву) не совпадает во времени, что требует разделения категории возраста на четыре измерения:</p><ul><li><b>Абсолютный возраст:</b> также называется календарным или хронологическим возрастом. Он выражается чистым количеством объективных временных единиц (минут, дней, лет), отделяющих момент возникновения объекта (рождения человека) до момента его измерения. Это количественное, абстрактное понятие, обозначающее длительность существования и локализацию во времени.</li><li><b>Условный возраст:</b> также называется возрастом развития. Это период в условной системе отсчета, определяемый относительно других периодов по качественным и количественным признакам психического и соматического созревания (например, по шкалам тестов интеллекта или моторного развития).</li><li><b>Биологический возраст:</b> совокупность признаков, характеризующих текущее биологическое состояние организма, уровень его жизнеспособности и общего здоровья. Он определяется степенью морфологического, физического и гормонального созревания систем органов (костной, мышечной, сердечно-сосудистой).</li><li><b>Психологический возраст:</b> новый уровень умственного, личностного и социального развития человека на определенном возрастном этапе. Он указывает, насколько успешно человек смог адаптироваться к требованиям среды, детерминирует его субъективное самоощущение и внутреннее отношение к собственному возрасту в рамках своей возрастной когорты.</li></ul>"
69,developmental-psych,25,"Понятие возрастной нормы. Основные подходы к определению возрастной нормы: статистический подход, функционально-системный подход, медико-биологический подход. (По Сапоговой Е.Е)",5-7 мин,1. Категориальное определение возрастной нормы. 2. Сущность и математический аппарат статистического подхода. 3. Понятие функционального оптимума в функционально-системном подходе. 4. Критерии медико-биологического подхода.,"<h3>1. Понятие возрастной нормы</h3><p><b>Возрастная норма</b> — это объективный диапазон типичных для конкретного хронологического этапа онтогенеза показателей психического и личностного развития, отражающих полноценное и оптимальное функционирование психики в специфических социальных и культурных условиях. Норма никогда не является статичной точкой, она всегда представляет собой динамический интервал. Известный отечественный исследователь Е. Е. Сапогова выделила три магистральных академических подхода к её экспликации:</p><h3>2. Три подхода к определению возрастной нормы</h3><ul><li><b>Статистический подход:</b> базируется на сборе, квантификации и математическом анализе эмпирических данных о развитии большой репрезентативной группы людей одного возраста. Быть нормальным в рамках данной парадигмы — значит строго соответствовать некоему усредненному стандарту (вычислять <b>среднестатистический норматив</b>). Чем реже в популяции встречается та или иная форма поведения или показатель функции, тем выше вероятность, что её будут квалифицировать как дезадаптивную аномалию.</li><li><b>Функционально-системный подход:</b> рассматривает возрастную норму не как жесткий норматив, а как индивидуальный процесс, определяющий функциональный оптимум деятельности живого организма. Опираясь на учение К. В. Судакова, норма здесь трактуется как интервал оптимального функционирования системы с подвижными границами, в рамках которых сохраняются идеальная связь со средой и внутреннее согласование функций. Возрастная норма понимается как биологический оптимум функционирования, обеспечивающий гибкое адаптивное реагирование на факторы среды при минимальном напряжении.</li><li><b>Медико-биологический подход:</b> основан на многолетнем эмпирическом опыте оценки состояния организма и ЦНС. О норме судят по общепринятым показателям строения тела, антропометрическим и функциональным измерениям органов и систем в покое и при нагрузке. Нормативы претерпевают постоянные изменения под влиянием макросоциальных и экологических детерминант.</li></ul>"
70,developmental-psych,26,Основные подходы к периодизации психического развития в зарубежной и отечественной психологии. Кризисы возрастного развития.,6-8 мин,"1. Понятие возрастной периодизации. 2. Зарубежные подходы (психосексуальный, когнитивный, психосоциальный). 3. Отечественные подходы (Выготский, Божович, Эльконин). 4. Психологическая природа и значение возрастных кризисов.","<h3>1. Подходы к периодизации в психологии</h3><p>Периодизация психического развития — это разделение единого жизненного пути человека на качественно специфические этапы (периоды) в соответствии с объективными законами онтогенеза. В истории науки выделились различные основания для классификации:</p><ul><li><i>Зарубежная психология:</i> Психоаналитический подход (З. Фрейд) строит стадии вокруг зон эрогенности и динамики <b>либидо</b>; Э. Эриксон развернул <b>эпигенетическая теория Эриксона</b> на 8 стадий, завязав их на психосоциальный кризис идентичности; Когнитивный подход (Ж. Пиаже) выделил периоды созревания мыслительных операций (стадия формальных операций и др.).</li><li><i>Отечественная психология:</i> Л. С. Выготский заложил основы, рассматривая смену стабильных и критических периодов; Л. И. Божович акцентировала внимание на стадиях развития личности и формировании внутренней позиции; Д. Б. Эльконин разработал целостную систему, в основе которой лежит <b>закон периодичности Эльконина</b> и смена типов ведущей деятельности.</li></ul><h3>2. Природа возрастных кризисов</h3><p><b>Возрастные кризисы</b> — это закономерные переломные периоды онтогенеза, характеризующиеся резкой психологической перестройкой личности, дезориентацией, эмоциональной неустойчивостью и временной трудновоспитуемостью. Кризисы возникают на стыке двух стабильных возрастов и обусловлены диалектическим противоречием между возникновением новых потребностей ребенка и старыми формами его отношений со взрослыми. Кризисы (кризис рождения, кризис одного года, кризис трех лет, кризис 10 лет и др.) не являются сугубо негативным феноменом, они выступают как необходимый конструктивный этап разрушения старой социальной ситуации развития и порождения новых качественных новообразований психики.</p>"
71,developmental-psych,27,"Факторы психического развития: наследственность, среда и активность. Общая характеристика факторов развития и их соотношение.",5-7 мин,1. Понятие факторов развития. 2. Характеристика наследственности и среды как традиционных детерминант. 3. Самостоятельная активность человека как ведущий отечественный фактор. 4. Диалектическое соотношение и единство факторов.,"<h3>1. Три макрофактора онтогенеза психики</h3><p>Психический генезис человека — это сложная саморазвивающаяся система, которая детерминирована непрерывным взаимодействием трех магистральных движущих сил, образующих <b>факторы психического развития</b>:</p><ul><li><b>Наследственность:</b> биологический фактор, генетическая основа развития, определяющая антропогенетические свойства, анатомическое устройство ЦНС, органов чувств, задатки и индивидуальный тип высшей нервной деятельности. Наследственность задает потенциальные границы и ресурсы организма, но не является жесткой фатальной программой.</li><li><b>Среда:</b> макро- и микросоциальный фактор, совокупность социальных, культурных, экономических, географических и семейных условий, окружающих человека. Среда поставляет идеальные формы культуры и правила жизни, которые индивид активно осваивает. Влияние среды может выступать как стимулирующим, так и деструктивным условием (базальная тревога по К. Хорни).</li><li><b>Активность:</b> ведущий фактор в отечественной методологии. Проявляется в самостоятельной предметной деятельности человека, его стремлении к активному познанию, преобразованию внешнего мира и самого себя. Активность преодолевает пассивную зависимость от генов и давления среды, выступая высшей формой саморегуляции социального поведения.</li></ul><h3>2. Диалектическое соотношение факторов</h3><p>Развитие психики — это не просто сумма или механическое сложение влияния наследственности и среды (критика теории конвергенции В. Штерна). Это сложное диалектическое взаимодействие, где гены определяют потенциальные возможности, среда предоставляет социокультурные средства, а собственная практическая деятельность и активность человека выступают тем связующим звеном, в котором эти возможности реально опредмечиваются, превращаясь в структуры личности.</p>"
72,developmental-psych,28,"Принципы психического развития: принцип устойчивого динамического неравновесия, принцип взаимодействия тенденций к сохранению и изменению (наследственности-изменчивости), принцип дифференциации-интеграции, принцип цельности.",5-7 мин,1. Понятие методологических принципов психического развития. 2. Суть принципа устойчивого динамического неравновесия. 3. Взаимодействие тенденций к сохранению и изменению. 4. Сущность принципов дифференциации-интеграции и цельности.,"<h3>1. Понятие принципов развития</h3><p><b>Принципы психического развития</b> — это общесистемные методологические положения и правила, описывающие внутренние механизмы и характер структурных преобразований психики человека во времени. Они позволяют рассматривать онтогенез как упорядоченный, самоорганизующийся процесс.</p><h3>2. Характеристика четырех фундаментальных принципов</h3><ul><li><b>Принцип устойчивого динамического неравновесия:</b> постулирует, что психическое развитие — это не статичный покой, а непрерывный процесс изменений и постоянный переход от одного состояния к другому в поисках нового динамического баланса. Психическая система всегда находится в движении, а начальным толчком любого витка развития выступает сложный спектр внутренних противоречий, запускающих активность субъекта.</li><li><b>Принцип взаимодействия тенденций к сохранению и изменению:</b> отражает диалектическое единство наследственности и изменчивости. Тенденция к сохранению осуществляется наследственностью, которая без искажений передает базовую информацию из поколения в поколение. Противоположная тенденция к изменению проявляется в приспособлении и пластичности индивида под влиянием факторов конкретной среды обитания.</li><li><b>Принцип дифференциации-интеграции:</b> фиксирует, что развитие психики всегда движется по вектору от состояния относительной глобальности, слитности и нерасчлененности к состояниям большей дифференцированности (вычленения, усложнения) психических функций и их последующей иерархической интеграции в целостную, зрелую систему сознания.</li><li><b>Принцип цельности:</b> показывает меру связности элементов целого и уровень развития его функции. Психика человека развивается как неделимая макросистема: качественные изменения в одной сфере (например, возникновение речи) неизбежно влекут за собой закономерную перестройку всех остальных когнитивных, эмоциональных и личностных процессов.</li></ul>"
73,developmental-psych,29,"Закономерности психического развития: неравномерность, гетерохронность, неустойчивость, сензитивность, кумулятивность, дивергентность-конвергентность хода развития.",6-8 мин,"1. Определение закономерностей онтогенеза. 2. Сущность неравномерности, гетерохронности и неустойчивости. 3. Понятие сензитивности и кумулятивности. 4. Проявление дивергентности и конвергентности в развитии.","<h3>1. Понятие закономерностей психического развития</h3><p><b>Закономерности психического развития</b> — это объективные, устойчивые, повторяющиеся и общие для всех людей особенности протекания онтогенеза, отражающие его внутреннюю логику и колебательный характер.</p><h3>2. Характеристика шести ключевых закономерностей</h3><ul><li><b>Неравномерность:</b> указывает на то, что различные психические функции и свойства развиваются неравномерно. Каждая из них имеет свои индивидуальные стадии подъема, стабилизации и спада (развитию присущ волнообразный, нелинейный характер).</li><li><b>Гетерохронность:</b> асинхронность и несовпадение во времени сроков и темпов созревания различных органов, систем и психических функций (например, структуры мозга, отвечающие за перцепцию, достигают зрелости намного раньше структур, регулирующих теоретическое мышление).</li><li><b>Неустойчивость:</b> развитие никогда не является строго прямолинейным процессом; в ходе онтогенеза всегда возможны периоды временного замедления, застоя, регрессии следов и резких качественных скачков.</li><li><b>Сензитивность:</b> наличие в онтогенезе сенситивных (сензитивных) периодов, для которых характерно оптимальное, наиболее благоприятное сочетание условий среды для развития конкретных психических процессов или свойств (так, раннее детство сензитивно для освоения речи).</li><li><b>Кумулятивность:</b> последовательное накопление и интеграция изменений во времени, при которых новые знания, умения и навыки строятся на основе предыдущих, качественно перестраивая и включая их в состав новых новообразований.</li><li><b>Дивергентность-конвергентность:</b> дивергентность отражает идущее по мере взросления увеличение разнообразия, дифференциации и индивидуализации психических свойств у разных людей. Конвергентность показывает схождение, интеграцию и свертывание этих признаков в единую, целостную структуру индивидуальности.</li></ul>"
74,developmental-psych,30,Предпосылки и условия психического развития. Источники психического развития. Движущие силы психического развития.,5-7 мин,1. Дифференциация понятий детерминации онтогенеза. 2. Сущность предпосылок и условий развития. 3. Социальная среда как источник развития. 4. Внутренние противоречия как движущая сила.,"<h3>1. Система детерминант психического развития</h3><p>В отечественной психологической школе объяснение онтогенеза строится на строгом разграничении понятий, описывающих внешние и внутренние причины изменений психики:</p><ul><li><b>Предпосылки психического развития:</b> это то, что создает объективную возможность развития. К ним относится врожденная генетическая и анатомо-физиологическая основа, свойства нервной системы, задатки, темперамент, а также постепенное биологическое созревание организма.</li><li><b>Условия психического развития:</b> определяют собой те внутренние и внешние постоянно действующие детерминанты, которые, не выступая в качестве прямых движущих сил, тем не менее влияют на него, направляя ход онтогенеза, формируя его динамику и определяя конечные результаты (соотношение конкретных предметов материальной культуры, характер воспитания, специфика взаимоотношений).</li><li><b>Источники психического развития:</b> это то, что запускает и непрерывно поддерживает процесс развития. Единственным источником развития человека выступает социальная среда, культура и накопленный человечеством исторический опыт, который ребенок активно присваивает в процессе социализации.</li><li><b>Движущие силы психического развития:</b> в отечественной психологии движущей силой провозглашаются внутренние диалектические противоречия между растущими потребностями ребенка (потребностью в познании, общении) и реальными возможностями их самостоятельного удовлетворения в существующей социальной ситуации развития. Противоречие разрешается за счет освоения новой ведущей деятельности и перехода на более высокий уровень возраста.</li></ul>"
75,developmental-psych,31,"Структура психологического возраста: социальная ситуация развития, ведущая деятельность, кризис развития, психологическое новообразование.",5-6 мин,1. Понятие психологического возраста в культурно-исторической школе. 2. Сущность и роль социальной ситуации развития. 3. Ведущая деятельность как динамический привод возраста. 4. Диалектическая связь кризисов и новообразований.,"<h3>1. Категориальный аппарат психологического возраста</h3><p>Развивая идеи Л. С. Выготского, отечественная психологическая школа рассматривает возраст не как абстрактное календарное время, а как целостную, динамическую иерархическую структуру. Каждый психологический возраст является специфическим этапом, имеющим строгую архитектонику, состоящую из четырех взаимосвязанных компонентов:</p><ul><li><b>Социальная ситуация развития:</b> система отношений ребенка с окружающим миром, определяющая его место и роль в обществе на данном этапе. Она задает специфические задачи и выступает исходным моментом для всех изменений, возможных в данный период.</li><li><b>Ведущая деятельность:</b> вид деятельности, наиболее значимый для развития психики на данном этапе. Она является основным механизмом психологического развития, запуская и направляя процессы формирования новых психических функций и перестройки личности.</li><li><b>Кризис развития:</b> закономерный переломный период, связанный со сменой ведущей деятельности, разрушением старой и рождением новой структуры личности. Выступает необходимым этапом возрастного развития для перехода на более высокий уровень.</li><li><b>Психологическое новообразование:</b> качественно новые психические свойства, функции и личностные образования, появляющиеся в результате преодоления кризиса и освоения новой ведущей деятельности. Это основной результат развития на данном этапе.</li></ul><h3>2. Циклическая динамика структуры</h3><p>Все четыре компонента взаимосвязаны и взаимообусловлены. Изменение социальной ситуации развития с неизбежностью приводит к смене ведущей деятельности, что влечет за собой возрастной кризис и появление новых психологических новообразований. Это циклический процесс, продолжающийся на протяжении всей жизни человека.</p>"
76,developmental-psych,32,"Проблемы пренатального развития. Психическое развитие ребенка в период новорожденности, значение рефлексов в жизни ребенка. Кризис рождения и кризис новорожденности.",6-8 мин,1. Физиологические и психологические проблемы пренатального периода. 2. Анатомо-физиологический смысл кризиса рождения. 3. Врожденная рефлекторная база новорожденного. 4. Кризис новорожденности и структура комплекса оживления.,"<h3>1. Проблемы пренатального развития и кризис рождения</h3><p><b>Пренатальное развитие</b> (внутриутробное) создает биологические предпосылки онтогенеза. Выделяют <i>физиологические проблемы</i> (задержка внутриутробного развития — гипотрофия, пороки развития, инфекции) и <i>психологические проблемы</i> (стрессы и депрессии матери, нежеланная беременность). Методами контроля выступают неинвазивные (УЗИ) и инвазивные исследования (амниоцентез, кордоцентез). Переход к внеутробной жизни знаменует <b>кризис рождения</b> — кратковременный период адаптации ребенка к воздушной среде (легочное дыхание, терморегуляция).</p><h3>2. Психическое развитие новорожденного и значение рефлексов</h3><p>Психика новорожденного характеризуется недифференцированностью ощущений, слитых с эмоциями. На 2–3 неделе возникает слуховое сосредоточение, на 3–5 неделе — зрительное сосредоточение. Поведение младенца регулируют врожденные <b>рефлексы новорожденного</b>, определяющие мышечный тонус, выживание и служащие для диагностики ЦНС. Они делятся на три группы: 1) <i>Пищевые рефлексы</i> (сосание, глотание, ориентировочный пищевой); 2) <i>Защитные рефлексы</i> (чихание, моргание, кашель); 3) <i>Атавистические рефлексы</i>, угасающие к 3 месяцам (рефлекс Моро, хватательный, автоматическая ходьба, плавание, эффект кукольных глаз).</p><h3>3. Кризис новорожденности и комплекс оживления</h3><p>Верхняя психологическая граница новорожденности составляет 2,5–3 месяца и знаменуется нормативным кризисом. Выходом из него служит появление центрального новообразования — это <b>комплекс оживления</b>. Данная эмоционально-двигательная реакция на появление близкого взрослого знаменует рождение первой социальной потребности — потребности в общении. Комплекс включает 4 компонента: широкая улыбка, вокализации (гуление, лепет), зрительное сосредоточение на лице взрослого и двигательные реакции (вскидывание ручек, прогиб спины — «мостик»).</p>"
77,developmental-psych,33,"Психическое развитие ребенка в период младенчества: социальная ситуация развития, ведущая деятельность, психологические новообразования, общая характеристика развития, развитие психических познавательных процессов. Значение общения со взрослым. Кризис одного года.",7-9 мин,"1. Социальная ситуация развития младенца. 2. Развитие форм общения по М. И. Лисиной. 3. Динамика познавательных процессов (восприятие, память, мышление, предречь). 4. Симптомы и новообразования кризиса одного года.","<h3>1. Социальная ситуация развития и общение младенца</h3><p>Период младенчества (от 3 месяцев до 1 года) характеризуется тем, что <b>социальная ситуация развития младенца</b> строится на остром противоречии: максимальная социальность при минимальных возможностях общения (отсутствии речи). Из этого рождается ведущая деятельность — <b>непосредственное эмоциональное общение</b> со взрослым. По М. И. Лисиной, оно проходит две формы: <i>ситуативно-личностное общение</i> (до 6 месяцев, обмен положительными эмоциями, улыбками) и <i>ситуативно-деловое общение</i> (во втором полугодии, совместные манипуляции с предметами, где взрослый выступает помощником). Дефицит общения ведет к задержке развития (госпитализму).</p><h3>2. Развитие психических познавательных процессов</h3><ul><li><b>Восприятие:</b> в 5–6 месяцев возникает первое целенаправленное хватание предмета рукой. Развивается восприятие формы и глубины пространства.</li><li><b>Память:</b> в 3–4 месяца появляется устойчивое узнавание игрушек, а в 8–12 месяцев — активный поиск предметов, исчезнувших из поля зрения (удержание образа в долговременной памяти).</li><li><b>Мышление:</b> складываются первичные формы наглядно-действенного мышления, ребенок решает задачи путем практических проб и ошибок.</li><li><b>Речь:</b> в первом полугодии развивается гуление (протяжные гласные), во втором полугодии — лепет (повторение слогов: ба-ба, ма-ма) в сочетании с жестами. Активно растет пассивный словарь.</li><li><b>Эмоции:</b> в 7–11 месяцев формируется <b>страх расставания</b> с матерью и тревога при виде незнакомых людей.</li></ul><h3>3. Кризис одного года</h3><p>Младенчество завершается нормативным переломом — это <b>кризис одного года</b>. Он связан с рождением собственной воли ребенка и противоречием с устоявшейся опекой взрослых. Симптомы: трудновоспитуемость, упрямство, капризность, бурный отказ от повседневных действий (кормления, купания). Центральное новообразование кризиса — возникновение <i>автономной речи</i> (аморфных слов-знаков, понятных только близким), что служит мостом к освоению человеческого языка.</p>"
78,developmental-psych,34,"Психическое развитие ребенка в раннем детстве: социальная ситуация развития, ведущая деятельность, психологические новообразования, общая характеристика развития (основные линии развития). Кризис трех лет.",7-9 мин,"1. Социальная ситуация развития и ведущая деятельность. 2. Три магистральные линии развития (прямохождение, предметная деятельность, речь). 3. Различие ручных и орудийных действий по П. Я. Гальперину. 4. Психологический смысл кризиса 3 лет и «семивездие» симптомов.","<h3>1. Характеристика раннего детства (от 1 года до 3 лет)</h3><p>В этот период <b>социальная ситуация развития раннего детства</b> строится вокруг совместной деятельности ребенка со взрослым по поводу предметов. Взрослый выступает образцом человеческих способов действия, а ведущей становится <b>предметно-манипулятивная деятельность</b>. Выделяют три основные линии развития:<br>• <i>Линия прямохождения:</i> автоматизация способов передвижения расширяет возможности ориентировки в пространстве, а мышечное чувство становится мерой отсчета расстояния.<br>• <i>Линия предметной деятельности:</i> переход от функциональных действий к орудийным. П. Я. Гальперин разделил их на <b>ручные действия</b> (предмет — продолжение руки) и <b>орудийные действия</b> (рука подчиняется логике и форме орудия, например, ложки). На этой основе формируется наглядно-действенное мышление и зарождается <b>знаковая функция сознания</b> (использование предметов-заместителей).<br>• <i>Линия развития речи:</i> автономная речь сменяется фразовой. С 2 до 3 лет словарный запас возрастает до 1,5 тысяч слов, речь включается в перцептивные процессы и начинает активно регулировать мышление.</p><h3>2. Кризис трех лет: симптомы и новообразования</h3><p><b>Кризис трех лет</b> — это нормативный перелом социальных отношений, вызванный возникновением в речи слова «Я» и отделением себя от взрослых. Л. С. Выготский описал поведенческий комплекс, получивший название <b>семивездие симптомов кризиса трех лет</b>: <i>негативизм</i> (протест против конкретного взрослого), <i>упрямство</i> (настаивание на своем решении ради утверждения Я), <i>строптивость</i> (протест против домашних порядков в целом), <i>своеволие</i> (стремление к независимости замысла), <i>протест-бунт</i>, <i>обесценивание</i> (игрушек, авторитетов) и <i>деспотизм</i>. Главное позитивное новообразование — комплекс <b>гордость за достижения</b>, выражающийся в острой чувствительности ребенка к успеху своего труда и потребности в признании.</p>"
79,developmental-psych,35,"Психическое развитие дошкольника: социальная ситуация развития, ведущая деятельность, психологические новообразования, общая характеристика развития, развитие психических познавательных процессов.",7-9 мин,"1. Социальная ситуация развития и закон идеальной формы. 2. Развитие познавательной сферы (восприятие, внимание, память, воображение, мышление). 3. Личностный генезис: соподчинение мотивов и эмпатия. 4. Внеситуативные формы общения по М. И. Лисиной.","<h3>1. Социальная ситуация развития дошкольника (от 3 до 7 лет)</h3><p>Ребенок выходит за рамки семьи к миру взрослых. По Д. Б. Эльконину, здесь действует <b>идеальная форма</b> — высший уровень социокультурной реальности, с которой ребенок взаимодействует и моделирует в ведущей деятельности — сюжетно-ролевой игре. В общении со взрослыми (по М. И. Лисиной) складываются внеситуативные формы: <b>внеситуативно-познавательное общение</b> (4–5 лет, вопросы «Почемучки», потребность в уважении) и <b>внеситуативно-личностное общение</b> (6–7 лет, фокус на мире людей и моральных нормах, потребность во взаимопонимании) [1.35].</p><h3>2. Развитие познавательных процессов и личности</h3><ul><li><i>Восприятие:</i> усвоение сенсорных эталонов. В восприятии пространства доминирует <b>эгоцентрическая позиция</b> (оценка отношений только со своей точки зрения).</li><li><i>Внимание и память:</i> развивается произвольность. Память проходит этапы от выделения задачи до овладения логическими приемами (группировка).</li><li><i>Воображение:</i> происходит <b>интериоризация воображения</b> — переход от внешних опор к конструированию образов целиком во внутреннем плане.</li><li><i>Мышление:</i> переход от наглядно-действенного к наглядно-образному мышлению.</li><li><i>Личность:</i> центральное новообразование — <b>соподчинение мотивов</b> (формирование иерархии желаний, где чувство долга сдерживает импульсы). На основе соподчинения мотивов развивается <b>гуманистическая эмпатия</b> (бескорыстное сочувствие) и происходит половая идентификация.</li></ul>"
80,developmental-psych,36,Значение игры для развития ребенка дошкольного возраста. Структура игры. Виды игры. Этапы развития игровой деятельность дошкольника.,6-8 мин,1. Психологическое значение ролевой игры в онтогенезе. 2. Архитектоника структуры игры по Д. Б. Эльконину. 3. Классификация видов игр. 4. Четыре хронологических этапа развития игровой деятельности.,"<h3>1. Архитектоника сюжетно-ролевой игры</h3><p>Игра обеспечивает переход от непроизвольного поведения к произвольному и не создает общественно важного продукта, выступая деятельностью ради удовольствия. Д. Б. Эльконин доказал, что <b>структура игры Эльконина</b> включает в себя: <i>тему</i> (область реальности); <i>сюжет</i> (сценарий событий); <i>роль</i> (моделирование действий взрослых); <i>содержание игры</i> (главный смысловой фокус взрослых, который выделяет ребенок); <i>игровой материал</i> (предметы-заместители); <i>ролевые и реальные отношения</i> (первые диктуются сюжетом, вторые регулируют взаимодействия детей как партнеров). Выделяют творческие игры (сюжетно-ролевые, театрализованные, конструктивные) и игры с правилами (подвижные, настольные) [1.36].</p><h3>2. Четыре этапа развития игры в дошкольном детстве</h3><ul><li><b>Первый этап (3 года):</b> одиночная игра. Содержание — предметные действия в бытовой логике. Роли не обозначены словом, последовательность часто нарушается.</li><li><b>Второй этап (4 года):</b> действия развертываются полнее, роль обозначена словом. Последовательность действий становится жестким правилом. Возникают первые кратковременные объединения (2–3 человека).</li><li><b>Третий этап (5 лет):</b> роли четко распределяются до начала игры. Логика действий определяется ролью и становится основным правилом. Сюжеты социально разнообразны.</li><li><b>Четвертый этап (6–7 лет):</b> коллективный, устойчивый характер игр. Четко выделяется подготовительный этап (выбор темы, отбор материалов). Содержанием игры становится тонкое моделирование реальных социальных отношений и взаимодействий взрослых друг с другом.</li></ul>"
81,developmental-psych,37,Характеристика видов деятельности ребенка дошкольного возраста.,,,"<h3>1. Многообразие видов деятельности дошкольника</h3><p>В дошкольном возрасте ребенок, помимо ведущей сюжетно-ролевой игры, активно осваивает другие виды деятельности, служащие основой его психологического и социального развития: элементарный труд (помощь взрослым, самообслуживание), учебную деятельность (целенаправленное усвоение знаний в рамках предшкольной подготовки), музыкальную и конструирование.</p><h3>2. Специфика продуктивных видов деятельности</h3><p>Особое место в онтогенезе занимают формы продуктивной деятельности (рисование, лепка, аппликация), направленные на создание материального продукта. Л. С. Выготский рассматривал детский рисунок как своеобразный язык ребенка («графический рассказ»). Детское рисование отличается тем, что детям важен сам процесс, а не результат; их рисунки отражают не просто зрительное восприятие, а весь сенсомоторный опыт и представления о предмете (сенсорный эталон). Выделяют две стадии детского рисунка:<br>• <i>Доизобразительная стадия (1,5–3 года)</i> — каракули, случайные моторные метки, где внимание ребенка сосредоточено на самом процессе движения карандаша, а в конце стадии рисункам начинают даваться имена;<br>• <i>Изобразительная стадия (весь дошкольный возраст)</i> — переход от примитивных изображений к 6–7 годам к схематическому, но детальному рисунку, где объекты соотносятся с их реальными качествами (на часах рисуются стрелки и цифры).</p><p>Вторым важнейшим видом является конструирование, развивающее пространственное мышление и мелкую моторику. Выделяют три последовательных вида: <b>конструирование по образцу</b> (постройка по готовому примеру), конструирование по условиям (выполнение задачи по критериям взрослого) и <b>конструирование по замыслу</b> (самостоятельное создание образа результата).</p><h3>3. Психологический механизм восприятия сказки</h3><p>Важнейшим видом деятельности старшего дошкольника выступает <b>восприятие сказки</b>. Герои сказок просты и типичны, а язык прост и загадочен, что стимулирует воображение. Главный психологический механизм заключается в том, что ребенок мысленно становится на позицию героя произведения, активно сопереживая ему, благодаря чему незаметно для себя интериоризует культурные ценности и нормы человеческих отношений.</p>"
82,developmental-psych,38,Особенности общения ребенка дошкольного возраста со взрослыми и сверстниками.,,,"<h3>1. Динамика общения со взрослыми в дошкольном детстве</h3><p>Общение со взрослыми в этом возрасте приобретает внеситуативный характер, выходя за рамки наглядной ситуации. М. И. Лисина выделила две последовательные формы:<br>• <i>Внеситуативно-познавательное общение (4–5 лет):</i> включено в теоретическое познание мира вещей (период «Почемучки»). Взрослый выступает как эрудит («энциклопедия»), а ведущей потребностью ребенка становится потребность в уважении взрослого к его интеллектуальным поискам.<br>• <b>Внеситуативно-личностное общение</b> (6–7 лет): высшая форма общения в дошкольном детстве, центрированная на мире людей, их поступков и моральных норм. Взрослый выступает как личность, а главной потребностью ребенка становится потребность во взаимопонимании и достижении общности взглядов.</p><h3>2. Специфика и типы общения со сверстниками</h3><p>Общение со сверстниками качественно отличается от контактов со взрослыми. Его особенности включают: огромное разнообразие коммуникативных действий, чрезвычайно яркую эмоциональную насыщенность, нестандартность и нерегламентированность контактов, а также явное преобладание инициативных действий над ответными. Контакты развиваются от параллельной игры (в младшем возрасте) к полноценному групповому общению и потребности в дружбе (в старшем возрасте). Выделяют несколько вариантов общения: ориентация на совместную деятельность и её организацию; резкое отделение себя от сверстника с подчеркиванием своих умений; стремление поделиться впечатлениями и выработать общее мнение; и стремление к сотворчеству, переход от серьезного взаимодействия к веселому фантазированию.</p>"
83,developmental-psych,39,Кризис семи лет. Подготовка к обучению в школе. Школьная зрелость и психологическая готовность к обучению. Адаптация к школе.,,,"<h3>1. Психологический смысл кризиса семи лет</h3><p><b>Кризис семи лет</b> — это кризис саморегуляции, знаменующий рождение социального «Я» ребенка. Л. С. Выготский доказал, что главным признаком кризиса является <b>утрата детской непосредственности</b> и наивности: в поведении появляется манерничанье, натянутость и кривляние. Самая существенная черта — начало дифференциации внутренней и внешней стороны личности. Между желанием и поступком вклинивается интеллектуальный момент — внутренние смысловые переживания, что приводит к <b>аффективное обобщение</b> (логике чувств) и внутренней борьбе мотивов. Проявляются специфические <b>симптомы кризиса семи лет</b>: пауза (ребенок временно «не слышит» требований), спор, непослушание, хитрость, карикатурное взрослое поведение и обостренная реакция на критику.</p><h3>2. Компоненты школьной зрелости и психологической готовности</h3><p>На основе новообразований кризиса определяется <b>психологическая готовность к школе</b> — уровень развития, необходимый для освоения программ в группе сверстников. Выделяют три аспекта школьной зрелости:<br>• <i>Интеллектуальная зрелость:</i> дифференцированное восприятие, концентрация внимания, зачатки аналитического мышления, сенсомоторная координация и умение обобщать;<br>• <i>Эмоциональная зрелость:</i> низкий импульс реакций и способность длительное время выполнять непривлекательное задание;<br>• <i>Социальная зрелость:</i> потребность в общении со сверстниками, умение подчиняться правилам групп и принимать роль ученика. Л. И. Божович объединила эти параметры в понятие <b>внутренняя позиция школьника</b> — устойчивую систему познавательных и социальных мотивов учения.</p><h3>3. Физиологическая и психологическая адаптация к школе</h3><p>Процесс физической адаптации первоклассников длится 5–6 недель и включает три этапа, где первый — ориентировочный этап, сопровождающийся бурным напряжением всех систем организма (<b>физиологическая буря</b>). <b>Психологическая адаптация к школе</b> включает три сферы (академическую, социальную, личностную) и разделяется на три уровня успешности: <i>высокий уровень</i> (материал усваивается легко, глубоко, проявляется интерес к самостоятельности), <i>средний уровень</i> (положительное отношение, понимание материала при подробном изложении учителем, добросовестность) и <i>низкий уровень</i> (отрицательное отношение, подавленное настроение, фрагментарное усвоение знаний, потребность в тотальном контроле).</p>"
84,developmental-psych,40,"Общая характеристика младшего школьного возраста: социальная ситуация развития, ведущая деятельность, психологические новообразования, общая характеристика развития.",,,"<h3>1. Социальная ситуация развития младшего школьника</h3><p>Младший школьный возраст охватывает хронологический период от 6–7 до 10–11 лет. Качественно новая <b>социальная ситуация развития младшего школьника</b> характеризуется выходом ребенка из рамок семьи в официальный общественный институт — школу. Ребенок впервые включается в систему общественно значимой и общественно оцениваемой деятельности — учения. Новой референтной фигурой становится учитель, выступающий носителем официальных социальных требований и законов. Отношения со сверстниками приобретают институциональный характер, регулируясь правилами школьного коллектива.</p><h3>2. Психологические новообразования когнитивной и личностной сферы</h3><p>Включение в ведущую учебную деятельность приводит к кардинальной перестройке психики и формирует центральные <b>новообразования младшего школьного возраста</b>:<br>• <i>Произвольность:</i> способность сознательно управлять и регулировать свое поведение, внимание, память и эмоции в соответствии с правилами учения;<br>• <i>Рефлексия:</i> способность осознавать собственные мыслительные действия, анализировать мотивы, логику и причины своих ошибок;<br>• <b>Внутренний план действий</b> — способность выполнять сложные логические операции и планировать этапы решения задач целиком «в уме», без опоры на внешние предметы и практические пробы.</p><p>В когнитивной сфере происходит переход от наглядно-образного к словесно-логическому и теоретическому мышлению. Память становится осмысленной, а внимание — устойчивым (до 30–40 минут). В личностной сфере формируется самооценка, тесно связанная с успеваемостью и отметками учителя, развивается чувство долга и мотивация достижения.</p>"
85,developmental-psych,41,Учебная деятельность как ведущий тип деятельности в младшем школьном возрасте.,,,"<h3>1. Сущность и структура учебной деятельности</h3><p>По Д. Б. Эльконину и В. В. Давыдову, <b>учебная деятельность</b> — это специфический вид активности, направленный не на получение внешнего практического продукта, а на усвоение теоретических знаний и общих способов решения широкого класса задач. Причина её ведущего положения в том, что она детерминирует развитие когнитивной сферы, перестраивает личность и формирует произвольность, рефлексию и внутренний план действий. Согласно теории, она имеет четкую структуру, включающую пять компонентов: учебная мотивация; учебная задача (открытие общего способа действий); учебные действия (анализ, моделирование); контроль (сопоставление с эталоном) и оценка качества усвоения.</p><h3>2. Динамика мотивов учения по А. К. Марковой</h3><p>Успешность выполнения учебной деятельности определяется структурой её побудителей. Выдающийся отечественный ученый А. К. Маркова выделила пять групп мотивов учения:<br>• <i>Познавательные мотивы:</i> направлены на само знание, причинно-следственные связи и любознательность ребенка;<br>• <b>Учебно-познавательный мотив</b> — интерес к самим способам добывания знаний, процессу решения задач и овладению методами теоретического мышления;<br>• <i>Мотивы самообразования:</i> стремление к самостоятельному расширению знаний за рамками школьной программы (встречаются редко);<br>• <i>Социальные мотивы:</i> широкие социальные (стать полезным обществу) и мотивы социального сотрудничества (работа в паре, группе);<br>• <i>Престижная мотивация и мотивы благополучия:</i> <b>престижная мотивация</b> выражается в стремлении к высокой отметке ради признания и похвалы взрослых («хочу быть лучшим»), а мотивы благополучия ориентированы на личный комфорт и избегание наказания («учусь, чтобы родители не ругали»).</p>"
86,developmental-psych,42,Особенности познавательного и личностного развития младшего школьника. Подготовка к переходу в среднюю школу. Предподростковый кризис – кризис 10 лет.,,,"<h3>1. Познавательное и личностное развитие</h3><p>В младшем школьном возрасте мышление определяет работу всех остальных психических функций: память становится логической, а восприятие — аналитическим и целенаправленным. В личностной сфере доминирует мотив достижения успехов, формируются высшие чувства коллективизма, ответственности и долга. Подготовка к переходу в среднюю школу (5 класс) требует сформированности универсальных учебных действий (УУД), саморегуляции и психологической готовности к самостоятельности, которые закладываются внутри ведущей деятельности.</p><h3>2. Предподростковый кризис 10 лет</h3><p>Завершение начальной школы знаменуется переломным этапом — это нормативный <b>кризис 10 лет</b> (предподростковый кризис). Он связан с перестройкой внутренней позиции ученика: ребенок начинает стремиться к признанию себя как автономной личности, а не просто как исполнительного «хорошего школьника». </p><p>Кризис проявляется специфическим комплексом симптомов: снижением успеваемости и потерей интереса к учению как таковому (учеба ради отметки); проявлениями негативизма и упрямства в отношении авторитета учителей и родителей; повышенной самокритичностью и ранимостью при оценке со стороны. В поведении нарастает стремление к автономии и резкий сдвиг интересов в сторону сверстников. По Л. С. Выготскому, кризис 10 лет выступает как «негативная фаза подростничества», обеспечивающая отмирание детских интересов и подготавливающая почву для формирования чувства взрослости.</p>"
87,developmental-psych,43,"Психическое развитие ребенка в период подросткового возраста: социальная ситуация развития, ведущая деятельность, психологические новообразования, общая характеристика развития.",,,"<h3>1. Социальная ситуация развития подростка</h3><p>Подростковый возраст охватывает хронологический период от 10–11 до 14–15 лет. Качественно новая <b>социальная ситуация развития подростка</b> определяется процессами сепарации, эмансипации от взрослых и активным группированием. В этот период происходит кардинальная переориентация: родительский авторитет и опека отходят на второй план, а главным источником ценностей, поведенческих эталонов и морального одобрения становится группа сверстников. Основное противоречие периода заключается в настойчивом стремлении ребенка к признанию своей личности взрослыми при отсутствии реальной социально-экономической возможности утвердить себя среди них на равных правах.</p><h3>2. Ведущая деятельность и центральные новообразования</h3><p>В концепции Д. Б. Эльконина ведущей деятельностью этого возраста провозглашается <b>интимно-личностное общение со сверстниками</b>. Общение выделяется в относительно самостоятельную область жизни, в которой подросток активно экспериментирует со своими отношениями, строит дружбу по «кодексу товарищества» и интериоризует моральные нормы общества. Школа и учеба в психологическом отношении отступают на задний план.</p><p>Центральным и системообразующим новообразованием подростничества является <b>чувство взрослости</b> — субъективное переживание себя как взрослого человека, выражающееся в стремлении к независимости, автономии и копировании внешних атрибутов взрослой жизни. Параллельно интенсивно развивается самосознание, формируется устойчивая Я-концепция (поиск ответа на вопрос: «Кто я?» по Э. Эриксону) и обостряется потребность в рефлексии и самоанализе.</p>"
88,developmental-psych,44,"Подростковый кризис: этапы, развитие, значение.",,,"<h3>1. Фазы подросткового кризиса по Л. С. Выготскому</h3><p><b>Подростковый кризис</b> — это нормативный переломный период онтогенеза, знаменующий переход от детства к отрочеству. Л. С. Выготский выделил три обязательные внутренние фазы этого критического этапа:</p><ul><li><b>Негативная фаза подросткового возраста</b> (10–11 лет): предкризисный этап, характеризующийся ломкой старой системы отношений, первыми признаками сопротивления, падением школьной успеваемости и активным отмиранием старых детских интересов;</li><li><b>Кризисная фаза</b> (13–15 лет): пиковый, максимально острый и конфликтный период взросления, в ходе которого подросток демонстративно отстаивает свои права и стремится полностью вырваться из-под родительского контроля;</li><li><b>Позитивная фаза</b> (17–18 лет): посткризисный этап, характеризующийся более спокойным, осознанным поведением, выстраиванием жизненной перспективы и ценностных ориентаций.</li></ul><h3>2. Гендерная специфика протекания кризиса</h3><p>Кризис имеет выраженные гендерные особенности, зафиксированные в экзаменационных материалах:<br>• <i>У девочек:</i> кризис начинается раньше (10–11 лет), протекает внешне менее конфликтно благодаря гибкости психики. Однако их внутренний мир полон сложных переживаний, сосредоточенных вокруг внешности и недовольства своим телом при формировании женственной фигуры. Часто возникает подражание кумирам и глубокие комплексы на почве безответной романтической влюбленности.<br>• <i>У мальчиков:</i> переходный возраст наступает в 12–13 лет и протекает в открытой, бурной форме. Повышение тестостерона стимулирует конкурентное поведение и проявления силы. Характерны вспышки ярости, грубость со старшими, падение успеваемости, возникновение устойчивых хобби-реакций. Мальчики стремятся утвердить свою крутизну и равенство в мужском мире, а их интерес к противоположному полу имеет выраженную сексуальную составляющую.</p>"
89,developmental-psych,45,Поведенческие реакции в подростковом возрасте. Интимно-личностное общение как ведущая деятельность в подростковом возрасте (работы Д.И.Эльконина).,,,"<h3>1. Классификация подростковых поведенческих реакций</h3><p>Переходность психики и одновременное присутствие черт детскости и взрослости формируют специфические <b>поведенческие реакции подростков</b>, определяющие их социальное приспособление:</p><ul><li><i>Реакция отказа:</i> пассивный отказ от обычных форм поведения (учебы, домашних обязанностей) при резкой перемене привычных условий жизни;</li><li><i>Реакция оппозиции (протеста):</i> демонстративное противопоставление своего поведения требованиям взрослых (прогулы, побеги, кражи, совершаемые как протестные);</li><li><i>Реакция имитации:</i> подражание взрослому или кумиру, черты которого импонируют идеалам подростка;</li><li><i>Реакция компенсации:</i> стремление восполнить свою несостоятельность в одной области (например, неуспеваемость) грубыми, вызывающими выходками в другой сфере ради авторитета у сверстников;</li><li><i>Реакция гиперкомпенсации:</i> упорное стремление добиться успеха именно в той области, в которой подросток обнаруживает наибольшую физическую или психологическую слабость;</li><li><i>Реакция эмансипации:</i> настойчивое стремление подростка к независимости, автономии и полному освобождению из-под опеки и контроля взрослых;</li><li><i>Реакция группирования:</i> острая потребность в образовании спонтанных подростковых групп с жесткой конформностью к внутригрупповому «кодексу товарищества» и ценностям референтной компании.</li></ul><h3>2. Интимно-личностное общение в концепции Д. Б. Эльконина</h3><p>Д. Б. Эльконин доказал, что сознательное экспериментирование с собственными отношениями (поиски друзей, конфликты, примирения) выделяется в подростничестве в самостоятельную область жизни. Стремление подростка занять удовлетворяющее его положение в группе сверстников является главной потребностью периода. Если подросток не может занять значимого места в системе общения в классе, он уходит из школы психологически или буквально. Альтернативная точка зрения Д. И. Фельдштейна гласит, что ведущей является <b>общественно полезная деятельность</b>, однако при отсутствии её педагогической организации подросток уходит в стихийно-групповое интимно-личностное общение.</p>"
90,developmental-psych,46,Когнитивное развитие младших и старших подростков.,,,"<h3>1. Качественные сдвиги в структуре мышления</h3><p>Развитие познавательных процессов в подростковом возрасте имеет две стороны — количественную (интеллектуальные задачи решаются легче, быстрее и эффективнее) и качественную (сдвиги в структуре мыслительных процессов). Согласно Ж. Пиаже, подросток переходит на <b>стадия формальных операций</b>. Он осваивает мыслительные операции на логическом уровне, обретает способность оперировать гипотезами при решении задач, анализировать абстрактные идеи и искать ошибки в абстрактных суждениях. Это детерминирует возникновение интереса к философским, политическим и этическим проблемам, закладывая фундамент мировоззрения.</p><h3>2. Качественная перестройка восприятия, памяти, речи и внимания</h3><ul><li><i>Восприятие и память:</i> усложнение школьных программ развивает способность воспринимать косвенные признаки предметов (чтение чертежей, сечения объемных фигур). В организации мнемических процессов происходит сдвиг в отношениях между памятью и мышлением: теперь именно мышление определяет функционирование памяти. Запоминание сводится к установлению логических связей, активно развивается логическая память, а механическое заучивание замедляется.</li><li><i>Воображение и речь:</i> воображение подростка становится неотъемлемой частью психической жизни и выполняет регуляторную (защитную) функцию, снимая внутреннее напряжение через уход в мир фантазий («игра, переросшая в фантазию» по Л. С. Выготскому). В речи происходит переход к способности самостоятельно готовить устное выступление, вести рассуждения и аргументировать мысли (развитие монологической и письменной речи).</li><li><i>Внимание:</i> внимание подростка становится хорошо управляемым, контролируемым процессом. Оно носит избирательный характер и сильно зависит от направленности интересов. Подросток способен долго удерживать произвольное внимание в значимой для него деятельности (спорт, хобби).</li></ul>"
91,developmental-psych,47,"Психическое развитие в период ранней юности: социальная ситуация развития, ведущая деятельность, психологические новообразования, общая характеристика развития.",,,"<h3>1. Социальная ситуация развития в ранней юности (от 15 до 18 лет)</h3><p>Период ранней юности (старший школьный возраст) составляет часть развернутого перехода от детства к самостоятельной взрослой жизни. Психологический критерий вхождения в юность связан с резкой сменой внутренней позиции (по Л. И. Божович): если подросток смотрит на будущее с позиции настоящего, то юноша смотрит на настоящее с позиции будущего. Происходит расширение временного горизонта, устремленность в будущее и построение жизненных перспектив становится аффективным центром жизни. Социальная ситуация развития определяется как «порог» самостоятельной жизни, где молодой человек сталкивается с необходимостью выбора дальнейшего пути (завершение или продолжение образования, вступление в трудовую жизнь) в условиях изменяющегося макросоциума.</p><h3>2. Ведущая деятельность и психологическая готовность к самоопределению</h3><p>В психологических периодизациях Д. Б. Эльконина и А. Н. Леонтьева ведущей деятельностью признается учебно-профессиональная деятельность. Учение в старших классах приобретает новую направленность и избирательность, ориентированную на планируемую профессию. И. В. Дубровина уточняет, что к моменту окончания школы формируется <b>готовность к самоопределению</b>. Это не завершенные структуры, а определенная психологическая зрелость личности, обеспечивающая возможность её самостоятельного и ответственного роста сейчас и в будущем.</p><p>Центральными новообразованиями ранней юности провозглашаются: предварительное личностное и профессиональное самоопределение, формирование целостной Я-концепции, становление мировоззрения как системы обобщенных представлений о мире, а также сдвиг эмоциональной сферы к большей устойчивости, ровному тонусу и развитию высших чувств (эмпатии, сопереживания).</p>"
92,developmental-psych,48,Профессиональное и личностное самоопределение.,,,"<h3>1. Выстраивание жизненных планов и «открытие Я»</h3><p>Важнейшим фактором развития в ранней юности является стремление старшеклассника строить жизненные планы. О жизненном плане в точном смысле слова можно говорить лишь тогда, когда в него включены не только цели (стиль жизни, род занятий), но и способы их достижения на основе оценки собственных ресурсов. Л. С. Выготский рассматривал жизненные планы как показатель овладения личностью своим внутренним миром и целевую регуляцию нового типа. Основой планирования служит существующая в обществе модель «типичного жизненного пути» (принцип своевременности социальных шагов). Л. С. Выготский отводил центральную роль процессу «открытия Я» — открытию собственного уникального и неповторимого мира мыслей, чувств и переживаний, что приводит к развитию рефлексии, углубленному самоанализу и постановке задач самосовершенствования и самовоспитания.</p><h3>2. Процесс формирования идентичности по Э. Эриксону</h3><p>В западной психологии самоопределение обозначается как процесс формирования идентичности. Э. Эриксон рассматривал поиск личностной идентичности (сознания тождественности и непрерывности своего Я во времени) как центральную задачу взросления. Молодому человеку необходимо объединить свойства семейных, гендерных и профессиональных ролей в непротиворечивую целостность. Нормативный <b>кризис идентичности в юности</b> включает ряд противостояний: временная перспектива или расплывчатое чувство времени, уверенность в себе или застенчивость, экспериментирование с ролями или фиксация на одной роли. </p><p>Неудача на этом пути ведет к ролевому смешению — возникает <b>диффузия идентичности</b>, для которой характерна диффузия времени (ощущение цейтнота или пустоты), застой в работе (неспособность продолжить обучение или выбрать труд) и отрицательная идентичность (презрение к предлагаемым обществом ценностям и ролям). Чтобы защитить юношество, общество предоставляет <b>психосоциальный мораторий</b> — санкционированный интервал времени для безопасных профессиональных и социальных ролей.</p>"
93,developmental-psych,49,Особенности психического развития в период ранней взрослости.,,,"<h3>1. Психофизиологические и социальные критерии возраста</h3><p>Период ранней взрослости (молодость) хронологически охватывает границы от 18–22 до 30 лет. Выдающийся отечественный психолог Б. Г. Ананьев сформулировал для этого этапа закон, согласно которому в онтогенезе наблюдается явное <b>несовпадение видов зрелости</b>: моменты наступления физической зрелости (индивид), гражданской зрелости (личность), умственной зрелости и общей трудоспособности (субъект деятельности) кардинально не совпадают во времени. Выравнивание и интеграция этих параметров наступают только к началу ранней зрелости. В молодости функционирование костной, мышечной и сердечно-сосудистой систем достигает своего пикового оптимума (к 25 годам). Главными жизненными детерминантами выступают создание собственной семьи, освоение родительских ролей отца или матери и вхождение в выбранную профессию.</p><h3>2. Когнитивный и личностный генезис</h3><p>В когнитивной сфере ранняя взрослость характеризуется пиком развития познавательных функций и высокой обучаемостью. Мышление носит комплексный характер при высоком уровне интеграции теоретического и практического ума. В эмоционально-мотивационной сфере, согласно Э. Эриксону, центральным выступает разрешение конфликта между близостью (интимностью) и изоляцией. Близость понимается как единение двух идентичностей без утраты своей уникальности. Набирает силу мотив самоутверждения. Развитие в профессии сопровождается нормативными переломами, образующими <b>кризисы профессионального развития</b>: <i>кризис профессиональных экспектаций</i> (несовпадение идеальных ожиданий и трудовой реальности на этапе адаптации) и <i>кризис профессионального роста (23–25 лет)</i>, вызванный неудовлетворенностью первыми результатами труда.</p>"
94,developmental-psych,50,Особенности психического развития в период средней взрослости.,,,"<h3>1. Хронологические рамки и ССР средней взрослости</h3><p>Период средней взрослости (средняя зрелость) охватывает стабильный жизненный отрезок от 30 до 40–45 лет. Социальная ситуация развития характеризуется максимальной включенностью личности в макроструктуру общественных отношений, активной профессиональной деятельностью и стабилизацией семейной жизни. Труд занимает доминирующую позицию, выступая главным источником человеческих чувств, смысложизненных ориентаций и социального статуса. На этот этап приходится пик профессиональной продуктивности, преемственности опыта и мастерства.</p><h3>2. Психологическая характеристика когнитивной и личностной сферы</h3><ul><li><i>Когнитивная сфера:</i> наблюдается высокая стабильность и сохранение работоспособности интеллектуальных функций. Снижение отдельных психофизических параметров (скорости реакций) успешно компенсируется за счет накопленного опыта, профессиональных навыков и системности мышления. Человек умеет оценивать информацию в обширном жизненном контексте.</li><li><i>Личностная сфера:</i> происходит корректировка и переоценка сложившейся системы ценностей в трех сферах: личной, семейной и профессиональной. Я-концепция обогащается новыми образами с учетом изменения социальных ролей (взросление детей, уход за престарелыми родителями). Важную роль начинает играть зрелая дружба.</li><li><i>Профессиональные кризисы периода:</i> на этом этапе личность сталкивается со специфическими переломами: <i>кризис профессиональной карьеры (30–35 лет)</i> — стабилизация ситуации, порождающая неудовлетворенность должностным статусом, и <i>кризис социально-профессиональной самоактуализации (40–42 года)</i> — острое осознание остановки в развитии и застоя, требующее мобилизации сил.</li></ul>"
95,developmental-psych,51,Кризис середины жизни.,,,"<h3>1. Природы и причины кризиса середины жизни</h3><p><b>Кризис середины жизни</b> (или кризис 40 лет) — это долговременное нормативное психоэмоциональное состояние переоценки своего жизненного опыта, возникающее в возрасте от 35 до 55 лет. Он имеет глубокие объективные причины и предполагает существенную перестройку личности с учетом изменения положения человека в обществе. Перед личностью остро встают экзистенциальные вопросы самоопределения: «Ту ли профессию я выбрал? Чего я реально достиг?». Кризис детерминируется комплексом причин: подведением итогов первой половины жизни и осознанием нереализованности многих юношеских мечтаний; физиологическими изменениями и ухудшением здоровья; семейными изменениями (взрослением детей — синдром «пустого гнезда», разводами) и профессиональным выгоранием или рутиной.</p><h3>2. Поведенческие симптомы и психологическое значение перелома</h3><p>Кризис манифестирует специфическими симптомами: потерей стойкого интереса к привычной работе и хобби; чувством глубокого одиночества, изоляции и непонятности близкими; резкими перепадами настроения, раздражительностью или депрессивными состояниями; острой потребностью в радикальных переменах (смена профессии, внешности, круга общения). </p><p>Психологическое значение кризиса середины жизни бинарно. Самым опасным является состояние застоя, при котором прогрессивного развития личности не происходит, а импульсивный побег от реальности ведет к неврозам. Напротив, разумная, осознанная переоценка ценностей и чувство неуспокоенности приводят к глубинному обновлению личности, росту удовлетворенности жизнью и создают благоприятные предпосылки для гармоничного перехода к поздним возрастам онтогенеза.</p>"
96,developmental-psych,52,Специфика самореализации в профессиональной деятельности. Возрастно-психологическая специфика обучения в зрелых возрастах.,,,"<h3>1. Специфика самореализации в зрелом возрасте</h3><p><b>Самореализация личности</b> среднего возраста представляет собой сложную функциональную систему, определяющую успешность преодоления застоя и профессионального выгорания. Выделяют две основные формы самореализации:<br>• <i>Внешняя форма:</i> направлена на самовыражение в профессии, творчестве, любительском спорте или общественно-политической деятельности;<br>• <i>Внутренняя форма:</i> обеспечивает непрерывное самосовершенствование человека в физическом, интеллектуальном, нравственном и духовном аспектах.<br>Среди видов проявления самореализации в возрасте 35–45 лет выделяют деятельностную (достижение высшей профессиональной компетенции), социальную (выполнение гуманитарной, общественно-полезной и общественно-педагогической миссии) и личностную (развитие потенциала ответственности, креативности и инициативности). Базовыми условиями самореализации выступают анатомо-физиологические, психологические и макросоциальные факторы.</p><h3>2. Возрастно-психологическая специфика обучения взрослых (Андрагогика)</h3><p>Изучение нового материала после 30–40 лет качественно отличается от школьного или студенческого обучения, подчиняясь законам андрагогики:</p><ul><li><b>Опора на жизненный и профессиональный опыт:</b> накопленный социальный опыт выступает главным фильтром и базой для встраивания новых знаний;</li><li><b>Прикладной характер (практика вместо зубрежки):</b> взрослый человек должен четко понимать, зачем ему новые знания и где конкретно в своей практике он сможет их применить;</li><li><b>Элективность и самостоятельность:</b> взрослый обучающийся сам выбирает цели, сроки и формы обучения, заставить его учиться насильно невозможно. Процесс требует критичности и возможности неспешного анализа информации. При этом сохранение высокой интеллектуальной активности в привычной работе может временно сочетаться с трудностями при овладении принципиально новыми видами деятельности.</li></ul>"
97,developmental-psych,53,Психологическое содержание старости как этапа жизненного пути. Выход на пенсию как условное начало старости. Эмоциональные переживания в старости. Смерть и умирание.,,,"<h3>1. Психологическое содержание периода геронтогенеза</h3><p>Старость (наступающая после 60–65 лет) рассматривается в психологии как заключительный период человеческой жизни. Он связан с отходом от активного участия в производительном труде общества. Это один из самых парадоксальных периодов: «последние вопросы бытия» (по М. М. Бахтину) требуют от личности разрешения противоречия между колоссальным жизненным опытом, мудростью и нарастающей физической немощью. Согласно Э. Эриксону, содержание старости колеблется между приобретением интегративной целостности личности (принятием своего единственного жизненного пути как должного) и переживанием глубокого отчаяния от того, что жизнь близится к концу, а времени для начала новой жизни не осталось. Высшим новообразованием периода выступает жизненная мудрость.</p><h3>2. Выход на пенсию и динамика эмоциональной сферы</h3><p>Выход на пенсию является условной границей старости. Он переживается индивидуально: для одних людей это болезненный маркер потери своей социальной полезности и крах смыслообразующего фактора (сопровождается депрессией, падением материального статуса), для других — долгожданная перспектива посвятить время хобби и семье. В эмоциональной сфере отмечается общее ослабление интенсивности чувств (новые впечатления теряют яркость), нарастает привязанность к прошлому и власть воспоминаний. Часто преобладают такие модальности, как тревога, грусть, раздражение и недовольство. Физиологическое старение отражается в сознании как болезненное состояние, человек начинает чувствовать свое тело «как невозможность им пользоваться» (Лопес Ибор).</p><h3>3. Стадии приспособления к смерти по Э. Кюблер-Росс</h3><p>Осознание приближения смерти побуждает к реконструкции прошлого. Элизабет Кюблер-Росс выделила 5 универсальных <b>стадии принятия смерти</b>, последовательно проходимых человеком:<br>1) <i>Отрицание:</i> отказ признать факт скорой кончины, поиск иных диагнозов;<br>2) <i>Гнев:</i> состояние острой фрустрации, возмущение и ярость из-за разрушения планов;<br>3) <i>Торг:</i> попытка договориться с судьбой, врачами или Богом посредством обещаний или молитв;<br>4) <i>Депрессия:</i> потеря интереса к жизни, глубокое отчаяние и скорбь;<br>5) <i>Принятие:</i> человек мирится со своей судьбой, в его душе устанавливается мир, покой, и он спокойно доживает последние дни.</p>"
98,developmental-psych,54,Характеристика личности пожилого человека. Характеристика познавательной активности человека в старости.,,,"<h3>1. Особенности личности пожилого человека</h3><p>Личностная сфера в позднем возрасте претерпевает существенные изменения. Временная жизненная перспектива сужается: особую значимость приобретает то, что происходит «здесь и теперь», хотя главные события жизни пожилой человек по-прежнему относит к прошлому. Меняется структура мотивации — исчезает потребность в ежедневном обязательном труде, многие начинают жить «одним днем», наполняя его простыми бытовыми заботами. Наблюдается заострение черт характера, которые ранее маскировались: могут ярче проявляться обидчивость, капризность, раздражительность, замкнутость и острое, болезненное чувство одиночества (даже при проживании в большой семье с внуками).</p><h3>2. Характеристика познавательной активности в позднем возрасте</h3><p>В процессе старения отмечается общее снижение психической активности: сужается объем восприятия, затрудняется сосредоточение и распределение внимания, замедляются психомоторные реакции. Память страдает неравномерно: в большей степени ухудшается кратковременное запечатление текущих событий при высокой сохранности долговременных воспоминаний детства. Сохранной остается логико-смысловая память. Возрастает время на ориентировку в новой информации, падает познавательная гибкость.</p><p>Интеллектуальные изменения в старости исчерпывающе описывает <b>двухкомпонентная модель интеллекта</b> Р. Кеттелла:<br>• <i>Подвижный интеллект:</i> врожденная способность решать принципиально новые проблемы, скорость обработки информации. Он биологически детерминирован созреванием ЦНС и с возрастом закономерно падает;<br>• <i>Кристаллизованный интеллект:</i> объем накопленных за долгую жизнь системных знаний, образования, широты кругозора и культурного опыта. Этот компонент сохраняется на стабильно высоком уровне и продолжает расти даже после достижения 70-летнего рубежа, компенсируя психомоторное замедление и выступая когнитивной опорой мудрости старого человека.</p>"
