discipline_id,title,content,sort_order
general-psych,"1. Предмет, функции и принципы психологии","<h3>Проблема предмета психологии</h3><p>Психология является полипредметной наукой: её предмет закономерно трансформировался в процессе исторического развития. В V-VI вв. до н.э. она зарождалась как <b>наука о душе</b> (Аристотель). В XVII веке, с появлением метода интроспекции, она развивалась как <b>наука о сознании</b> (В. Вундт, Р. Декарт). В начале XX века бихевиоризм провозгласил её <b>наукой о поведении</b>. В современной науке предметом изучения выступают объективные законы, механизмы и структуры человеческой психики.</p><h3>Основные функции психики</h3><p>Отечественная психологическая наука выделяет четыре ключевые функции психики:<br>1. <b>Когнитивная (психическое отражение)</b> — активное, правильное отражение объективной реальности, преломляющееся через индивидуальность человека и носящее опережающий характер.<br>2. <b>Коммуникативная</b> (Б.Ф. Ломов) — обеспечение полноценного общения и взаимодействия между живыми существами.<br>3. <b>Регулятивная</b> — управление и регуляция поведения и практической деятельности человека.<br>4. <b>Функция творческой активности</b> (Я.А. Пономарев) — созидание нового, уникальная функция, присущая исключительно человеку.</p><h3>Научные принципы психологии</h3><p>Теоретические исследования и практика опираются на три фундаментальных академических принципа:<br>• <b>Принцип детерминизма</b> — признание причинной обусловленности психических явлений внешними факторами и социальными условиями жизни.<br>• <b>Принцип системности</b> — требование исследовать психику как целостное, многоуровневое образование, элементы которого неразрывно связаны.<br>• <b>Принцип развития (генетический)</b> — изучение психических процессов в их динамике, онтогенезе и филогенезе, отслеживание качественных изменений во времени.</p>",0
general-psych,2. Функции психики и феномен психического отражения,"<h3>Природа психического отражения</h3><p><b>Психическое отражение</b> — это сложный, динамический и изменчивый процесс активного воссоздания характеристик окружающей среды в структуре нервной системы субъекта. В отличие от зеркального или физического отражения (которое пассивно и мёртво), психическая форма отражения субъективна по носителю и объективна по содержанию. Любое внешнее воздействие среды всегда преломляется через ранее сформированный жизненный опыт, внутренние фильтры, установки и текущие состояния человека. Именно поэтому один и тот же стимул может качественно по-разному отражаться разными людьми.</p><h3>Фундаментальные характеристики психического отражения</h3><p>Академическая психология выделяет пять ключевых свойств перцептивного и ментального отражения реальности:<br>• <b>Активность</b> — психика не просто регистрирует сигналы, а непрерывно ищет информацию, выдвигает гипотезы и меняет структуру образа в процессе деятельности.<br>• <b>Субъективность (преломление через индивидуальность)</b> — мир воспринимается сквозь призму личностных смыслов, мотивов, эмоций и уникальной биографии человека.<br>• <b>Правильность (адекватность)</b> — отражение обеспечивает объективно верное понимание реальности, достаточное для успешного выживания и адаптации особи.<br>• <b>Опережающий характер</b> — способность психики прогнозировать ход будущих событий, просчитывать результаты действий до их физического начала (эффект опережающего отражения реальности).<br>• <b>Способность к совершенствованию</b> — перцептивные образы и понятийные структуры развиваются, усложняются и становятся более точными в процессах обучения и накопления опыта.</p><h3>Эволюционные формы отражения в филогенезе</h3><p>В зависимости от уровня развития живой материи, выделяют следующие исторические формы отражения:<br>1. <i>Физико-химическое отражение</i> (присуще неживой природе и простейшим) — механические следы, изменение структуры под воздействием физических сил.<br>2. <i>Биологическое отражение</i> (раздражимость) — способность живых организмов реагировать на биологически значимые воздействия среды (например, тропизмы у растений).<br>3. <i>Психическое отражение</i> (чувствительность по А.Н. Леонтьеву) — способность реагировать на биологически нейтральные, но несущие сигнальную функцию раздражители (звук, свет, запах). Высшей формой психического отражения является человеческое <b>сознание</b>.</p>",1
general-psych,3. Научные принципы и фундаментальные проблемы психологии,"<h3>Методологические принципы психологии</h3><p>Академические исследования и психологическая практика базируются на трех китах отечественной методологии, которые определяют логику научного познания:<br>1. <b>Принцип детерминизма</b> — утверждает, что все психические явления причинно обусловлены. В трактовке С.Л. Рубинштейна этот закон формулируется как «внешние причины действуют через внутренние условия». Психика человека детерминирована не только биологическими факторами (устройством нервной системы), но и социокультурной средой, воспитанием и обучением.<br>2. <b>Принцип системности</b> — требует исследовать психику как целостную, многоуровневую систему. Нельзя понять природу личности, просто изучив отдельные процессы (память или эмоции). Все элементы связаны межфункциональными связями, образуя качественно новые интегративные свойства.<br>3. <b>Принцип развития (генетический)</b> — постулирует, что любое психическое явление можно адекватно понять только в процессе его непрерывного изменения, динамики и перехода от простых форм к сложным. Психика изучается в филогенезе (эволюция видов) и онтогенезе (развитие отдельного человека).</p><h3>Категориальный строй психологии</h3><p>Научное знание структурируется вокруг базовых понятий. Психологическая наука опирается на три уровня категорий:<br>• <i>Философские</i> (отражение, бытие, сознание, материя);<br>• <i>Общенаучные</i> (система, структура, функция, развитие, элемент);<br>• <i>Общепсихологические</i> (психика, деятельность, личность, мотив, образ, общение).</p><h3>Теоретические и практические задачи науки</h3><p>Фундаментальные задачи психологии (по С.Л. Рубинштейну) направлены на раскрытие законов зарождения и функционирования психической реальности. Прикладные и практические задачи (по Б.Ф. Ломову) включают в себя создание методов психологической помощи, оптимизацию условий труда, психологическое сопровождение образования и разработку развивающих программ.</p><h3>Четыре сквозные проблемы психологии</h3><p>В процессе теоретических споров в науке сформировались четыре ключевые проблемы, вокруг которых строятся все дискуссии:<br>• <b>Психофизиологическая проблема</b> — вопрос о соотношении психических явлений и их материального субстрата (как идеальные мысли связаны с физиологической работой головного мозга).<br>• <b>Психосоциальная проблема</b> — исследование механизмов взаимодействия биологического (природного) и социального (культурного) факторов в структуре человеческой личности.<br>• <b>Психопрактическая проблема</b> — изучение взаимосвязи психики и практической деятельности человека (как внутренний мир направляет поступки и как сама деятельность меняет сознание).<br>• <b>Психогностическая проблема</b> — вопрос о степени адекватности, точности и полноты отображения объективной реальности в чувственных и умственных образах человека.</p>",2
general-psych,4. Отрасли психологии и классификация наук,"<h3>Место психологии в системе наук (Треугольник Кедрова)</h3><p>Уникальное академическое положение психологии в системе научного знания наглядно описывает классификация наук, предложенная отечественным философом <b>Б.М. Кедровым</b>. Он разработал схему в виде треугольника, вершины которого представляют три главные группы наук:<br>1. <i>Естественные науки</i> (изучающие природу и физический мир);<br>2. <i>Общественные / гуманитарные науки</i> (изучающие социум, культуру и историю);<br>3. <i>Философские науки</i> (изучающие общие законы бытия и познания, включая логику).</p><p><b>Психология</b> занимает центральное, междисциплинарное место внутри этого треугольника, выполняя функцию интегратора. Она неразрывно связана с естествознанием через изучение биологических основ психики (работы головного мозга и органов чувств), с гуманитарными науками — через исследование личности в социуме, и с философией — через проблемы сознания и познания мира.</p><h3>Критерии классификации отраслей психологии</h3><p>Из-за широты своего предмета современная психология представляет собой разветвленную систему дисциплин. В качестве главных оснований для выделения отраслей выступают: <b>цель деятельности</b> (теоретическая или практическая), <b>субъект развития</b> (возраст, профессия, норма или патология) и <b>характер деятельности</b> человека.</p><h3>Академические подходы к классификации отраслей</h3><p>В учебном процессе студенту-психологу необходимо четко дифференцировать три ведущие классификационные системы:<br>• <b>Классификация по Березанской</b> делит науку на четыре уровня: 1) <i>Общая психология</i> (фундамент, изучающий общие законы психики); 2) <i>Фундаментальные специальные отрасли</i> (изучают конкретный аспект психической реальности, например, возрастная или дифференциальная психология); 3) <i>Междисциплинарные специальные отрасли</i> (возникшие на стыке наук, например, психофизиология и психогенетика); 4) <i>Прикладные отрасли</i> (связанные с практикой, например, психология спорта или рекламы).<br>• <b>Классификация К.К. Платонова</b> группирует отрасли по трем магистральным направлениям: 1) <i>По характеру труда и деятельности</i> (инженерная, авиационная, военная, медицинская психология); 2) <i>По развитию психики</i> (сравнительная психология животных, возрастная психология, специальная психология дефектологии); 3) <i>По принципу отношения личности и общества</i> (социальная психология и психология личности).<br>• <b>Официальная классификация ВАК РФ</b> (Высшей аттестационной комиссии) необходима для научно-исследовательской работы и защиты диссертаций. Она закрепляет строгие научные специальности, среди которых: общая психология и история психологии, психология развития, социальная и политическая психология, медицинская (клиническая) психология, педагогическая психология, юридическая психология, а также организационная психология и психология труда.</p>",3
general-psych,5. Классификация методов психологии (по С.Л. Рубинштейну и Б.Г. Ананьеву),"<h3>Методологическое значение классификации методов</h3><p>Метод исследования в психологии — это путь и способ научного познания, с помощью которого устанавливаются объективные факты, закономерности и механизмы психики. Поскольку психология находится на стыке естественных и гуманитарных наук, её инструментарий чрезвычайно широк. Для упорядочивания этого инструментария в отечественной науке были разработаны две фундаментальные классификационные системы, созданные С.Л. Рубинштейном и Б.Г. Ананьевым.</p><h3>Классификация методов по С.Л. Рубинштейну</h3><p>Сергей Леонидович Рубинштейн исходил из сформулированного им <i>принципа единства сознания и деятельности</i>. Он утверждал, что психика не просто проявляется, но и формируется в процессе практической деятельности. На основе этого он выделил две основные группы методов:<br>1. <b>Метод наблюдения</b> — целенаправленное, систематическое изучение человека на основе восприятия его внешних действий и поступков в естественных условиях. Делится на внешнее (объективное) наблюдение и самонаблюдение (интроспекцию).<br>2. <b>Метод эксперимента</b> — активное вмешательство исследователя в деятельность испытуемого с целью создания контролируемых условий для проверки научной гипотезы. Рубинштейн разделял его на лабораторный (в искусственных условиях аппаратуры) и естественный (проводимый в привычной для человека среде, например, в классе во время урока).</p><h3>Комплексная классификация по Б.Г. Ананьеву</h3><p>Наиболее развернутой и общепринятой в академической среде является классификация Бориса Герасимовича Ананьева. Он объединил все методы психологического познания в четыре сквозные магистральные группы, соответствующие этапам любого научного исследования:<br>• <b>I. Организационные методы</b> — определяют общую стратегию и логику построения исследования. Сюда входят: <i>сравнительный метод</i> (сопоставление данных разных групп, например, мнемических процессов у дошкольников и школьников); <i>лонгитюдный метод</i> (длительное, многолетнее прослеживание динамики психики одних и тех же лиц); <i>комплексный метод</i> (изучение объекта силами разных наук — психологии, физиологии, социологии).<br>• <b>II. Эмпирические методы</b> — служат для непосредственного сбора первичных научных данных. Включают подгруппы: обсервационные (наблюдение и самонаблюдение); экспериментальные (лабораторный, естественный и формирующий эксперимент); психодиагностические (тесты стандартизированные и проективные, опросники, анкетирование); праксиметрические (анализ продуктов деятельности, хронометрия рабочих движений); биографические (анализ фактов, жизненных документов и событий жизненного пути человека); моделирование (математическое, кибернетическое воссоздание структуры психических процессов).<br>• <b>III. Методы обработки данных</b> — используются для качественного и количественного анализа собранного эмпирического материала. Сюда относятся методы математической статистики (количественный анализ, факторный анализ, корреляционный анализ) и методы качественного описания (контент-анализ текстовых материалов, типологизация).<br>• <b>IV. Интерпретационные методы</b> — теоретические способы осмысления и объяснения причин выявленных закономерностей. Ананьев выделяет: <i>генетический метод</i> (объяснение явлений через раскрытие вертикальных связей в их развитии, филогенезе и онтогенезе) и <i>структурный метод</i> (описание горизонтальных связей между частями и целым, определение места функции в целостной структуре личности).</p>",4
general-psych,"6. Наблюдение как метод психологии: виды, требования и ограничения","<h3>Сущность научного наблюдения</h3><p><b>Наблюдение</b> — это метод целенаправленного, систематического и преднамеренного восприятия внешних проявлений психики человека или животных в естественных условиях среды. Оно относится к обсервационной группе эмпирических методов. В отличие от житейского, научное наблюдение всегда опирается на строгую исследовательскую программу, имеет четкую цель, гипотезу и систему фиксации фактов. Исторически наблюдение за поведением приматов в естественной среде или видеозапись движений новорожденного в первые дни жизни становились отправными точками для фундаментальных открытий в науке.</p><h3>Основные виды наблюдения</h3><p>В зависимости от позиции исследователя и характера организации процедуры, выделяют следующие виды наблюдения:<br>• <i>По позиции наблюдателя</i>: включенное (экспериментатор становится активным членом изучаемой группы) и скрытое / невключенное (исследователь изучает объект со стороны, не обнаруживая себя).<br>• <i>По степени стандартизации</i>: структурированное (проводится по жестко заданной схеме с готовыми бланками регистрации конкретных актов поведения) и свободное (фиксируются любые проявления без жестких рамок).<br>• <i>По месту проведения</i>: полевое (в естественных условиях жизни, школы или труда) и лабораторное (в специально созданных условиях, часто с использованием зеркала Гезелла или видеокамер).<br>• <i>По регулярности</i>: систематическое (проводится регулярно в течение заданного периода) и эпизодическое (фиксируются кратковременные или уникальные феномены).<br>• Separate-видом выступает <b>самонаблюдение (интроспекция)</b> — изучение субъектом собственных психических процессов, состояний и переживаний. Самонаблюдение является важным показателем уровня развития самосознания человека, но носит субъективный характер.</p><h3>Академические требования к научному наблюдению</h3><p>Для обеспечения объективности данных, метод требует неукоснительного соблюдения следующих правил:<br>1. <b>Целенаправленность</b> — перед началом процедуры формулируются четкая цель и задачи, вытекающие из научной гипотезы.<br>2. <b>Систематичность и многократность</b> — наблюдение должно проводиться неоднократно через определенные интервалы времени, чтобы исключить влияние случайных факторов.<br>3. <b>Естественность условий</b> — испытуемый должен находиться в привычной для себя обстановке и, как правило, не должен знать, что за ним наблюдают (для исключения эффекта реактивности).<br>4. <b>Обязательное ведение дневника</b> — фиксация фактов должна осуществляться непосредственно в процессе наблюдения или сразу после его окончания по строго фиксируемой схеме.<br>5. <b>Объективность и верифицируемость</b> — наблюдатель должен фиксировать только реальные, поведенческие факты (действия, слова, мимику), а не свои личные интерпретации или домыслы. Проверка объективности достигается повторными наблюдениями или привлечением независимых экспертов.</p><h3>Достоинства и критические недостатки метода</h3><p><b>Главное достоинство</b> метода заключается в возможности изучать психические явления в их естественном, подлинном виде, без искусственного искажения со стороны аппаратуры или лабораторных инструкций.<br><b>Основные недостатки:</b><br>• Пассивная позиция исследователя — экспериментатор вынужден ожидать, пока интересующее его психическое явление или действие произойдет само по себе, и не может ускорить этот процесс.<br>• Проблема высокой субъективности интерпретации — на результаты сильно влияют личностные особенности самого наблюдателя: его функциональные качества (внимательность, память), характер, темперамент и личные предубеждения.<br>• Ретроспективные искажения в истории индивида (аналоге медицинской истории болезни), когда биография человека восстанавливается по его воспоминаниям и записям после начала проблем, что неизбежно ведет к упущению важных фактов.</p>",5
general-psych,"7. Эксперимент в психологии: переменные, виды и схемы А.Р. Лурия","<h3>Сущность и специфика психологического эксперимента</h3><p><b>Эксперимент</b> — это самый эффективный и строгий метод психологического исследования, суть которого заключается в активном, целенаправленном вмешательстве экспериментатора в деятельность испытуемого. В отличие от метода наблюдения, где исследователь занимает пассивную позицию, в эксперименте ученый сам создает, дозирует и изменяет условия протекания психических процессов, чтобы проверить причинно-следственную гипотезу и выяснить точные взаимосвязи между изучаемыми переменными.</p><h3>Понятийный аппарат экспериментального метода</h3><p>Для организации и грамотной интерпретации результатов эксперимента используется строгая академическая терминология:<br>• <b>Гипотеза</b> — научно обоснованное утверждение о возможной причинно-следственной связи между явлениями, подлежащее обязательной проверке.<br>• <b>Переменная</b> — любой психический, поведенческий или внешний фактор, участвующий в исследовании и способный принимать различные количественные или качественные значения.<br>• <b>Независимая переменная</b> — фактор, которым экспериментатор целенаправленно манипулирует, изменяет или дозирует (например, количество часов без сна, доза лекарства, сложность инструкции). Она не зависит от действий участников.<br>• <b>Зависимая переменная</b> — психический процесс или поведенческая реакция, которая изменяется под влиянием независимой переменной. Она является функцией от независимой переменной (например, объем кратковременной памяти, скорость реакции).<br>• <b>Экспериментальная группа</b> — выборка испытуемых, в работе с которыми присутствует или целенаправленно изменяется изучаемое условие (независимая переменная).<br>• <b>Контрольная группа</b> — группа, находящаяся в максимально идентичных условиях, но в ней полностью отсутствует изучаемое воздействие. Сравнение средних арифметических (статистических мер) этих двух групп позволяет доказать, что разница «статистически значима» и заслуживает доверия, а не возникла случайно.<br>• <b>Многофакторный эксперимент</b> — сложное исследование, в котором ученый одновременно манипулирует несколькими независимыми переменными.</p><h3>Классификация видов эксперимента</h3><p>По условиям проведения и степени контроля за факторами эксперимент разделяют на три основных вида:<br>1. <b>Лабораторный эксперимент</b> — проводится в специально оборудованных помещениях с использованием точной аппаратуры (например, метод психических реакций: простой, сенсорной, моторной, реакции выбора). Обеспечивает максимальную чистоту контроля переменных, но искажает естественность поведения.<br>2. <b>Естественный эксперимент</b> (впервые предложен А.Ф. Лазурским) — проводится в привычных для испытуемого условиях (например, школьный класс во время урока, рабочее место). Испытуемые не догадываются о своей роли, что сохраняет естественность реакций при частичном контроле условий.<br>3. <b>Формирующий (психолого-педагогический) эксперимент</b> — метод активного обучения и развития, при котором исследователь не просто фиксирует наличный уровень психики, а целенаправленно проектирует, конструирует и формирует определенные качества или ВПФ в процессе специально организованного взаимодействия.</p><h3>Виды эксперимента в классификации А.Р. Лурия</h3><p>Выдающийся отечественный психолог Александр Романович Лурия выделил три специфических методологических подхода к реализации экспериментальных задач:<br>• <b>Эксперимент как метод структурного анализа</b> — направлен на выделение, расчленение и детальный анализ внутренней психологической структуры сложного психического процесса (например, как устроена высшая регуляция внимания или мышления).<br>• <b>Эксперимент как экспериментально-генетический метод</b> — используется для прослеживания стадий развития психической функции во времени методом возрастных срезов или в процессе её непосредственного генезиса.<br>• <b>Эксперимент как экспериментально-патологический метод</b> — классический инструмент патопсихологии и нейропсихологии. Заключается в сравнительном анализе комплекса изменений и распадов психической деятельности при локальных поражениях головного мозга или психических заболеваниях, что позволяет глубже понять устройство здоровой психики.</p><h3>Достоинства и недостатки метода</h3><p><b>Достоинства:</b> возможность выявления подлинных причинно-следственных связей; точный количественный учет условий; возможность повторения (репликации) исследования; сбор данных на больших выборках.<br><b>Недостатки:</b> искусственность условий в лаборатории (снижение экологической валидности); высокая стоимость оборудования; этические ограничения на манипуляцию личностью человека; сильное влияние личности экспериментатора и его ожиданий на испытуемых.</p>",6
general-psych,8. Метод тестов в психологии: психометрика и проективные техники,"<h3>Сущность тестового метода в психологии</h3><p><b>Тест</b> (в переводе с английского — проба, испытание) — это краткое, стандартизированное, ограниченное во времени психологическое испытание, предназначенное для установления межиндивидуальных различий в сравнительных величинах. Метод тестов относится к группе корреляционных исследований. Он позволяет собирать колоссальные объемы данных о психологических особенностях больших групп людей с минимальным отрывом их от повседневных дел и без применения сложной лабораторной аппаратуры. Важно помнить, что в отличие от эксперимента, выявляющего жесткие причинно-следственные связи, метод тестов фиксирует лишь наличие статистических взаимосвязей (корреляций) между переменными.</p><h3>Фундаментальные психометрические критерии</h3><p>Любая научная тестовая методика должна обладать тремя ключевыми психометрическими характеристиками, определяющими точность и научную обоснованность её результатов:<br>• <b>Стандартизация</b> — обеспечение единообразия всей процедуры проведения и оценки выполнения методики. Она включает унификацию инструкций, бланков, временных рамок и условий проведения. С другой стороны, стандартизация означает создание объективной шкалы для интерпретации результатов: сырые баллы испытуемого всегда сравниваются с нормами, полученными эмпирическим путем при обследовании репрезентативной выборки стандартизации.<br>• <b>Надежность</b> — критерий, отражающий постоянство, устойчивость, воспроизводимость и согласованность результатов теста при его повторном применении на одних и тех же испытуемых (например, метод «тест-ретест» через временной интервал или метод расщепления теста на четные и нечетные задания).<br>• <b>Валидность</b> — комплексная характеристика, отражающая пригодность методики для измерения именно того психического свойства, качества или процесса, для оценки которого она создавалась. Тест признается валидным, если он действительно измеряет задекларированный автором конструкт, а не сопутствующие факторы.</p><h3>Академическая классификация тестов</h3><p>В отечественной традиции (по Б.Г. Ананьеву) тесты классифицируют по предмету диагностики и способу реализации:<br>1. <i>Тесты достижений</i> — направлены на объективную оценку уровня овладения конкретными учебными или профессиональными знаниями, умениями и навыками.<br>2. <i>Собственно психологические тесты</i>, которые по содержанию делятся на три класса:<br>• <b>Тесты способностей</b> — измеряют уровень развития отдельных психических функций и сенсомоторных качеств (памяти, внимания, пространственного воображения);<br>• <b>Тесты интеллекта</b> — направлены на оценку общего уровня умственного развития (например, культурно-свободный тест Р. Кеттелла, шкала Векслера, тест структуры интеллекта Амтхауэра);<br>• <b>Личностные тесты</b> — изучают устойчивые свойства личности. Они реализуются в виде личностных опросников (факторный опросник 16PF Р. Кеттелла, опросник ИТДО Л.Н. Собчик, многофакторный опросник MMPI) или шкал темперамента (методика Д. Кейрси).<br>3. <i>Социально-психологические тесты</i> — предназначены для оценки межличностных отношений в группах (например, метод социометрии).</p><h3>Специфика и виды проективных техник</h3><p>Особое место занимают <b>проективные тесты</b>, при работе с которыми испытуемому предлагается реагировать на неопределенную, многозначную или слабоструктурированную стимульную ситуацию. В основе этого метода лежит психологический механизм <i>проекции</i> — бессознательное наделение других людей, предметов или сюжетов собственными скрытыми мыслями, подавленными переживаниями, мотивами, комплексами и чертами характера. Характер ответов и фантазий человека детерминирован структурой его уникальной личности, которая проецируется на стимульный материал.</p><p>Классические проективные методики делятся на несколько типов:<br>• <i>Методики интерпретации</i>: Тест тематической апперцепции (<b>ТАТ</b>), где испытуемому необходимо составить развернутые динамические рассказы на основе двусмысленных сюжетных картинок. Позволяет выявить базовые психогенные потребности личности (в достижении, аффилиации, доминировании).<br>• <i>Методики структурирования</i>: <b>Тест Роршаха</b>, требующий интерпретации неопределенных симметричных чернильных пятен. Оценивает особенности восприятия и эмоционально-волевой сферы.<br>• <i>Экспрессивные (рисуночные) методики</i>: Тест «Рисунок несуществующего животного», «Дом-Дерево-Человек». Проекция личностных смыслов и скрытых страхов осуществляется через особенности графического изображения, нажим карандаша и пространственное расположение рисунка.</p><h3>Достоинства и недостатки метода тестов</h3><p><b>Достоинства</b>: оперативность сбора данных, стандартизация оценок, независимость результатов от личных симпатий исследователя, легкость математико-статистической обработки.<br><b>Недостатки</b>: опасность поверхностного тестирования («навешивания ярлыков»); уязвимость опросников к феномену социальной желательности ответов (испытуемые сознательно пытаются выставить себя в более благоприятном свете); жесткие требования к профессиональной этике и квалификации психолога.</p>",7
general-psych,9. Методы опроса и этика психологических исследований,"<h3>Сущность и специфика опросных методов</h3><p><b>Методы опроса</b> — это группа эмпирических методов, основанных на получении первичной психологической информации через вербальное (устное или письменное) взаимодействие между исследователем и испытуемым. Опрос опирается на субъективный самоотчет участников. Главная методическая сложность здесь заключается в том, что ответы людей могут подвергаться искажениям из-за защитных механизмов психики, неточных воспоминаний или стремления соответствовать социальным ожиданиям. Выделяют три ведущих вида опроса: беседа, анкета и социометрический опрос.</p><h3>1. Метод беседы и его академические модификации</h3><p><b>Беседа</b> — это метод сбора научных фактов о психических явлениях в процессе непосредственного личного общения по специальной программе. Она может быть стандартизированной (с жестким списком вопросов) или свободной. <br>Академические требования к беседе включают: установление доверительного («раппорта») контакта между испытуемым и экспериментатором; проведение встречи в максимально естественной и непринужденной обстановке; безупречное владение программой беседы и проявление высочайшего такта. В истории науки выделились две классические модификации:<br>• <i>Психоаналитическая беседа З. Фрейда</i> — проводится в свободных, неструктурированных условиях. Исследователь через метод свободных ассоциаций и интерпретацию неосознанно высказанных фактов или оговорок пытается выявить скрытый источник психологических травм в бессознательном.<br>• <i>Клиническая беседа Ж. Пиаже</i> — метод глубокого качественного анализа мышления и психических процессов ребенка. Её уникальность в том, что сама беседа гибко перестраивается по ходу исследования: экспериментатор меняет вопросы в зависимости от того, как именно ребенок отвечает на предыдущие задания, бережно нащупывая логику детского мышления.</p><h3>2. Анкетирование</h3><p><b>Анкета</b> — метод массового сбора данных на основе письменного самоотчета испытуемых по специально разработанной программе. Вопросы анкеты должны быть предельно краткими, четкими, однозначными и строго соответствующими целям исследования. Они делятся на открытые (где испытуемый сам пишет текст) и закрытые (с выбором готовых вариантов).</p><h3>3. Метод социометрии</h3><p><b>Социометрия</b> (разработанная Дж. Морено) — это метод социально-психологического тестирования, предназначенный для экспресс-диагностики статусной иерархии и структуры межличностных отношений в малых группах. Процедура осуществляется путем постановки косвенных вопросов-выборов (критериев). Отвечая на них, испытуемый производит выбор членов своей группы, с которыми он предпочел бы оказаться в определенной жизненной или рабочей ситуации (например: «Кого из класса ты пригласил бы на день рождения?»).<br>В результате математической обработки данных психолог рассчитывает социометрические индексы и строит карту группы (социограмму). Метод позволяет наглядно выявить скрытые микрогруппы, а также зафиксировать статус каждого участника: лидеров («звезд» группы), предпочитаемых, игнорируемых (ноль выборов) и отвергаемых (получивших отрицательные выборы).</p><h3>Этика психологических исследований</h3><p>Проведение любых психологических изысканий жестко регламентировано международными и отечественными этическими кодексами. Этика — это не просто формальность, а гарантия безопасности и психологического благополучия испытуемых. К базовым этическим принципам относятся:<br>• <b>Принцип уважения и конфиденциальности</b> — личные данные и результаты тестирования ни при каких обстоятельствах не могут быть разглашены без личного согласия участника. Информация кодируется под номерами.<br>• <b>Принцип информированного согласия</b> — испытуемый должен быть заранее в общих чертах ознакомлен с целями, процедурой исследования и возможными рисками. Он имеет полное право отказаться от участия на любом этапе.<br>• <b>Принцип «Не навреди» (благополучие клиента)</b> — эксперименты не должны вызывать у человека стойкий стресс, дезадаптацию или психологические травмы. Если в ходе исследования (например, при изучении конформизма) использовался обман, то на этапе дебрифинга (финальной беседы) психолог обязан полностью раскрыть карты и восстановить эмоциональное равновесие участников.</p>",8
general-psych,10. Общая характеристика и классификация ощущений,"<h3>Понятие об ощущении и его физиологическая основа</h3><p><b>Ощущение</b> — это простейший психический процесс, заключающийся в отражении изолированных (отдельных) свойств предметов и явлений объективного мира, а также внутренних состояний организма при их непосредственном воздействии на органы чувств. Ощущения выступают начальным этапом познания, «входными воротами» для поступающей информации, на базе которых строятся более сложные ВПФ (восприятие, память, мышление).</p><p>Анатомо-физиологической основой ощущений является деятельность <b>анализаторов</b> (понятие введено И.П. Павловым). Каждый анализатор представляет собой сложный трехчастный нервный механизм, состоящий из следующих звеньев:<br>1. <i>Периферический отдел (рецептор)</i> — специализированный орган чувств (например, сетчатка глаза, сетка кожных рецепторов), трансформирующий физическую или химическую энергию внешнего раздражителя в нервный импульс.<br>2. <i>Проводниковый отдел</i> — центростремительные (афферентные) нервные пути, по которым закодированный электрический импульс передается в подкорковые структуры и кору головного мозга.<br>3. <i>Центральный отдел</i> — специализированная корковая зона анализатора (например, затылочная доля для зрения, височная для слуха), где происходит высший психический анализ, дифференциация и осознание полученного сигнала.</p><h3>Базовые свойства ощущений</h3><p>Любое возникающее ощущение обладает рядом специфических взаимосвязанных характеристик:<br>• <b>Качество</b> — фундаментальная модальность ощущения, отличающая его от других видов (например, вкус нельзя спутать со звуком, а внутри слуховой модальности различают высоту, тембр и громкость).<br>• <b>Интенсивность</b> — количественная характеристика («сила» ощущения), которая детерминируется силой действующего физического раздражителя и текущим функциональным состоянием рецептора.<br>• <b>Длительность (временная структура)</b> — временной промежуток, в течение которого протекает ощущение. Оно зависит от времени действия раздражителя и явления инерции (последействия) ощущений.<br>• <b>Пространственная локализация (пространственная структура)</b> — проецирование ощущения в конкретную точку пространства (для дистантных органов чувств) или на определенный участок тела (для контактных).<br>• <b>Эмоциональный тон</b> — первичная чувственная оценка ощущения по шкале «приятно — неприятно», выполняющая базовую защитную и регулятивную функции.</p><h3>Эволюционно-морфологическая классификация Ч. Шеррингтона</h3><p>Наибольшее распространение в академической науке получила классификация английского физиолога <b>Чарльза Шеррингтона</b>. Он сгруппировал все рецептивные поля по критерию их расположения в организме и источника происхождения раздражителя:<br>• <b>Интероцептивные ощущения</b> — рецепторы расположены во внутренних органах и тканях организма (сердце, желудок, сосуды). Они сигнализируют о протекании внутренних биохимических и органических процессов (чувство голода, жажды, боли в органах), характеризуются протопатическим (смутным, неотчетливым) характером и тесно связаны с базовыми эмоциями.<br>• <b>Проприоцептивные ощущения</b> — рецепторы находятся в мышцах, сухожилиях, связках и вестибулярном аппарате. Они обеспечивают мозг информацией о положении тела в пространстве, мышечном тонусе и координации движений. К ним относятся кинестетические и статические ощущения.<br>• <b>Экстероцептивные ощущения</b> — самая большая группа рецепторов, вынесенная на внешнюю поверхность тела для восприятия сигналов из окружающего мира. Они делятся на две подгруппы: <i>контактные</i> (раздражитель примыкает прямо к телу: кожные тактильные, температурные, вкусовые ощущения) и <i>дистантные</i> (действуют на расстоянии: зрение, слух, обоняние).</p><h3>Другие критерии классификации</h3><p>В клинической практике и генетической психологии ощущения делят на <b>протопатические</b> (древние, филогенетически ранние, субъективные и смутные, лишенные четкой пространственной локализации) и <b>эпикритические</b> (новые, дифференцированные, объективные, обеспечивающие точную локализацию и детальный анализ признаков, например, человеческое зрение или тонкое осязание).</p>",9
general-psych,11. Измерение ощущений: пороги и законы психофизики,"<h3>Возникновение психофизики и концепция сенсорных порогов</h3><p><b>Психофизика</b> — это область психологической науки, изучающая строгие количественные соотношения между объективными физическими параметрами стимулов и субъективными характеристиками возникающих ощущений. Основоположником этой дисциплины является немецкий ученый <b>Густав Теодор Фехнер</b>, опубликовавший в 1860 году фундаментальный труд «Элементы психофизики». Развивая идеи Фехнера, наука ввела понятие <i>психометрии</i> — измерения психических явлений.</p><p>Центральным понятием классической психофизики выступает <b>порог чувствительности</b>. Согласно пороговой концепции Фехнера, ряд ощущений дискретен: существует сенсорный порог, делящий все стимулы на ощущаемые и неощущаемые. Прирост интенсивности ощущения происходит только тогда, когда изменение стимула преодолевает строго определенную внутреннюю границу. Выделяют два главных вида порогов:<br>1. <b>Абсолютный порог чувствительности</b>. Делится на <i>нижний абсолютный порог</i> (минимальная интенсивность физического раздражителя, способная вызвать едва заметное ощущение) и <i>верхний абсолютный порог</i> (максимальная интенсивность стимула, за границей которой ощущение либо исчезает, либо переходит в болевой синдром). Нижний порог является мерой чувствительности анализатора: чем ниже порог, тем выше чувствительность.<br>2. <b>Дифференциальный порог чувствительности</b> (порог различения) — минимальное различие в интенсивности двух близких раздражителей, которое способна зафиксировать сенсорная система, чтобы отличить одно ощущение от другого.</p><h3>Классические психофизические законы</h3><p>Изучение порогов различения позволило вывести фундаментальные математические зависимости, связывающие величину ощущения (Y) и физическую величину стимула (X):<br>• <b>Закон Вебера-Бугера</b>. Немецкий анатом Эрнст Вебер экспериментально доказал, что для того, чтобы человек заметил едва уловимое различие между двумя стимулами, прирост интенсивности раздражителя должен составлять строго определенную постоянную долю от его первоначальной величины. Формула закона: <b>ΔI / I = K</b>, где <i>I</i> — исходная величина стимула, <i>ΔI</i> — минимальный добавочный раздражитель, а <i>K</i> — константа, специфичная для конкретного органа чувств (например, для зрения она равна примерно 0,01, для слуха — 0,1).<br>• <b>Основной психофизический закон Фехнера (Логарифмический закон)</b>. Фехнер математически интегрировал закон Вебера, приняв допущение, что едва заметные различия в ощущениях субъективно равны на всем протяжении шкалы. Закон постулирует: <i>величина ощущения пропорциональна логарифму величины раздражения</i>. Формула: <b>S = C * (log R - log R0)</b>, где <i>S</i> — интенсивность ощущения, <i>R</i> — интенсивность действующего стимула, <i>R0</i> — нижний абсолютный порог, а <i>C</i> — константа модальности.<br>• <b>Степенной закон С. Стивенса (Психофизика субъективных оценок)</b>. В середине XX века Стенли Стивенс подверг критике допущение Фехнера и предложил метод прямой субъективной оценки (шкалирования). Он доказал, что связь носит характер степенной функции. Формула: <b>Ψ = k * (φ - φ0) ^ a</b>, где <i>Ψ</i> — интенсивность ощущения, <i>φ</i> — интенсивность стимула, <i>φ0</i> — значение абсолютного порога, <i>k</i> — константа, а <i>a</i> — экспоненциальный показатель степени, индивидуальный для каждого типа ощущений (например, для восприятия громкости звука a = 0,3, а для ощущения электрического тока a = 3,5).</p><h3>Классические методы измерения порогов</h3><p>Для эмпирического определения величины сенсорных порогов в науке используются три традиционных метода Фехнера:<br>• <b>Метод границ</b> — экспериментатор предъявляет раздражитель дискретными шагами. В восходящей серии интенсивность увеличивают от субпороговой до тех пор, пока испытуемый не сообщит: «Вижу (слышу)». В нисходящей серии интенсивность снижают до сообщения об исчезновении сигнала. Порогом признается среднее значение точек перехода.<br>• <b>Метод установки (средней ошибки)</b> — отличается тем, что испытуемый сам плавно и непрерывно изменяет величину раздражителя с помощью регулятора, добиваясь то появления, то исчезновения ощущения, подгоняя стимул под эталон.<br>• <b>Метод постоянных стимулов (истинных и ложных случаев)</b> — экспериментатор выбирает от 5 до 10 фиксированных равноотстоящих раздражителей вокруг предполагаемого порога. Они предъявляются в случайном порядке многократно. За порог принимается величина стимула, вероятность обнаружения которого равна точно 50% или 75%.</p><h3>Современная психофизика: Теория обнаружения сигнала (ТОС)</h3><p>В современной психофизике (работы Д. Светса, Дж. Грина) классическая пороговая концепция Фехнера сменилась <i>концепцией непрерывности сенсорного ряда</i>. Теория обнаружения сигнала утверждает, что сенсорного порога в чистом виде не существует: любой внешний сигнал всегда воспринимается человеком на фоне непрерывного шума (как внешних помех, так и спонтанной электрической активности самой нервной системы — стука сердца, дыхания).<br>Процесс обнаружения состоит из двух независимых компонентов:<br>1) <i>Сенсорная чувствительность</i> (способность системы отделить сигнал от шума);<br>2) <i>Критерий принятия решения</i> (психологическая установка наблюдателя, зависящая от детерминант мотивации, вероятности появления сигнала и цены за правильный ответ или ошибку — например, разница в поведении контролера ОТК, проверяющего бракованный товар в условиях спешки или премии).</p>",10
general-psych,"12. Взаимодействие, развитие и нарушения ощущений","<h3>Закономерности взаимодействия ощущений</h3><p>Ощущения не изолированы друг от друга; работа одного анализатора закономерно влияет на функционирование других сенсорных систем. Выделяют несколько фундаментальных форм такого взаимодействия:<br>• <b>Адаптация ощущений</b> — это приспособление органа чувств к постоянно действующему физическому раздражителю, выражающееся в изменении (повышении или понижении) его абсолютного порога. Полная адаптация приводит к полному исчезновению ощущения (например, привыкание к запаху в помещении или к одежде на теле). Американский исследователь Гарри Хельсон разработал <i>теорию уровня адаптации</i>, согласно которой суждение человека о любом стимуле всегда базируется на его предыдущем опыте и воспоминаниях о фоне ситуации. Уровни адаптации строго индивидуальны.<br>• <b>Сенсибилизация</b> — процесс резкого повышения чувствительности анализаторов под влиянием взаимодействия систем (например, слабые звуковые раздражители обостряют зрение) или в результате специальных упражнений (тренировка обоняния у дегустаторов). Обратный процесс снижения чувствительности называется десенсибилизацией.<br>• <b>Синестезия</b> — уникальный межмодальный феномен, при котором под влиянием раздражения одного анализатора одновременно возникает ощущение, характерное для совершенно другого органа чувств (например, «цветной слух», когда музыкальные ноты вызывают стойкое восприятие цвета, или «вкус слов»).<br>• <b>Контраст ощущений</b> — изменение интенсивности и качества ощущений под влиянием предшествующего или сопутствующего раздражителя. Выделяют <i>одновременный контраст</i> (например, серый круг на черном фоне кажется светлее, чем на белом) и <i>последовательный контраст</i> (после холодного стимула теплая вода кажется горячей).</p><h3>Развитие ощущений в онтогенезе человека</h3><p>Формирование сенсорной сферы в процессе индивидуального развития человека протекает в четыре магистральных этапа:<br>1. <i>Безусловный рефлекс</i> — первичная врожденная чувствительность новорожденного, направленная на выживание.<br>2. <i>Условно-рефлекторный механизм</i> — усложнение ощущений в первые месяцы жизни, связывание стимулов в системы.<br>3. <i>Влияние речи</i> — перестройка работы органов чувств под воздействием речевых значений и названий качеств предметов.<br>4. <i>Осознанность</i> — высший этап, на котором ощущения приобретают категориальный характер, прочно связываются с конкретной ситуацией и деятельностью человека.<br>В младенчестве осязание и обоняние слабо дифференцированы. К двум годам absolute чувствительность резко возрастает, а к 4 годам ребенок должен четко дифференцировать основные цвета. Пик сенсорной тонкости достигается в юношеском возрасте, после чего наступает постепенная инволюция.</p><h3>Клиническая классификация нарушений ощущений</h3><p>В патопсихологии нарушения работы органов чувств принято классифицировать строго по модальностям:<br>1. <b>Зрительные нарушения</b>: <i>дальтонизм</i> (частичная цветовая слепота), <i>гемералопия</i> (резкое снижение зрения в сумерках, «куриная слепота»), <i>монохроматизм</i> (полное отсутствие цветового восприятия, мир в серых тонах) и <i>кортикальная цветовая слепота</i> (поражение зрительной коры головного мозга).<br>2. <b>Слуховые нарушения</b>: тиннитус (постоянный субъективный шум в ушах при отсутствии внешнего звука), гипоакузия (понижение слуха) и полная глухота.<br>3. <b>Обонятельные нарушения</b>: <i>аносмия</i> (полная потеря обоняния), избирательная аносмия (нечувствительность к конкретным запахам), гипосмия/гиперосмия (понижение или болезненное повышение обонятельной чувствительности), дизосмия (искажение запахов) и <i>фантосмия</i> (обонятельные галлюцинации).<br>4. <b>Вкусовые нарушения</b>: агевзия (полная потеря вкусовых ощущений), гипогевзия/гипергевзия (понижение/повышение вкусового порога), дисгевзия (извращение вкуса) и фантгевзия (мнимые вкусовые ощущения без физического раздражителя).</p>",11
general-psych,13. Сущность и виды восприятия. Законы гештальт-психологии,"<h3>Сущность восприятия и его отличие от ощущения</h3><p><b>Восприятие (перцепция)</b> — это целостное психическое отражение предметов, явлений и ситуаций объективного мира при их непосредственном воздействии на органы чувств. В то время как ощущение поставляет мозгу изолированные «сырые» данные об отдельных свойствах (цвет, громкость, температура), восприятие интегрирует эти элементы в законченный, осмысленный многомерный перцептивный образ. Соотношение восприятия и ощущения носит системный характер: ощущение выступает генетическим и структурным компонентом перцептивного акта, однако образ восприятия никогда не сводится к простой сумме отдельных ощущений.</p><h3>Свойства перцептивного образа</h3><p>В отечественной психологической школе свойства перцептивного образа принято разделять на две группы:<br>1. <i>Первичные свойства</i> (непосредственно отражающие метрические параметры реальности): пространственная протяженность, глубина, длительность и конфигурация.<br>2. <i>Производные (системные) свойства</i>, определяющие автономию образа в сознании:<br>• <b>Предметность</b> — способность психики относить получаемые сенсорные данные к конкретному объекту внешнего мира, а не к самому органу чувств.<br>• <b>Целостность</b> — восприятие объекта как единой, сформированной структуры, даже если часть его признаков в данный момент скрыта или отсутствует.<br>• <b>Константность</b> — относительная устойчивость и неизменность перцептивных свойств (формы, цвета, размера) объекта при изменении условий его наблюдения (освещенности, угла зрения, расстояния).<br>• <b>Осмысленность (категориальность)</b> — неразрывная связь восприятия с мышлением и речью: воспринимаемый предмет не просто фиксируется, а мгновенно опознается, относится к определенному классу вещей и вербально обозначается словом.</p><h3>Академические классификации видов восприятия</h3><p>Восприятие классифицируют по трем магистральным основаниям:<br>• <i>По ведущему анализатору (модальности)</i>: зрительное, слуховое, осязательное, вкусовое и обонятельное.<br>• <i>По степени волевых усилий (целенаправленности)</i>: непреднамеренное (непроизвольное, вызванное новизной стимула) и преднамеренное (произвольное наблюдение, включенное в деятельность).<br>• <i>По форме существования материи</i>: восприятие пространства (глубины, удаленности), восприятие времени (длительности, темпа, скорости) и восприятие движений.</p><h3>Восприятие формы и законы гештальт-психологии</h3><p>Фундаментальный вклад в изучение восприятия формы внесла немецкая <b>гештальт-психология</b> (М. Вертгеймер, К. Коффка, В. Кёлер). Сторонники этого направления доказали, что наша психика изначально склонна организовывать хаотичные стимулы в упорядоченные, целостные, симметричные «хорошие фигуры» (гештальты). <br>Ими были сформулированы базовые законы и принципы перцептивной организации зрительного поля:<br>• <b>Принцип фигуры и фона</b> — психика всегда делит зрительное поле на две неравные части: <i>фигуру</i> (замкнутый, яркий, несущий смысл объект, выдвинутый вперед) и <i>фон</i> (аморфное, непрерывное пространство, расположенное за фигурой). Классическим примером служат двойственные изображения — «ваза Рубина».<br>• <b>Закон близости</b> — стимулы, расположенные в пространстве или времени близко друг к другу, автоматически объединяются сознанием в единую группу.<br>• <b>Закон сходства</b> — элементы, похожие по цвету, форме, размеру или текстуре, воспринимаются нами вместе как часть одной структуры.<br>• <b>Закон замкнутости</b> — тенденция психики мысленно заполнять пробелы в контуре объекта, достраивая незавершенные или разорванные границы до целостной геометрической фигуры.<br>• <b>Закон хорошего продолжения (непрерывности)</b> — элементы, выстраивающиеся в плавную линию или закономерную последовательность, воспринимаются как единый и неделимый перцептивный поток.<br>• <b>Закон общей судьбы</b> — объекты, движущиеся в одном направлении и с одинаковой скоростью, прочно объединяются восприятием в одну общую систему.</p>",12
general-psych,14. Теории восприятия. Информационно-когнитивный подход,"<h3>Многообразие теоретических подходов к восприятию</h3><p>В истории психологической мысли природа перцептивного процесса объяснялась с различных методологических позиций. Ранние психофизиологические концепции рассматривали восприятие как пассивную регистрацию сенсорных стимулов. Позднее теории перцептивной установки доказали, что на восприятие сильно влияют внутренние ожидания и прошлый опыт человека. Современная когнитивная наука рассматривает перцепцию как активный процесс извлечения, переработки и конструирования информации.</p><h3>Отечественные теории активного восприятия</h3><p>В отечественной психологической школе восприятие понимается как прижизненно формирующееся, предметное и активное перцептивное действие (концепция <b>А.В. Запорожца</b>). <br>Исследования <b>В.П. Зинченко</b> и <b>Б.Ф. Ломова</b> экспериментально доказали, что перцептивный образ строится за счет сложных микродвижений глаз и рук, которые как бы «ощупывают» контуры объекта. Выделяют два класса таких движений:<br>1. <i>Поисково-установочные</i> (крупные макродвижения, направляющие взор на объект);<br>2. <i>Гностические</i> (микродвижения, строящие внутреннюю копию предмета).<br>Тесно связана с этим подходом <b>моторная теория Д. Нотона и Л. Старка</b>. Ученые доказали, что при фиксации сложной формы человеческий взгляд движется по индивидуальной траектории — «пути сканирования», последовательно соединяя наиболее информативные точки (углы, изломы контура). Этот двигательный паттерн закрепляется в памяти и активируется при повторном опознании предмета.</p><h3>Экологический подход к восприятию Дж. Гибсона</h3><p>Революционную, альтернативную точку зрения предложил американский психолог <b>Джеймс Гибсон</b>, создавший <i>экологическую оптику</i>. Гибсон выступил с жесткой критикой когнитивизма, утверждавшего, что мозг «дорисовывает» и конструирует образ из бедных сенсорных данных. <br>Согласно Гибсону, восприятие — это процесс <b>прямого извлечения информации</b> из объемлющего оптического потока. Окружающий мир уже содержит в себе избыточную, упорядоченную структуру стимулов. Организму не нужно производить сложные ментальные вычисления; ему достаточно обладать настроенной сенсорной системой, которая улавливает инварианты (неизменные свойства среды, например, градиент текстуры земли при движении). Центральное понятие теории — <i>«возможности действия»</i> (affordances): предметы воспринимаются нами не как абстрактные геометрические тела, а сразу через призму того, как наше тело может с ними взаимодействовать (например, плоский камень воспринимается как «то, на чем можно сидеть»).</p><h3>Информационно-когнитивный подход и концепция У. Найссера</h3><p>Прямой противоположностью подходу Гибсона является концепция, предложенная отцом когнитивной психологии <b>Ульрихом Найссером</b>. На основе масштабных экспериментов Найссер доказал, что восприятие носит характер непрерывного конструктивного цикла. <br>Ключевым понятием его теории выступает <b>«схема»</b> — когнитивная структура (внутренний мысленный план), которая существует в голове человека до начала восприятия и направляет его исследовательскую активность. <br><b>Перцептивный цикл Найссера</b> состоит из трех непрерывных этапов:<br>1. Внутренняя <i>схема</i> направляет внимание и поисковые действия человека в окружающем мире;<br>2. Человек производит выборку (вычленение) конкретных стимулов из реального объекта;<br>3. Полученная новая информация из внешней среды модифицирует (изменяет) исходную ментальную <i>схему</i>, делая её более точной, после чего цикл повторяется на новом уровне.<br>Таким образом, восприятие — это непрерывное циклическое конструирование гипотез, где внутренний когнитивный опыт постоянно сталкивается с объективной действительностью и перестраивается под её влиянием.</p>",13
general-psych,15. Сущность памяти и базовые мнемические процессы,"<h3>Сущность памяти как сквозного психического процесса</h3><p><b>Память</b> — это сквозной психический процесс запечатления, сохранения, последующего узнавания и воспроизведения следов прошлого опыта. Память связывает прошлое человека с его настоящим и будущим, обеспечивая целостность личности, возможность обучения и накопления индивидуального опыта. Без памяти непрерывное протекание других когнитивных процессов (восприятия, мышления, речи) становится невозможным, так как любой ментальный акт опирается на актуализацию уже имеющихся знаний.</p><h3>Базовые мнемические процессы</h3><p>Функционирование памяти представляет собой систему взаимосвязанных процессов, каждый из которых выполняет свою специфическую задачу в структуре деятельности:<br>1. <b>Запоминание</b> — начальный процесс мнемической работы, заключающийся в кодировании и введении поступающей информации в систему памяти. Запоминание может быть непреднамеренным (непроизвольным) и преднамеренным (произвольным), опирающимся на специальные приемы логической переработки материала.<br>2. <b>Сохранение</b> — процесс удержания, структурирования и динамической переработки закодированной информации в долговременной памяти. Сохранение — это не пассивный склад следов, а активная ментальная реорганизация опыта под влиянием новой информации.<br>3. <b>Воспроизведение</b> — процесс актуализации ранее запечатленных следов опыта в отсутствие объекта, который их вызвал. Воспроизведение может протекать на разных уровнях: от автоматического воспоминания до сложного, опосредованного мышлением процесса реконструкции прошлого.<br>4. <b>Узнавание</b> — мнемический процесс, возникающий при повторном непосредственном столкновении с объектом и констатации того, что он уже знаком субъекту. Узнавание генетически более просто и протекает эффективнее, чем чистое воспроизведение.<br>5. <b>Забывание</b> — естественный и биологически целесообразный процесс угасания следов, невозможности актуализировать или извлечь необходимую информацию. Забывание защищает нервную систему от информационной перегрузки. Его динамику описывает классическая кривая забывания Г. Эббингауза, доказывающая, что наибольший процент информации теряется в первые часы после заучивания.</p><h3>Феномены реминисценции и метапамяти</h3><p>В учебной и практической деятельности психологу необходимо учитывать специфические феномены памяти:<br>• <b>Реминисценция</b> — отсроченное воспроизведение материала, который сразу после заучивания не мог быть полностью воспроизведен. Этот феномен более полного и качественного воспоминания через 2–3 дня часто наблюдается у детей младшего школьного возраста и студентов при изучении сложных логических текстов, так как подкорковым структурам мозга требуется время на консолидацию следов памяти.<br>• <b>Метапамять</b> — это индивидуальное знание человека о возможностях, границах, стратегиях и текущем состоянии своей собственной памяти. Метапамять представляет собой когнитивный компонент самосознания: она включает понимание того, сколько времени лично вам нужно на заучивание билета, какие мнемотехники для вас эффективны и способны ли вы вспомнить информацию в ситуации стресса на экзамене.</p>",14
general-psych,16. Виды памяти и их подробная характеристика,"<h3>Основания для классификации видов памяти</h3><p>В психологической науке многообразие проявлений памяти принято разделять на дифференцированные классы по четырем магистральным критериям: по характеру психической активности (объекту запечатления), по степени волевого контроля, по характеру связей (наличию средств) и по длительности сохранения информации.</p><h3>1. Классификация по характеру психической активности</h3><p>Данный критерий указывает на то, какая именно информация или модальность опыта подвергается мнемической обработке:<br>• <b>Двигательная (моторная) память</b> — запечатление, сохранение и воспроизведение сложных систем движений и физических навыков. Она лежит в основе ходьбы, письма, трудовых операций и спортивных умений.<br>• <b>Эмоциональная память</b> — память на пережитые чувства, аффекты и эмоциональные состояния. Пережитые ранее обида, страх или радость выступают мощными детерминантами мотивации поведения, сигнализируя о безопасности или угрозе при повторном столкновении с ситуацией.<br>• <b>Образная память</b> — сохранение и актуализация представлений предметов, явлений и их свойств. В зависимости от ведущего рецептора она дифференцируется на зрительную, слуховую, осязательную, вкусовую и обонятельную память.<br>• <b>Словесно-логическая память</b> — специфически человеческий вид памяти, содержанием которого выступают наши мысли, понятия, логические схемы, суждения и языковые структуры. Она неразрывно связана с развитием мышления и речи.</p><h3>2. Классификация по степени волевого контроля</h3><p>Определяет уровень целенаправленности и сознательной регуляции деятельности:<br>• <b>Непроизвольная память</b> — запечатление информации происходит автоматически, без постановки специальной мнемической задачи и волевых усилий, как побочный результат деятельности (исследования П.И. Зинченко доказали, что непроизвольное запоминание наиболее эффективно, если материал включен в активную цель основного действия).<br>• <b>Произвольная память</b> — целенаправленная мнемическая работа, направленная на заучивание билета или текста, требующая постановки задачи на запоминание и применения специальных волевых усилий.</p><h3>3. Классификация по характеру связей (наличию средств)</h3><p>• <b>Непосредственная память</b> — механическое, прямое запечатление информации без использования каких-либо вспомогательных внешних или внутренних знаков.<br>• <b>Опосредованная память</b> — высшая форма памяти, опирающаяся на использование культурных знаков, психологических средств и логических приемов (мнемотехник, ассоциаций, конспектов). Процесс её развития через переход внешних знаков во внутренний план описывает закон интериоризации ВПФ Л.С. Выготского.</p><h3>4. Временная классификация памяти</h3><p>Опирается на длительность удержания следа и особенности переработки информации:<br>• <b>Кратковременная память</b> — хранилище с жестко ограниченным временем удержания информации (около 20–30 секунд) и лимитированным объемом (закон Дж. Миллера: 7 ± 2 единицы информации). Она фиксирует сырые данные, поступившие из сенсорного регистра.<br>• <b>Долговременная память</b> — неограниченная по объему и времени удержания система, способная сохранять знания, опыт и биографические факты на протяжении всей жизни человека.<br>• <b>Оперативная память</b> — динамический вид памяти, обслуживающий текущие практические действия и операции человека «здесь и теперь» (например, удержание промежуточных чисел в уме при решении математического примера; после завершения действия эта информация забывается).</p>",15
general-psych,"17. Психология внимания: функции, свойства и деятельностный подход","<h3>Сущность и функции внимания</h3><p><b>Внимание</b> — это особая форма психической деятельности, выражающаяся в направленности и сосредоточенности сознания субъекта на определенных объектах, явлениях или процессах при одновременном отвлечении от всего остального. В отличие от других познавательных процессов (ощущения, восприятия, памяти, мышления), внимание не имеет своего собственного уникального предметного содержания — мы всегда внимательны к чему-то конкретному. Оно выступает сквозным динамическим процессом, организующим и регулирующим протекание всей познавательной деятельности человека.</p><p>Академическая психология выделяет три ключевые функции внимания:<br>1. <i>Функция отбора (селекции)</i> — выделение из внешней среды биологически или личностно значимых стимулов и торможение сопутствующих помех.<br>2. <i>Функция удержания (сохранения)</i> — длительное сосредоточение сознания на объекте до завершения целенаправленного действия.<br>3. <i>Функция контроля</i> — непрерывный мониторинг и регуляция исполнительских этапов практической деятельности.</p><h3>Фундаментальные свойства внимания</h3><p>Эффективность учебной работы студента на паре детерминируется следующими базовыми свойствами внимания:<br>• <b>Концентрация (сосредоточенность)</b> — степень интенсивности удержания сознания на объекте и сила сопротивления внешним отвлекающим факторам.<br>• <b>Устойчивость</b> — временная характеристика внимания, определяющая длительность сохранения высокой концентрации. Устойчивость колеблется микропериодами, но может удерживаться часами, если субъект активно манипулирует материалом.<br>• <b>Объем внимания</b> — количество однородных стимулов, которое человек способен одномоментно воспринять и четко зафиксировать за доли секунды (в норме составляет 5 ± 2 объекта).<br>• <b>Распределение</b> — способность человека одновременно удерживать в поле ясного сознания две или более разнородные деятельности (например, слушать лекцию и вести конспект).<br>• <b>Переключаемость</b> — сознательное, намеренное и динамическое перемещение фокуса внимания с одного объекта или задачи на другую, определяемое требованиями новой деятельности.</p><h3>Классификация видов внимания</h3><p>По степени волевого контроля и целенаправленности внимание разделяют на три вида: <i>непроизвольное</i> (пассивное, вызывается новизной или силой внешнего стимула); <i>произвольное</i> (активное, направляется сознательной целью и требует волевых усилий); <i>послепроизвольное</i> (выделено Н.Ф. Добрыниным; возникает тогда, когда произвольное удержание внимания перерастает в глубокий познавательный интерес, а необходимость в волевом усилии отпадает).</p><h3>Деятельностный подход к интерпретации внимания</h3><p>В отечественной психологической школе внимание рассматривается не как изолированная ментальная сила, а как интериоризированное действие контроля внутри структуры предметной деятельности:<br>• <b>Концепция внимания по Л.С. Выготскому.</b> Развивая теорию ВПФ, Выготский доказал, что произвольное внимание ребенка формируется прижизненно в процессе культурного общения со взрослым. Изначально внимание ребенка направляется внешними средствами (словом, указующим жестом взрослого). Постепенно происходит <b>интериоризация</b> этих социальных знаков: ребенок начинает сам вербально управлять своим сознанием. Произвольное внимание — это интериоризированный акт культурного управления поведением.<br>• <b>Теория внимания как функции умственного контроля П.Я. Гальперина.</b> В рамках концепции планомерного поэтапного формирования умственных действий Гальперин сформулировал революционный постулат: <i>внимание не имеет самостоятельного продукта, потому что оно является действием внутреннего контроля</i>. Любое действие человека состоит из ориентировочной, исполнительской и контрольной частей. Когда внешнее предметное действие контроля (например, проверка текста на ошибки с помощью линейки и карандаша) автоматизируется, сокращается и переходит во внутренний (психический) план, оно превращается в психический процесс произвольного внимания.</p>",16
general-psych,18. Модели внимания в когнитивной психологии,"<h3>Внимание как информационный фильтр</h3><p>В когнитивной психологии человек рассматривается как сложная система переработки информации с ограниченной пропускной способностью. Главный вопрос, вокруг которого строились зарубежные теории, заключался в определении локализации механизма <b>селекции</b> (фильтрации): на каком именно этапе переработки мозг отсекает ненужные фоновые сигналы — до или после их смыслового анализа?</p><h3>1. Модели ранней селекции</h3><p>• <b>Модель жесткого фильтра Д. Бродбента.</b> Дональд Бродбент предложил первую потоковую модель внимания (схему «бутылочного горлышка»). Согласно его теории, множество сигналов из внешней среды одновременно поступают в кратковременный сенсорный регистр. Однако центральный канал переработки информации имеет лимитированный объем. Фильтр внимания расположен на самых <i>ранних этапах</i> и работает по принципу «все или ничего» на основе физических признаков стимула (высота звука, направление). Сигналы, не прошедшие фильтр, безвозвратно теряются.<br>• <b>Модель аттенюатора (затухания) А. Трейсман.</b> Модель Бродбента не могла объяснить «эффект вечеринки с коктейлем» (когда человек мгновенно переключает внимание, услышав свое имя в нерелевантном фоновом потоке). Энн Трейсман модифицировала теорию, заменив жесткий фильтр на <i>аттенюатор</i> (информационный глушитель). Необращенное внимание не выключает фоновые сигналы полностью, а лишь ослабляет их («приглушает громкость»). Если фоновый стимул обладает высокой биологической или личностной значимостью, он преодолевает порог активации в ментальном лексиконе и прорывается в сознание.</p><h3>2. Модели поздней и гибкой селекции</h3><p>• <b>Модель поздней селекции Д. и Э. Дойчей и Д. Нормана.</b> Сторонники этой теории утверждали, что абсолютно все поступающие стимулы (как релевантные, так и фоновые) проходят полную физическую и смысловую (семантическую) обработку на неосознаваемом уровне. Фильтр внимания расположен на очень <i>позднем этапе</i> — непосредственно перед формированием ответной реакции или вводом данных в сознание. Вычленение информации детерминируется текущими детерминантами мотивации и ожиданиями субъекта.<br>• <b>Теория гибкой множественной селекции А. Трейсман и Р. Шиффрина.</b> Современный синтез доказал, что селекция не привязана к одной точке. Локализация фильтра гибко меняется в зависимости от сложности решаемой задачи и когнитивной нагрузки: если задача проста, отбор идет на поздних этапах; если задача требует предельного напряжения, фильтр смещается на ранние физические признаки.</p><h3>3. Ресурсная модель внимания Д. Канемана</h3><p>Революционный подход предложил Даниэль Канеман, отказавшись от метафоры пространственного «фильтра». В его концепции внимание — это ограниченный объем общего <b>умственного усилия (когнитивного ресурса)</b>, распределяемый между текущими деятельностями. <br>Центральным понятием теории является <i>политика распределения ресурсов</i>, которая регулируется текущим уровнем физиологического возбуждения (активации НС), долгосрочными намерениями человека и оценкой когнитивной емкости, необходимой для выполнения конкретного действия. Если две задачи в сумме превышают общий лимит доступной энергии, наступает резкое падение продуктивности деятельности или отказ от выполнения одной из них.</p><h3>4. Перцептивно-циклический подход У. Найссера</h3><p>Ульрих Найссер полностью отверг как идею фильтров, так и идею ограниченных ресурсов. С его точки зрения, мы не воспринимаем фоновые сигналы не потому, что их отсекает какой-то внутренний механизм, а потому, что у нас просто нет для них готовой когнитивной <b>«схемы»</b>. Внимание — это не ограничитель, а активное предвосхищение информации. Направляя свой перцептивный цикл на конкретный объект (например, чтение учебника), мы активно извлекаем только релевантные признаки, а фоновый шум остается незамеченным просто потому, что не включен в структуру текущего исследовательского действия.</p>",17
general-psych,"19. Мышление и речь: операции, формы и концепции","<h3>Сущность мышления и его связь с речью</h3><p><b>Мышление</b> — это высший сквозной познавательный процесс, заключающийся в обобщенном и опосредованном отражении существенных связей и отношений объективной реальности. В отличие от сенсорно-перцептивной сферы (ощущений и восприятия), фиксирующей внешние, наглядные признаки предметов «здесь и теперь», мышление позволяет проникать в скрытую сущность вещей, выявлять объективные законы природы и прогнозировать события. Мышление человека неразрывно связано с <b>речью</b>: язык выступает материальной оболочкой мысли, средством её формирования, фиксации и передачи другим людям.</p><h3>Базовые мыслительные операции</h3><p>Процесс мышления представляет собой непрерывное выполнение умственных действий по переработке информации. Выделяют шесть фундаментальных мыслительных операций:<br>• <b>Анализ</b> — мысленное расчленение целостного объекта, ситуации или явления на составляющие его элементы, части или свойства.<br>• <b>Синтез</b> — мысленное объединение отдельных элементов, частей или признаков в единую, структурную целостность (операция, обратная анализу).<br>• <b>Сравнение</b> — сопоставление предметов и явлений с целью выявления сходств и различий между ними.<br>• <b>Абстрагирование</b> — мысленное вычленение существенных свойств объекта при одновременном отвлечении (абстрагировании) от несущественных, второстепенных признаков.<br>• <b>Обобщение</b> — мысленное объединение предметов и явлений в единый класс на основе выявления общих, существенных связей и признаков.<br>• <b>Классификация</b> — распределение предметов или понятий по группам (классам) на основании фиксированных, объективных признаков.</p><h3>Логические формы мыслительной деятельности</h3><p>Результаты мыслительного процесса фиксируются в сознании человека в трех основных логических формах:<br>1. <b>Понятие</b> — форма мышления, отражающая общие и существенные свойства предметов или явлений, выраженная отдельным словом или термином.<br>2. <b>Суждение</b> — форма мыслительной деятельности, в которой утверждаются или отрицаются связи между предметами и их свойствами (например: «Все ВПФ имеют социальное происхождение»).<br>3. <b>Умозаключение</b> — высшая форма мышления, при которой на основе анализа нескольких исходных суждений (посылок) человек делает логический вывод и получает качественно новое суждение.</p><h3>Гипотеза лингвистической относительности Сепира-Уорфа</h3><p>В когнитивной науке проблема соотношения языка и сознания породила знаменитую <b>гипотезу Сепира-Уорфа</b>. Эдуард Сепир и Бенджамин Уорф сформулировали постулат, согласно которому структура национального языка напрямую определяет структуру мышления, способы познания мира и характер поведения его носителей. Согласно этой концепции, люди, говорящие на принципиально разных языках (например, европейцы и американские индейцы хопи), качественно по-разному воспринимают и конструируют время, пространство и физическую реальность, так как грамматические категории языка выступают жестким фильтром для мышления.</p><h3>Уровни речевого мышления по Л.С. Выготскому и А.Р. Лурия</h3><p>В отечественной психологической школе связь мысли и слова рассматривается в динамике. <b>Л.С. Выготский</b> доказал, что мысль никогда не равна прямому значению слова — она не выражается в слове, а совершается и рождается в нём. Он выделил структуру перехода от внутренней мысли к развернутой внешней речи:<br>1) <i>Мотивационный план</i> (зарождение латентного желания, побуждения к мысли);<br>2) <i>Внутренняя мысль</i> (смутный, целостный ментальный образ);<br>3) <i>Внутренняя речь</i> (особый внутренний план, характеризующийся предикативностью — отсутствием подлежащих и фиксацией только на действии);<br>4) <i>Семантический план</i> (выбор значений слов);<br>5) <i>Внешняя речь</i> (развернутое звуковое или письменное высказывание).<br>Развивая эти идеи, <b>А.Р. Лурия</b> на основе нейропсихологических исследований описал конкретные уровни и механизмы речевого мышления. Он доказал, что поражения разных зон коры (например, зон Брока или Вернике) ведут к специфическим распадам либо процесса порождения высказывания (перехода от мысли к слову), либо процесса понимания чужой речи (перехода от слова к мысли), что подтверждает многоуровневое и системное устройство речемыслительной деятельности.</p>",18
general-psych,"20. Общая характеристика воображения: функции, виды и приемы","<h3>Сущность воображения как сквозного психического процесса</h3><p><b>Воображение (фантазия)</b> — это сквозной психический процесс конструирования качественно новых образов, представлений и идей на основе творческой переработки, расчленения и синтеза элементов прошлого опыта, сохраненного в памяти. Воображение специфично только для человека и неразрывно связано с его способностью к преобразующей практической деятельности. Уникальность процесса заключается в том, что он позволяет принимать решения и строить планы в условиях высокой неопределенности дефицита информации, когда точный логический расчет мышления невозможен.</p><h3>Основные функции воображения</h3><p>В структуре жизнедеятельности личности воображение выполняет пять магистральных функций:<br>1. <i>Гностическая (познавательная)</i> — мысленное моделирование будущих результатов труда до их реального воплощения (функция антиципации);<br>2. <i>Регулятивная</i> — планирование и программирование этапов деятельности, управление поведением через создание ментальных образов-целей;<br>3. <i>Защитная (психотерапевтическая)</i> — минимизация отрицательных переживаний, снятие психического напряжения и стресса через уход в мир фантазий (замещение недостижимой цели);<br>4. <i>Функция творческой активности</i> — созидание принципиально новых предметов культуры, науки и искусства;<br>5. <i>Эмоциональная</i> — регуляция эмоциональных состояний (человек может вызвать у себя реальные физиологические реакции страха или радости, просто вообразив соответствующую ситуацию).</p><h3>Классификация видов воображения</h3><p>По степени волевого контроля и характеру конечного продукта воображение разделяют на несколько видов:<br>• <b>Пассивное воображение</b> — создание образов, которые не реализуются в практических поступках. Оно может быть <i>непреднамеренным</i> (сон, измененные состояния сознания) и <i>преднамеренным</i> (грезы — сознательно вызываемые иллюзорные фантазии, не связанные с волей к действию).<br>• <b>Активное воображение</b> — целенаправленное конструирование образов, включенное в реальную деятельность личности. Делится на две подгруппы:<br>1) <i>Репродуктивное (воссоздающее) воображение</i> — построение образов объектов, которые человек никогда сам не видел, на основе их вербального описания, схем, чертежей или карт (например, чтение учебника студентом);<br>2) <i>Продуктивное (творческое) воображение</i> — самостоятельное создание оригинальных, уникальных образов и планов, воплощающихся в новых результатах материальной или духовной культуры.</p><h3>Приемы создания образов воображения</h3><p>Творческая переработка представлений памяти осуществляется в сознании человека с помощью шести фундаментальных приемов:<br>• <b>Агглютинация</b> — «склеивание», мысленное соединение качеств, свойств или частей разных, не связанных в реальности объектов в единый образ (например, образ кентавра, русалки или гидросамолета).<br>• <b>Гиперболизация</b> — парадоксальное преувеличение или преуменьшение размеров объекта, а также изменение количества его частей (например, великаны, Дюймовочка, многорукие божества).<br>• <b>Схематизация</b> — сглаживание различий между предметами и выделение только их общих, существенных, повторяющихся контуров и признаков (лежит в основе создания пиктограмм, знаков и символов).<br>• <b>Типизация</b> — сложнейший прием, заключающийся в выделении повторяющихся, характерных свойств группы людей или явлений и воплощении их в одном конкретном образе (создание художественных персонажей или психологических типов).<br>• <b>Заострение (акцентирование)</b> — умышленное подчеркивание, выделение какой-либо одной характерной черты или свойства объекта (лежит в основе дружеских шаржей и карикатур).<br>• <b>Аналогизация</b> — создание нового образа по аналогии с уже существующим объектом природы или техники (например, полет птицы послужил аналогией для конструирования самолета).</p>",19
general-psych,"21. Эмоциональные состояния, функции и базовые эмоции по К. Изарду","<h3>Сущность и функции эмоций</h3><p><b>Эмоции</b> — это особый класс психических состояний, отражающих в форме непосредственного субъективного переживания (удовлетворения или неудовлетворения) значимость для индивида действующих на него факторов, предметов и ситуаций. В структуре регуляции деятельности эмоции выполняют важнейшие функции: <i>сигнальную</i> (мгновенно информируют об успешности удовлетворения потребностей), <i>регулирующую</i> (направляют поведение), <i>мобилизационную</i> (готовят организм к действию) и <i>коммуникативную</i> (обеспечивают экспрессивное общение).</p><h3>Классификация эмоциональных состояний</h3><p>В зависимости от длительности, интенсивности и степени осознанности, эмоциональные явления классифицируют на следующие формы:<br>• <b>Настроение</b> — продолжительное, устойчивое, но слабоинтенсивное эмоциональное самочувствие, выступающее общим фоном психической жизни человека.<br>• <b>Аффект</b> — сильное, бурно протекающее и кратковременное эмоциональное состояние, характеризующееся временной потерей сознательного волевого контроля (например, ярость, паника).<br>• <b>Чувства</b> — долговременные, устойчивые и предметные эмоциональные отношения к конкретным объектам или людям (например, любовь, патриотизм), имеющие социальную природу.<br>• <b>Стресс</b> — комплексная адаптивная физиологическая и психическая реакция организма на неблагоприятные, экстремальные воздействия среды, протекающая в виде реакций мобилизации («реакция льва» или «реакция кролика»).<br>• <b>Фрустрация</b> — эмоционально-тяжелое переживание человеком непреодолимого препятствия на пути к достижению цели, сопровождающееся чувством безысходности и крушения надежд.<br>• <b>Страсть</b> — сильное, глубокое и длительное переживание с ярко выраженной направленностью и концентрацией всех сил личности на одной цели или объекте (любовь, ненависть, фанатизм).</p><h3>Базовые эмоции по К. Изарду</h3><p>В рамках дискретной модели Кэррол Изард выделил <b>10 базовых эмоций</b>, являющихся врожденными, эволюционно-биологически обусловленными и обладающими специфическими мимическими конфигурациями мышечных движений лица. Каждая базовая эмоция проходит четыре этапа проявления: латентная фаза, внешнее отражение на лице, кульминация (пик проявления) и спад (угасание). Интенсивность проявления детерминируется силой раздражителя, стрессоустойчивостью, индивидуальными порогами, а также степенью голода или усталости (у голодного человека порог активации гнева резко снижен). К базовым эмоциям относятся:<br>1. <i>Интерес</i> — активизирует познавательную сферу, повышает внимание, любознательность и поиск.<br>2. <i>Радость</i> — чувство психологического комфорта, укрепляет привязанность и взаимное доверие между людьми.<br>3. <i>Удивление</i> — кратковременная реакция на внезапное событие, освобождает от предыдущих эмоций и направляет когнитивные процессы на объект.<br>4. <i>Печаль (горе, страдание)</i> — реакция на неудачи и утраты, тормозит активность, давая время обдумать ситуацию, и сплачивает людей в сопереживании.<br>5. <i>Гнев</i> — реакция на ограничение свободы или препятствия, мобилизует энергию для самозащиты, придает ощущение силы и храбрости.<br>6. <i>Отвращение</i> — мотивирует отвержение физически или психологически вредных, опасных объектов.<br>7. <i>Презрение</i> — связано с чувством собственного превосходства и ценности своего Я по сравнению с объектом презрения.<br>8. <i>Страх</i> — реакция на реальную или воображаемой опасность, резко сужает внимание, выполняет важнейшую адаптивную функцию защиты.<br>9. <i>Стыд</i> — осознание несоответствия помыслов и поступков человека ожиданиям окружающих и собственным идеалам, побуждает к социальному научению.<br>10. <i>Вина</i> — следствие нарушения этических и моральных стандартов, играет ключевую роль в воспитании социальной ответственности.</p><h3>Ведущие теории эмоций</h3><p>• <b>Теория Джеймса-Ланге (физиологическая).</b> У. Джеймс и К. Ланге предположили парадоксальный вывод: <i>эмоция является следствием осознания физиологических изменений в организме</i> («Мы плачем не потому, что нам грустно, а нам грустно, потому что мы плачем»). Внешний стимул запускает рефлекторные изменения (плач, дрожь, сердцебиение), а их интерпретация мозгом рождает переживание страха или печали.<br>• <b>Теория когнитивной оценки Р. Лазаруса.</b> Опровергает автоматизм Джеймса. Прежде чем возникнет эмоция, мозг должен осуществить размышление и когнитивную оценку ситуации на предмет её опасности или пользы. Последовательность такова: Стимул — Мысль (Оценка) — Одновременное переживание физиологического сдвига и эмоции.</p><h3>Психоаналитические механизмы регуляции и защиты Эго</h3><p>Регуляция эмоций — это способность контролировать и снижать интенсивность состояний (путем дыхательной саморегуляции, нейромышечного расслабления и методов визуализации). В глубинной психологии выделяют важнейшие интерперсональные и интрапсихические механизмы:<br>• <b>Контейнирование</b> (по У. Биону) — способность личности выдерживать, удерживать в себе и перерабатывать тяжелые психологические содержания и импульсы (как свои, так и чужие) без разрушения и немедленного отреагирования. Процесс требует наличия двух психологически неравных сторон (например, родитель выступает контейнером для аффектов ребенка).<br>• <b>Ментализация</b> — способность когнитивно и эмоционально воспринимать и понимать психические состояния (мысли, чувства, потребности) как самого себя, так и других людей, делая выбор поступков на основе этой психологической реальности.<br>• <b>Зеркальные нейроны</b> — биологическая основа ментализации и эмпатии. Эти нейроны головного мозга возбуждаются как при выполнении действия самим субъектом, так и при простом наблюдении за аналогичным действием другого живого существа.<br>• <b>Защитные механизмы психики</b> — неосознаваемые автоматические процессы, направленные на минимизацию отрицательных переживаний и защиту Эго (сознания) от стресса и тревоги. К ним относятся:<br>— <i>Вытеснение</i> (активное забывание и устранение в бессознательное мыслей и чувств);<br>— <i>Реактивное обучение (образование)</i> (формирование в сознании тенденций, прямо противоположных вытесненным, например, гиперкомпенсация любви вместо подавленной агрессии);<br>— <i>Регрессия</i> (отход на более ранние, безопасные детские стадии поведения);<br>— <i>Отрицание</i> (отказ от осознания очевидной проблемы или факта кризиса);<br>— <i>Сублимация</i> (замещение неприемлемых импульсов на социально приемлемые формы творчества, деятельности или спорта);<br>— <i>Замещение</i> (перенос действия с недостижимого или опасного объекта на безопасный — например, срыв гнева на близких вместо начальника);<br>— <i>Проекция</i> (бессознательное приписывание окружающим собственных отвергаемых качеств и мотивов);<br>— <i>Рационализация</i> (поиск логических удобных причин для оправдания дезадаптивного поведения с целью избежать чувства вины);<br>— <i>Интеллектуализация</i> (подмена проживания тяжелых чувств отстраненными размышлениями о них);<br>— <i>Интроекция</i> (слепое присвоение чужих норм, ценностей и интроектов без их осмысления);<br>— <i>Компенсация</i> (стремление преодолеть недостатки, бывает позитивной — через адаптивный успех в спорте, и негативной — через проявление грубости и агрессии). Психолог-консультант в практике всегда учитывает эти защиты в зависимости от ресурсов клиента.</p>",20
general-psych,22. Потребности и мотивы: иерархия А. Маслоу и теории мотивации,"<h3>Сущность потребностей и их свойства</h3><p><b>Потребность</b> — это исходная форма активности живого существа, выражающаяся в чётком осознании специального дефицита динамики информационного, энергетического или вещественного обмена между организмом и внешней средой. Потребности выступают первоисточником любой активности личности. Они обладают тремя фундаментальными свойствами: <i>предметностью</i> (всегда направлены на что-то конкретное), <i>динамичностью</i> (способностью менять свою интенсивность) и <i>сигнальным характером</i> (проявляются через эмоциональные переживания). Потребности делятся на первичные (врожденные, биологические) и вторичные (приобретенные в процессе социализации), а также на позитивные и негативные.</p><h3>Иерархическая пирамида потребностей А. Маслоу</h3><p>Наибольшее академическое признание получила гуманистическая концепция <b>Абрахама Маслоу</b>, согласно которой все потребности человека выстроены в жесткую восходящую иерархию от «низших» (приземленных, материальных) к «высшим» (духовным). По Маслоу, потребности низших уровней выступают фундаментальными — пока они хотя бы частично не удовлетворены, потребности высшего порядка не актуализируются. Пирамида включает 7 классов:<br>1. <i>Физиологические потребности</i> (в еде, питье, сне, продолжении рода);<br>2. <i>Потребность в безопасности</i> (защита от боли, страха, хаоса, поиск стабильности);<br>3. <i>Потребность в принадлежности и любви</i> (социальные потребности включения в группу, поиска привязанности);<br>4. <i>Потребность в уважении и почитании</i> (признание обществом, одобрение, достижение успеха, авторитет);<br>5. <i>Познавательные потребности</i> (утоление любознательности, приобретение знаний, понимание мира);<br>6. <i>Эстетические потребности</i> (поиск гармонии, порядка, красоты);<br>7. <i>Потребность в самоактуализации</i> (высшая духовная потребность в полной реализации своих способностей, талантов и потенциала своего Я).</p><h3>От потребности к мотиву: типология мотивов</h3><p>Потребность сама по себе не способна направить целенаправленное поведение — на этапе «неосознанного влечения» она слепа. Мотивация к труду и деятельности возникает только тогда, когда потребность находит свой предмет в окружающем мире и опредмечивается. <b>Мотив</b> — это опредмеченная потребность, побудительная причина действий, то, ради чего выполняется деятельность. Мотивы относительно устойчивы, выступают стабильными атрибутами личности и включают в себя следующие побудительные основания:<br>• <i>Установки</i> — неосознаваемая готовность к определенному способу поведения в конкретной ситуации;<br>• <i>Желания</i> — осознанная потребность, соотнесенная с конкретным предметом удовлетворения (бывают естественными, необходимыми или избыточными);<br>• <i>Стремления</i> — повышенное эмоциональное тяготение к объекту желания на дальнюю временную перспективу;<br>• <i>Влечения</i> — состояние навязчивого, смутного тяготения к объекту;<br>• <i>Интересы</i> — эмоционально насыщенная направленность на объекты, связанные со стабильными потребностями человека.</p><h3>Эволюция теоретических подходов к мотивации</h3><p>В истории психологии природа и источники побуждения объяснялись с разных позиций:<br>• <b>Теории инстинктов (З. Фрейд, У. Макдауголл).</b> Ранний биологизаторский подход. Фрейд сводил всю активность к трем врожденным инстинктам (жизни, смерти и агрессии), энергия которых черпается из телесных потребностей (возбуждения) и связывается с понятием <i>либидо</i>. Макдауголл предложил набор из 10 инстинктов (любопытства, бегства, стадности, самоутверждения и др.). Из-за невозможности объяснить инстинктами поступки цивилизованного человека подход уступил место теориям драйвов и биологических потребностей (К. Халл), которые опирались на принцип редукции (снятия) внутреннего напряжения при удовлетворении нужды организма.<br>• <b>Поведенческая теория мотивации (бихевиоризм).</b> Д. Уотсон, К. Халл и Б. Скиннер объясняли активность в рамках жесткой стимульно-реактивной схемы, где движущей силой выступает внешнее подкрепление или наказание (оперантное обусловливание).<br>• <b>Теории психогенных потребностей (Г. Маррей).</b> Выделил около 20 вторичных, чисто человеческих потребностей, возникающих в результате воспитания (потребность в достижении успехов, аффилиации, доминировании, избегании неудач). На этой основе Д. Макклелланд и Г. Хекхаузен развили когнитивные теории мотивации достижения цели.<br>• <b>Деятельностный подход А.Н. Леонтьева.</b> Отечественная теория доказывает, что мотивационная сфера человека рождается исключительно в практической деятельности. Между строением деятельности и мотивационной сферой существует отношение <b>изоморфизма</b> (взаимного структурного соответствия): поведению в целом соответствуют потребности; конкретной системе деятельностей — разнообразие мотивов; множеству отдельных действий — упорядоченный набор целей. Развитие деятельностей и феномен «сдвига мотива на цель» полностью перестраивают личность.</p><h3>Каузальная атрибуция и ошибки межличностного восприятия</h3><p>Важным когнитивным фактором ситуативной мотивации выступает <b>каузальная атрибуция</b> — феномен межличностного восприятия, заключающийся в приписывании, интерпретации причин поведения и действий другого человека в условиях дефицита реальной информации. Пытаясь найти причины чужих поступков, люди часто совершают <i>фундаментальную ошибку атрибуции</i> — склонность объяснять чужие неудачи или действия их внутренними, личностными факторами и диспозициями («он опоздал, потому что он ленивый»), а свои собственные промахи — внешними, объективными обстоятельствами ситуации («я опоздал, потому что автобус задержался»). Причинами этой ошибки выступают: игнорирование ролевых позиций, ложное согласие (считать свое поведение единственной нормой) и большее доверие к наглядным фактам, чем к суждениям.</p>",21
social-psych,"1. Социальная психология как наука: предмет, история и структура","<h3>Предмет и объект социальной психологии</h3><p><b>Социальная психология</b> — это самостоятельная отрасль психологической науки, изучающая закономерности поведения, деятельности и эмоциональных состояний людей, обусловленные их включением в различные социальные группы, а также психологические характеристики самих этих групп. <br><b>Объектом</b> исследования выступают реальные человеческие общности (от малых учебных коллективов до больших наций) и отдельные индивиды как члены этих общностей. <b>Предметом</b> науки являются социально-психологические явления: механизмы общения, групповая динамика, социально-психологические особенности личности, закономерности массового поведения и феномены общественного сознания.</p><h3>История развития науки в России и за рубежом</h3><p>Исторический путь дисциплины принято разделять на три магистральных этапа:<br>• <i>1. Период накопления знаний в недрах философии и социологии (до середины XIX в.).</i> Социально-психологические идеи зарождались в трудах Платона, Аристотеля, а позже — Т. Гоббса и Г. Гегеля.<br>• <i>2. Период выделения в самостоятельные теоретические концепции (середина XIX в. — начало XX в.).</i> На этом этапе возникли три первые самостоятельные социально-психологические теории: <b>«Психология народов»</b> (М. Лацарус, Х. Штейнталь, В. Вундт), утверждавшая существование сверхиндивидуальной 'души народа'; <b>«Психология масс»</b> (Ш. Сигеле, Г. Лебон), изучавшая феномены подражания и деиндивидуализации человека в толпе; и <b>теория инстинктов социального поведения</b> (У. Макдауголл), сводившая социальные акты к врожденным драйверам. В России этот период ознаменовался развитием объективной психологии и рефлексологии (В.М. Бехтерев).<br>• <i>3. Период экспериментального развития (с 1908 года по настоящее время).</i> Официальным годом рождения науки считается 1908 г., когда одновременно вышли учебники У. Макдауголла за рубежом и Э. Росса в США. В этот период фокус сместился на строгий лабораторный эксперимент, изучение малых групп и аттитюдов.</p><h3>Три уровня социально-психологического исследования</h3><p>Научный анализ явлений осуществляется на трех взаимосвязанных уровнях:<br>1) <b>Микроуровень (внутриличностный и межличностный)</b> — исследование социально-психологических характеристик отдельной личности, её установок, ролей и механизмов диадического общения «тет-а-тет»;<br>2) <b>Мезоуровень (внутригрупповой и межгрупповой)</b> — изучение динамических процессов в малых группах (внутри школьного класса или студенческой группы) и психологических аспектов межгруппового взаимодействия;<br>3) <b>Макроуровень</b> — анализ психологии больших социальных групп, этнических общностей, классов, массовых движений и феноменов макросоциума.</p>",22
social-psych,2. Методы социально-психологического исследования,"<h3>Программа и этапы социально-психологического исследования</h3><p>Любое научное исследование в социальной психологии начинается с разработки <b>программы</b> — методологического документа, определяющего его цели, гипотезы, объект и выборку. <br>Процесс исследования традиционно включает четыре последовательных <b>этапа</b>:<br>1) <i>Подготовительный</i> — формулировка проблемы, изучение литературы, составление программы и пилотажное (пробное) тестирование инструментария;<br>2) <i>Эмпирический (полевой)</i> — непосредственный сбор первичных данных в изучаемых группах;<br>3) <i>Этап обработки</i> — количественный (математико-статистический) и качественный анализ собранного материала;<br>4) <i>Интерпретационный</i> — теоретическое объяснение результатов, формулировка выводов и практических рекомендаций.</p><h3>Источники информации в социальной психологии</h3><p>Для фиксации социально-психологических явлений ученые используют три главных <b>источника информации</b>:<br>• Поведенческие акты и вербальные реакции индивидов в группе;<br>• Продукты материальной и духовной деятельности группы (документы, архивы, переписка, социальные сети);<br>• Субъективные суждения, мнения и оценки участников группового взаимодействия друг о друге.</p><h3>Специфика методов социально-психологического познания</h3><p>Инструментарий науки базируется на адаптации общепсихологических методов под задачи изучения групп, а также на уникальных узкоспециализированных процедурах:<br>• <b>Наблюдение в социальной психологии</b> часто реализуется как <i>включенное наблюдение</i>. Исследователь на время становится реальным членом изучаемой группы (например, внедряется в трудовой коллектив или молодежную субкультуру), скрывая или обнаруживая свою роль. Это позволяет фиксировать глубинные социально-психологические процессы изнутри, исключая эффект реактивности. Главный минус — высокая опасность субъективного искажения данных из-за эмоционального слияния наблюдателя с группой.<br>• <b>Эксперимент</b> делят на лабораторный (высокая точность контроля переменных, но искусственность среды) и естественный (проводится в реальном классе или офисе, где люди выполняют привычную деятельность и не знают о своей роли). Классический пример — эксперименты М. Шерифа по изучению межгруппового конфликта в летнем лагере.<br>• <b>Опросные методы</b> включают массовое анкетирование и интервью. Особое место занимает глубинное фокус-групповое интервью — метод качественного сбора информации в ходе групповой дискуссии под руководством модератора.<br>• <b>Социометрический опрос (социометрия Дж. Морено)</b> — уникальный метод экспресс-диагностики неформальной структуры отношений, симпатий и антипатий в малых группах. Позволяет математически рассчитать индекс групповой сплоченности, выявить скрытые микрогруппы и статусы участников (лидеров, предпочитаемых, изолированных и отвергаемых).<br>• <b>Контент-анализ</b> — строгий метод объективного количественного и качественного изучения содержания текстов СМИ, документов группы или протоколов бесед с целью выявления скрытых психологических тенденций, установок или ценностей общности.</p>",23
social-psych,3. Социально-психологические концепции личности,"<h3>Представления о личности в зарубежной социальной психологии</h3><p>В зарубежной науке взгляд на социально-психологические проблемы личности детерминирован рамками ведущих теоретических направлений:<br>• <b>Бихевиоральный подход</b> (Дж. Уотсон, Б. Скиннер, А. Бандура) рассматривает личность как совокупность социальных реакций на стимулы среды. Центральный фокус смещен на <i>теорию социального научения</i>, доказывающую, что личность формируется путем подражания и моделирования поведения значимых других на основе внешнего подкрепления.<br>• <b>Психоаналитическое направление</b> (З. Фрейд, К. Юнг, А. Адлер) интерпретирует личность через призму изначального конфликта между врожденными инстинктами (<b>либидо</b>) и жесткими запретами социума. Социальное поведение понимается как динамика работы <b>защитных механизмов</b> Эго, а дезадаптация — как следствие детских травм в микросоциуме семьи.<br>• <b>Интеракционизм (ролевая теория)</b> (Дж. Мид, Ч. Кули) провозглашает, что личность рождается исключительно в процессах межличностного взаимодействия (интеракции). Социальное Я человека формируется за счет интериоризации ожиданий группы и способности «принимать роль другого».</p><h3>Отечественные концепции личности</h3><p>В отечественной психологической школе личность изучается в неразрывной связи с обществом, культурой и практической деятельностью:<br>• <b>Деятельностный подход (А.Н. Леонтьев, С.Л. Рубинштейн).</b> Леонтьев утверждал, что личность рождается дважды: первый раз — когда ребенок начинает осознавать свои желания в 3 года (кризис трех лет), второй раз — в подростковом возрасте, когда формируется устойчивая система смыслообразующих мотивов. Личность — это системное качество, приобретаемое индивидом в предметной <b>деятельности</b> и общении.<br>• <b>Теория отношений В.Н. Мясищева.</b> Согласно этой концепции, личность представляет собой ансамбль субъективных, сознательных и избирательных отношений к окружающей действительности и самому себе. Социальное поведение понимается как непосредственная реализация этих внутренних отношений в социуме.</p>",24
social-psych,4. Социальное поведение личности: виды и механизмы регуляции,"<h3>Структура и виды социального поведения личности</h3><p><b>Социальное поведение</b> — это внешне выраженная форма активности личности, в которой проявляются её конкретные отношения к обществу, другим людям и культурным ценностям. <br>В структуре социального поведения выделяют следующие <b>виды</b>:<br>• <i>Просоциальное поведение</i> — действия, направленные на помощь другим людям, проявление альтруизма и эмоциональной поддержки (детерминировано гуманистической эмпатией);<br>• <i>Асоциальное (девиантное) поведение</i> — поступки, нарушающие общественные нормы и морально-этические правила конкретной общности;<br>• <i>Антисоциальное (делинквентное) поведение</i> — противоправные действия, влекущие за собой уголовную или административную ответственность;<br>• <i>Конформное поведение</i> — изменение своих суждений, установок или поступков под прямым или скрытым давлением группы с целью быть принятым (эффект группового давления).<br>• <i>Ролевое поведение</i> — действия личности, жестко продиктованные требованиями её официальной социальной роли.</p><h3>Внешние и внутренние факторы регуляции поведения</h3><p>Управление и направление социального поведения человека осуществляется за счет непрерывного взаимодействия двух групп детерминант:<br>1. <b>Внешние факторы</b> (социальный контроль) — включают в себя общественные нормы, культурные интроекты, правовые законы, групповые санкции (одобрение, бойкот), традиции, обычаи и требования социальной среды.<br>2. <b>Внутренние факторы</b> (личностные диспозиции) — строятся на основе мотивационной сферы личности: её устойчивых мотивов, ценностных ориентаций, аттитюдов, уровня самооценки и локуса контроля.</p><h3>Понятие саморегуляции социального поведения</h3><p><b>Саморегуляция</b> — это высший личностно-рефлексивный процесс сознательного управления собственным поведением, эмоциями и поступками в соответствии с внутренними ценностями и внешними требованиями ситуации. Высшим этапом саморегуляции выступает способность человека тормозить импульсивные, аффективные реакции ради достижения долгосрочных, личностно значимых целей и соответствия своему Я-идеальному.</p>",25
social-psych,5. Социальный статус личности и статусные отношения,"<h3>Понятие социального статуса личности</h3><p><b>Социальный статус</b> — это объективное положение индивида в структуре общества или конкретной малой группы, определяющее его права, обязанности, круг социальных связей и степень ценностного влияния на окружающих. Статус жестко детерминирует ожидания, которые группа предъявляет к поведению человека. В социальной психологии понятие статуса имеет два ключевых смысловых значения: <i>социологическое</i> (место в макросоциуме — профессия, доход) и <i>социально-психологическое</i> (положение в системе межличностных отношений малой группы, измеряемое методом социометрии).</p><h3>Виды социальных статусов</h3><p>В зависимости от механизмов обретения и сферы проявления, статусы классифицируют на следующие виды:<br>• <b>Предписанный (аскриптивный) статус</b> — закрепляется за человеком автоматически от рождения вне зависимости от его воли и усилий (пол, возраст, этническая принадлежность, раса).<br>• <b>Достигаемый (приобретенный) статус</b> — обретается личностью целенаправленно в течение жизни за счет собственных усилий, образования, способностей и трудовой деятельности (профессия, ученая степень, статус супруга).<br>• <b>Личный статус</b> — положение, которое человек занимает в неформальной структуре малой группы на основе оценки его индивидуально-психологических свойств (например, статус лидера, 'звезды', предпочитаемого или отвергаемого).</p><h3>Институциональные и неинституциональные статусные отношения</h3><p>Взаимодействие между людьми в организации (например, в школе или вузе) строится на стыке двух систем отношений:<br>1) <b>Институциональные (официальные) отношения</b> — это формальные связи, жестко регламентированные уставом, должностными инструкциями и правовыми нормами. Они определяются официальным статусом человека в должностной иерархии (директор — учитель — ученик). В этих условиях управление осуществляется через административные санкции.<br>2) <b>Неинституциональные (неофициальные) отношения</b> — это неформальные, эмоционально насыщенные связи, возникающие стихийно на основе личных симпатий, антипатий, общих интересов и психологической близости. Неформальный статус участника (например, неформальный лидер класса) может не совпадать с официальным, что часто становится скрытой причиной межличностных конфликтов в коллективе.</p>",26
social-psych,6. Социальная роль и ролевые конфликты личности,"<h3>Понятие и характеристики социальной роли</h3><p><b>Социальная роль</b> — это динамический аспект социального статуса, представляющий собой нормативно одобренный, ожидаемый от человека паттерн поведения в конкретной ситуации общения. Если статус — это позиция в группе, то роль — это функция и реальное действие внутри этой позиции. <br>Любая роль обладает пятью фундаментальными <b>характеристиками</b> (по Т. Парсонсу):<br>1) <i>Масштаб</i> — широта требований к поведению (например, роль мужа имеет огромный масштаб, а роль пассажира в автобусе — минимальный);<br>2) <i>Способ получения</i> — предписанные (дочь) или достигаемые (студент);<br>3) <i>Эмоциональность</i> — степень сдержанности чувств (роль врача требует хладнокровия, роль друга — высокой эмпатии);<br>4) <i>Формализация</i> — регламентация действий законами или традициями;<br>5) <i>Мотивация</i> — внутренняя направленность роли (на личную выгоду или общественное благо).</p><h3>Основные виды социальных ролей</h3><p>В зависимости от сферы проявления ролевые функции классифицируют на два класса:<br>• <b>Конвенциональные (официальные) роли</b> — формальные, стандартизированные роли, заданные институциональными отношениями общества (роль учителя, юриста, избирателя);<br>• <b>Межличностные (неформальные) роли</b> — роли, возникающие стихийно в неформальных группах на основе личных отношений и ожиданий участников (роль лидера, 'души компании', 'козла отпущения', защитника).</p><h3>Ролевые конфликты и их природа</h3><p>В процессе жизнедеятельности личность одновременно выполняет множество ролей, что неизбежно ведет к возникновению психологического напряжения — <b>ролевого конфликта</b>. Выделяют три типа таких конфликтов:<br>1. <b>Межролевой конфликт</b> — возникает тогда, когда требования разных социальных ролей одного человека противоречат друг другу (классический пример: конфликт работающей женщины между ролью успешного сотрудника и ролью заботливой матери).<br>2. <b>Внутриролевой конфликт</b> — ситуация, когда разные социальные группы предъявляют противоположные, несовместимые ожидания к выполнению <i>одной и той же</i> роли (например, роль классного руководителя: директор требует строгой отчетности, а ученики — доверительного неформального общения).<br>3. <b>Личностно-ролевой конфликт</b> — возникает, когда требования социальной роли полностью противоречат внутренним ценностным ориентациям, моральному развитию, характеру и Я-концепции самой личности (например, честный человек вынужден по роли продавать некачественный товар).</p>",27
social-psych,7. Ценности и моральное развитие личности,"<h3>Понимание ценностей в социальной психологии</h3><p><b>Ценностные ориентации</b> — это важнейшие элементы внутренней структуры личности, закрепленные её жизненным опытом и определяющие её отношение к социальной действительности. Ценности выступают высшим уровнем внутренней регуляции социального поведения. Они задают вектор долгосрочным целям, идеалам и жизненным планам человека. В социальной психологии ценности рассматриваются как связующее звено между культурой общества и внутренним миром конкретной личности.</p><h3>Обретение ценностей и моральное развитие личности</h3><p>Формирование ценностной сферы неразрывно связано с этапами взросления и социализации. Психологи (Л. Кольберг, Ж. Пиаже) доказали, что <b>моральное развитие личности</b> проходит через три магистральных уровня:<br>1) <i>Доконвенциональный уровень</i> — ценности и правила соблюдаются ребенком исключительно ради эгоцентрической выгоды, получения похвалы или избегания физического наказания со стороны родителей;<br>2) <i>Конвенциональный уровень</i> — ценности строятся на основе слепого подчинения законам общества и нормам своей группы ради сохранения порядка и одобрения значимых других (доминирует конформное поведение);<br>3) <i>Постконвенциональный уровень</i> — высший этап, когда личность формирует собственную автономную систему универсальных этических принципов и ценностей, которые могут стоять выше законов государства, если те противоречат гуманистическому сопереживанию и правам человека.</p><h3>Модернизация и культурные различия в ценностных ориентациях</h3><p>Ценностные структуры качественно различаются в зависимости от культурно-исторического типа общества. Крупнейшие кросс-культурные исследования (Г. Хофстеде, Ш. Шварц) выявили два базовых вектора:<br>• <b>Коллективистские культуры</b> (характерны для традиционных обществ Азии, Востока) — на первом месте стоят ценности служения группе, лояльности, сохранения традиций, уважения к иерархии статусов и общего блага. Личные интересы здесь подчинены целям общности.<br>• <b>Индивидуалистические культуры</b> (характерны для современных западных обществ) — доминируют ценности личного достижения цели, автономии Я, независимости, самоактуализации, свободы выбора и гедонизма.<br>Процессы глобализации и <i>модернизации</i> постепенно трансформируют ценности традиционных культур, сдвигая их в сторону индивидуализации, однако базовые этнические интроекты и менталитет сохраняют высокую стабильность.</p>",28
social-psych,"8. Социальные установки (аттитюды): природа, структура и виды","<h3>Природа социальной установки (аттитюда)</h3><p><b>Социальная установка (аттитюд)</b> — это сформированная на основе прошлого опыта устойчивая психологическая готовность личности к определенному восприятию, оценке и поведению по отношению к конкретному социальному объекту, человеку, группе или событию. Понятие аттитюда является одним из центральных в социальной психологии. Установка выполняет функцию экономии умственных усилий (когнитивного ресурса) [1.18, 1.24]: сталкиваясь со сложным объектом, сознание не вычисляет отношение к нему заново, а мгновенно активирует готовый ментальный шаблон, направляющий регуляцию поведения.</p><h3>Трехкомпонентная структура аттитюда</h3><p>В академической науке общепринятой является трехкомпонентная модель структуры социальной установки (М. Смит, Д. Кац):<br>1) <b>Когнитивный компонент</b> — знания, убеждения, представления и интеллектуальные суждения личности о социальном объекте (например, рациональное знание студента о пользе портала);<br>2) <b>Аффективный компонент</b> — эмоциональное отношение, чувства, оценки по шкале «приятно — неприятно», симпатии или антипатии, вызываемые данным объектом;<br>3) <b>Поведенческий (поведенческо-конативный) компонент</b> — готовность к осуществлению реального практического действия, конкретные поведенческие интенции по отношению к объекту.</p><h3>Виды установок и их соотношение с ценностями</h3><p>Социальные установки тесно связаны с <b>ценностными ориентациями</b>, но качественно отличаются от них по масштабу. Ценности абстрактны, глобальны и выступают высшими жизненными ориентирами (например, ценность Свободы или Познания). Аттитюды всегда конкретны, предметны и направлены на осязаемые объекты (установка по отношению к конкретному учебному предмету, закону, человеку). Ценности выступают фундаментом, на котором надстраивается множество частных аттитюдов.<br>По уровню обобщенности (классификация В.А. Ядова) установки делят на:<br>• <i>Элементарные фиксированные установки</i> — возникают на базе биологических потребностей в простейших бытовых ситуациях;<br>• <i>Социальные установки (аттитюды)</i> — формируются в малых группах по отношению к конкретным объектам и ситуациям общения;<br>• <i>Базовые социальные установки</i> — регулируют общую направленность активности личности в более широких сферах (например, отношение к профессиональной деятельности);<br>• <i>Ценностные ориентации</i> — высший уровень диспозиционной системы личности.</p>",29
social-psych,9. Формирование установок и их влияние на поведение личности,"<h3>Особенности формирования социальных установок</h3><p>Формирование <b>аттитюдов</b> — это прижизненный процесс, протекающий в ходе социализации под влиянием непосредственного и опосредованного опыта. Выделяют четыре магистральных пути зарождения установок:<br>1) <i>На основе личного контакта</i> — через непосредственное эмоциональное или практическое взаимодействие с объектом;<br>2) <i>Под влиянием группового давления</i> — интериоризация установок значимой группы ради получения одобрения (конформное поведение);<br>3) <i>Через механизмы социального научения</i> — усвоение родительских или культурных шаблонов поведения в детстве;<br>4) <i>Под воздействием СМИ и социальных коммуникаций</i> — целенаправленное конструирование мнений о масштабных макросоциальных явлениях.</p><h3>Влияние установок на реальное поведение: парадокс Лапьера</h3><p>Долгое время в науке считалось, что знание аттитюда человека позволяет со 100% точностью спрогнозировать его реальные поступки. Однако в 1934 году американский социолог Ричард Лапьер экспериментально доказал обратное, открыв знаменитый <b>парадокс Лапьера</b> (диссонанс между установкой и поведением). <br>Лапьер путешествовал по США с молодой китайской парой в период жестких расовых предрассудков. Они посетили 251 отель и ресторан, и практически везде (за исключением одного заведения) им оказали радушный прием. Спустя полгода Лапьер разослал в эти же заведения письма с вопросом: 'Готовы ли вы принять у себя китайцев?'. Из полученных ответов 92% содержали категорический отказ.</p><p>Этот феномен продемонстрировал, что вербальные суждения (когнитивный и аффективный компоненты) часто не совпадают с реальными действиями (конативным компонентом). На силу влияния аттитюда на поведение воздействуют сопутствующие факторы:<br>• <i>Степень конкретности</i> — общие установки (отношение к расе) слабо предсказывают поступок в конкретной ситуации (встреча с вежливой парой у стойки регистратора);<br>• <i>Уровень доступности и прочности аттитюда</i> в памяти человека;<br>• <i>Давление социальной ситуации</i> — страх перед открытым конфликтом или осуждением окружающих здесь и теперь заставляет человека тормозить проявление своей реальной установки.</p>",30
social-psych,10. Модели изменения социальных установок личности,"<h3>Когнитивные модели изменения аттитюдов</h3><p>Изменение ранее сформированных социальных установок — сложный процесс, изучаемый в социальной психологии в рамках двух ключевых методологических подходов: когнитивного и бихевиорально-коммуникативного. Когнитивные модели исходят из принципа соответствия: человек стремится поддерживать внутреннюю гармонию между своими знаниями, чувствами и действиями. Главной здесь является <b>теория когнитивного диссонанса Леона Фестингера</b> [3.21].</p><p>Согласно Фестингеру, если человек сталкивается с противоречивой информацией или совершает поступок, идущий вразрез с его реальной установкой, у него возникает <i>когнитивный диссонанс</i> — тягостное психологическое напряжение. Чтобы избавиться от этого дискомфорта, личность вынуждена менять либо свое поведение, либо саму исходную установку (например, курильщик, узнав о вреде сигарет, либо бросает курить, либо меняет аттитюд, убеждая себя, что риски преувеличены). Близкой к ней является теория коммуникативного соответствия Ф. Хайдера (модель баланса P-O-X), утверждающая, что человек меняет отношение к объекту (X), чтобы сохранить гармоничные отношения со значимым другим (O).</p><h3>Бихевиорально-коммуникативный подход (Йельская школа)</h3><p>В рамках данного направления (К. Ховланд, Г. Келли) изменение установок рассматривается как результат целенаправленного речевого и информационного воздействия — <b>убеждающей коммуникации</b>. Изменение аттитюда понимается как научение новому вербальному поведению под влиянием четырех ключевых детерминант:<br>1) <i>Источника сообщения (Кто говорит)</i> — аттитюды меняются эффективнее, если коммуникатор обладает высоким экспертным статусом, авторитетом и вызывает доверие [3.5];<br>2) <i>Структуры сообщения (Что говорит)</i> — наличие строгой логики, аргументации с обеих сторон (двусторонняя аргументация) и умеренный уровень апелляции к эмоциям (например, не вызывающий паники страх);<br>3) <i>Каналов передачи (Как говорит)</i> — личное общение эффективнее, чем аудиовизуальные или печатные СМИ;<br>4) <i>Особенностей аудитории (Кому говорит)</i> — учитывается уровень самооценки, интеллекта, возраст и степень ригидности установок слушателей.</p>",31
social-psych,11. Психология социальных групп и условия группообразования,"<h3>Понятие и классификация социальных групп</h3><p><b>Социальная группа</b> — это реально существующее или идеальное объединение людей, связанных общими признаками, совместной предметной <b>деятельностью</b>, общими ценностями, целями и взаимно детерминированными отношениями. В социальной психологии многообразие групп классифицируют по нескольким критериям:<br>• <i>По масштабу</i>: большие группы (классы, нации, профессии) и малые группы (от 2 до 30–40 человек, находящихся в личном контакте);<br>• <i>По официальному статусу</i>: формальные (институциональные, созданные на основе документов) и неформальные (возникающие стихийно на основе личных симпатий);<br>• <i>По характеру взаимодействия</i>: первичные (высокий эмоциональный контакт — семья, близкие друзья) и вторичные (деловые, функциональные связи);<br>• <i>По степени значимости</i>: группы членства (в которых человек реально состоит) и референтные группы (чьи нормы и <b>ценностные ориентации</b> выступают для личности эталоном и идеалом).</p><h3>Социально-психологические особенности малой группы</h3><p><b>Малая группа</b> — это базовая ячейка группового взаимодействия, члены которой объединены общей целью и находятся в непосредственном устойчивом личном контакте «лицом к лицу» ( face-to-face). Ключевыми признаками малой группы являются: наличие общей цели деятельности, групповых норм (правил поведения), ролевой и статусной иерархии, системы социального контроля и санкций, а также специфического чувства групповой идентичности (психологического феномена «Мы — Они»).</p><h3>Условия процесса группообразования</h3><p>Превращение случайного конгломерата людей в психологически целостную малую группу (<b>группообразование</b>) происходит при неукоснительном соблюдении пяти внешних и внутренних условий:<br>1) <i>Наличие общей внешней задачи</i> или цели жизнедеятельности, которую невозможно эффективно решить в одиночку;<br>2) <i>Организация совместной деятельности</i> по выполнению этой задачи;<br>3) <i>Пространственная близость</i> и регулярность межличностных контактов участников;<br>4) <i>Потребность в аффилиации</i>, безопасности, социальном включении и психологической поддержке у членов общности;<br>5) <i>Наличие лидера</i> или организатора, координирующего усилия и исполнительские этапы деятельности.</p>",32
social-psych,12. Уровни развития малой группы и концепция коллектива,"<h3>Проблема развития группы в социальной психологии</h3><p>Малая группа не является статичным образованием; она проходит сложный исторический путь качественной перестройки внутренних связей и изменения эффективности совместной деятельности. Процесс усложнения структуры группы, развития её норм и ценностей в отечественной науке описывается через уровни группового развития. Высшим этапом этого процесса выступает <b>коллектив</b>. Центральным методологическим каркасом здесь является <i>стратометрическая концепция коллективообразования (теория деятельностного опосредования)</i> А.В. Петровского.</p><h3>Уровни развития малой группы (по А.В. Петровскому)</h3><p>Отечественная классификация ранжирует группы по двум критериям: степени выраженности совместной деятельности и уровню социальной значимости их целей:<br>• <b>Конгломерат (номинальная группа)</b> — низший уровень. Случайное, временное скопление людей, объединенных лишь внешним пространством или общей вывеской (например, пассажиры автобуса или абитуриенты в очереди), где межличностные контакты поверхностны.<br>• <b>Ассоциация</b> — группа, в которой появляется общая цель, но совместная предметная деятельность еще не развернута. Отношения регулируются личными симпатиями, а не общим делом.<br>• <b>Кооперация</b> — характеризуется высоким уровнем организации совместной деятельности. Появляется четкая ролевая и статусная иерархия, система распределения труда. Однако ценностные ориентации участников еще могут носить эгоцентрический характер.<br>• <b>Корпорация</b> — группа, обладающая высочайшей сплоченностью и организованной деятельностью, но её цели и ценности направлены исключительно вовнутрь (групповой эгоизм). Корпорация противопоставляет себя макросоциуму, защищая свои интересы в ущерб другим общностям (пример: замкнутая секта, преступная группировка).<br>• <b>Коллектив</b> — высший уровень развития малой группы. Это устойчивая общность людей, где совместная деятельность носит социально полезный характер, а межличностные отношения полностью опосредованы общими ценностями и целями этого труда.</p><h3>Многоуровневая структура коллектива (Стратометрия Петровского)</h3><p>Согласно стратометрической концепции, психологическая структура зрелого коллектива состоит из трех концентрических слоев (страт):<br>1. <i>Внешний слой (поверхностная страта)</i> — уровень эмоциональных, непосредственных контактов (симпатии, антипатии, неинституциональные роли) [3.5];<br>2. <i>Второй слой (ЦОУ — ценностно-ориентационное единство)</i> — более глубокая страта, где межличностные отношения опосредованы совместной деятельностью. Здесь фиксируется совпадение оценок, идеалов и целей команды;<br>3. <i>Ядро коллектива (третий слой)</i> — высший уровень сплоченности, выражающийся в полном принятии членами группы целей совместного социально важного труда, формировании коллективной идентичности и готовности к самоотдаче ради общего дела.</p>",33
social-psych,13. Групповая динамика: консолидация и лидерство в группе,"<h3>Динамические процессы и консолидация в малой группе</h3><p><b>Групповая динамика</b> — это совокупность внутригрупповых социально-психологических процессов, определяющих этапы жизнедеятельности, функционирования и изменения малой группы. Центральным процессом здесь выступает групповая <i>консолидация (интеграция)</i> — превращение хаотичного скопления индивидов в сплоченную команду. Мерой консолидации является ценностно-ориентационное единство (ЦОУ), отражающее совпадение ключевых идеалов участников. Консолидация обеспечивается механизмами неформального общения и выработкой общих групповых норм — неписаных правил поведения, нарушение которых влечет за собой негативные групповые санкции.</p><h3>Феномен лидерства и руководства</h3><p>В процессе распределения статусов и ролей в группе неизбежно выделяются ключевые фигуры влияния. В социальной психологии строго разделяют два понятия:<br>• <b>Лидерство</b> — это психологический феномен стихийного возникновения авторитетного лица внутри системы неформальных (неинституциональных) межличностных отношений. Лидер выдвигается группой снизу на основе личных симпатий и признания его ценностного превосходства в решении конкретных задач.<br>• <b>Руководство</b> — это юридический, официальный процесс управления группой, детерминированный институциональными отношениями. Руководитель назначается сверху, обладает официальным социальным статусом и распоряжается административными мерами контроля и санкциями.</p><h3>Академическая классификация стилей лидерства</h3><p>Основоположник изучения групповых стилей <b>Курт Левин</b> в ходе масштабных экспериментов классифицировал три традиционных стиля управления, качественно определяющих продуктивность деятельности и эмоциональный климат коллектива:<br>1) <b>Авторитарный (директивный) стиль</b> — вся полнота власти и принятия решений сосредоточена в руках руководителя. Общение строится в виде жестких приказов, инструкции детальны, инициатива исполнителей подавляется. <br><i>Плюсы:</i> максимальная скорость принятия решений и высокая продуктивность в кризисных ситуациях. <br><i>Минусы:</i> высокая тревожность и скрытая агрессия в группе, падение мотивации труда при отсутствии лидера.<br>2) <b>Демократический (коллегиальный) стиль</b> — решения принимаются совместно на основе дискуссий и голосования. Руководитель делегирует полномочия, стимулирует инициативу, общение строится на раппорте и доверии. <br><i>Плюсы:</i> высокая удовлетворенность трудом, сплоченность, стойкий познавательный интерес, творческая активность.<br>3) <b>Попустительский (либеральный / анархический) стиль</b> — руководитель занимает пассивную позицию, полностью уклоняясь от принятия решений и контроля. Группа предоставлена сама себе. <br><i>Плюсы:</i> отсутствуют. <br><i>Минусы:</i> распад структуры деятельности, межличностные конфликты, скрытая фрустрация участников и минимальная продуктивность.</p>",34
social-psych,14. Межличностные процессы и принятие групповых решений,"<h3>Межличностные процессы в групповой динамике</h3><p>Жизнедеятельность малой группы наполнена непрерывным социально-психологическим взаимодействием, в котором выделяют четыре ключевых процесса:<br>• <b>Социальная адаптация</b> — начальный этап вхождения индивида в новую группу, при котором происходит усвоение её норм, традиций, ролевых ожиданий и ценностно-ориентационного единства.<br>• <b>Конкуренция (соперничество)</b> — динамический процесс борьбы за дефицитные групповые ресурсы, высокий социальный статус или лидерство. Конкуренция может временно повышать продуктивность деятельности, но при избыточном напряжении ведет к конфликтам и деструктивной фрустрации участников.<br>• <b>Кооперация (сотрудничество)</b> — объединение усилий членов группы для совместного достижения цели, характеризующееся взаимопомощью и раппортом.<p>Важнейшим интегративным процессом выступает <b>групповая идентификация</b> — психологический процесс уподобления, отождествления индивида с членами своей группы. Высшей формой этого феномена в коллективе является <i>действенная групповая эмоциональная идентификация (ДГЭИ)</i>. Она выражается в том, что человек воспринимает успехи и неудачи группы как свои личные, проявляя безусловное сопереживание (гуманистическую эмпатию) к коллегам.</p><h3>Феномены принятия групповых решений</h3><p>В процессе совместного обсуждения задач группа вырабатывает единое мнение или план действий. Когнитивная наука выявила, что групповое решение качественно отличается от индивидуального выбора. При этом возникают специфические социально-психологические феномены:<br>• <b>Феномен сдвига к риску (групповой поляризации)</b> — после совместного группового обсуждения итоговое решение оказывается более рискованным и радикальным, чем среднее арифметическое решений, принятых участниками индивидуально до дискуссии. Причинами выступают размывание индивидуальной ответственности внутри «Мы-идентичности» и ценностный статус смелости в культуре.<br>• <b>Феномен огруппления мышления (Groupthink)</b> (описан И. Джанисом) — специфический дезадаптивный стиль принятия решений высокосплоченными группами. Возникает в условиях стресса или изоляции. Стремление членов группы к полному единомыслию и конформному поведению становится важнее, чем реалистическая оценка альтернативных вариантов. Группа начинает верить в свою непогрешимость, игнорирует объективные риски, подавляет инакомыслие внутри себя и совершает грубые стратегические ошибки.</p>",35
social-psych,15. Психология больших групп и массовые явления,"<h3>Понятие и классификация больших социальных групп</h3><p><b>Большие социальные группы</b> — это устойчивые общности людей, существующие в масштабах всего общества, члены которых не находятся в непосредственном личном контакте «лицом к лицу», но объединены общими когнитивными фильтрами, образом жизни, культурными традициями и социальными интересами. <br>В социальной психологии большие группы классифицируют на два основных типа:<br>1) <i>Объективно сложившиеся (устойчивые) группы</i> — классы, этносы (нации), профессиональные сообщества, гендерные и возрастные группы (например, студенчество). Они характеризуются длительной историей и прочной структурой;<br>2) <i>Стихийные (кратковременные) группы</i> — толпа, публика, аудитория. Механизмы взаимодействия в них строятся на сиюминутных эмоциональных состояниях.</p><h3>Социально-психологические особенности больших групп</h3><p>В отличие от малых групп, где регуляция поведения строится на личном раппорте и контроле, в больших группах главными регуляторами выступают <b>общественное сознание</b>, групповой менталитет, обычаи, традиции, мифы, социальные стереотипы и язык. Специфическим признаком зрелой большой группы является наличие её собственной *групповой психологии*, включающей групповой характер, потребности, коллективную идентичность и ценностные ориентации.</p><h3>Массовые социально-психологические явления</h3><p>В стихийных больших группах и неструктурированных скоплениях людей (толпе) регуляция поведения перестраивается на основе бессознательных аффективных процессов. Ключевыми <b>массовыми явлениями</b> выступают:<br>• <b>Психическое заражение</b> — процесс бессознательной, автоматической передачи эмоционального состояния (паники, ярости, экстаза) от одного человека к другому на уровне соматического Я. Заражение лавинообразно нарастает в толпе через циркулярную реакцию, подавляя логическое мышление;<br>• <b>Подражание</b> — воспроизведение индивидом образцов демонстрируемого поведения, жестов или поступков других людей (лежит в основе моды и массовых увлечений);<br>• <b>Внушение (суггестия)</b> — целенаправленное вербальное или невербальное воздействие на сознание человека, принимаемое им без критического осмысления и логического анализа;<br>• <b>Паника</b> — эмоциональное состояние острого страха, охватывающее большую группу людей при реальной или воображаемой угрозе. Паника сопровождается деиндивидуализацией сознания, потерей волевого самоконтроля и хаотичным эгоцентрическим бегством;<br>• <b>Слухи</b> — специфический вид массовой информации, передаваемый по неформальным каналам общения при дефиците или жесткой цензуре официальных данных. Слухи деформируются в процессе передачи через законы сглаживания (утрата деталей), заострения (акцентирование ярких фрагментов) и уподобления (подстройка сюжета под личные страхи или установки аудитории).</p>",36
developmental-psych,"1. Предмет, объект, теоретические и практические задачи психологии развития","<h3>Понятие психологии развития и возрастной психологии</h3><p><b>Психология развития</b> — отрасль психологической науки, изучающая динамику психики человека, онтогенез психических процессов и психических качеств человека на протяжении всей жизни. <b>Возрастная психология</b> исследует конкретные хронологические этапы, возрастные нормы и специфику психологических возрастов в рамках индивидуального жизненного пути человека.</p><h3>Дифференциация объекта и предмета науки</h3><p>Строгое методологическое разделение объекта и предмета является базовым критерием автономности дисциплины:</p><ul><li><b>Объект:</b> возрастные изменения психики, поведения, жизнедеятельности и личности человека.</li><li><b>Предмет:</b> законы, закономерности, тенденции изменения психики, поведения, жизнедеятельности и личности человека в течение жизни.</li></ul><h3>Теоретические и практические задачи</h3><p>Архитектура задач дисциплины традиционно бинарна и разделяется на академический и праксиологический блоки:</p><p><b>Теоретические задачи возрастной психологии:</b></p><ul><li>Изучение движущих сил, источников и механизмов психического развития на всем протяжении жизненного пути человека.</li><li>Периодизация психического развития в онтогенезе.</li><li>Изучение возрастных особенностей и закономерностей протекания (возникновения, становления, изменения, совершенствования, деградации, компенсации) психических процессов (восприятия, памяти, внимания и др.).</li><li>Установление возрастных возможностей, особенностей, закономерностей осуществления различных видов деятельности, усвоения знаний.</li><li>Исследование возрастного развития личности, в том числе в конкретных исторических условиях.</li></ul><p><b>Практические задачи возрастной психологии:</b></p><ul><li>Определение возрастных норм психических функций, выявление психологических ресурсов и творческого потенциала человека.</li><li>Создание службы систематического контроля за ходом психического развития, психического здоровья детей, оказания помощи родителям в проблемных ситуациях.</li><li>Возрастная и клиническая диагностика.</li><li>Выполнение функции психологического сопровождения, помощи в кризисные периоды жизни человека.</li><li>Наиболее оптимальная организация учебно-образовательного процесса, непрерывного образования (в том числе ориентированного на людей среднего и пожилого возраста).</li></ul><h3>Структура психологии развития и возрастной психологии</h3><p>Разделы возрастной психологии включают в себя: <i>детскую психологию</i> (пренатальная и младенчество), <i>психология подростка</i>, <i>психология юности</i> (старшего школьника и поздней юности), <i>психология взрослого человека</i> (акмеология) и <i>психология старости, пожилого человека</i> (геронтология). Возрастная психология тесно связана с общей, социальной, педагогической, дифференциальной психологией, а также философией, анатомией, физиологией и педагогикой.</p>",37
developmental-psych,2. Принципы и основные проблемы психологии развития,"<h3>Принципы психологии развития</h3><p>Методологический фундамент и логика построения любого исследования онтогенеза базируются на системе объяснительных академических правил. В науке выделяют следующие фундаментальные <b>принципы психологии развития</b>:</p><ul><li><b>Принцип детерминизма.</b> Подразумевает, что все психические явления связаны по закону причинно-следственных отношений. Любое изменение в структурах сознания или поведения имеет свою объективную причину. Данная причинно-следственная связь объясняет, почему одно явление закономерно приводит к другому.</li><li><b>Принцип системности.</b> Описывает и объясняет основные виды связи между разными сторонами психики. Предполагается, что отдельные психические явления внутренне связаны между собой, образуя динамическую целостность, и приобретают благодаря этому качественно новые свойства.</li><li><b>Принцип развития.</b> Подтверждает, что психика всегда качественно изменяется и трансформируется во времени. Из этого следует, что наиболее адекватным способом изучения любого процесса является глубокое исследование закономерностей этого генезиса, его видов, переломов и межфункциональных связей.</li><li><b>Принцип объективности.</b> Реализуется в строгом учете различий социально-экономических, исторических, этнопсихологических факторов при сравнении детей по уровню психического развития. Он требует максимально возможной эквивалентности экспериментальной и контрольной групп при исследовании новых методов обучения и воспитания.</li><li><b>Принцип единства сознания и деятельности.</b> Постулирует, что человек и его индивидуальная психика формируются, перестраиваются и активно проявляются в его практической деятельности. А потому адекватно изучаться они могут, прежде всего, через объективные проявления в такой предметной деятельности.</li><li><b>Генетический принцип.</b> Исследует фундаментальные закономерности общей психологии, изучая постепенное формирование определенной функции. Он требует проводить изучение психических явлений непосредственно в процессе их возникновения, становления и качественного изменения, а не в готовом виде.</li></ul><h3>Основные проблемы психологии развития</h3><p>Современное состояние дисциплины характеризуется наличием ряда глубоких внутренних противоречий и методологических трудностей, которые образуют ключевые <b>проблемы психологии развития</b>:</p><p><b>1. Неравномерная изученность возрастов.</b> В академической науке крайне неравномерно изучены разные возрасты жизненного пути. Преобладающее внимание традиционно уделяется парциальным характеристикам: в отдельных периодах онтогенеза детально изучается то мышление, то личность, то специфика общения, тогда как целостная картина развития часто упускается.</p><p><b>2. Дефицит исследований переходных периодов.</b> В возрастной науке мало исследованы переходные периоды и критические точки развития. В большинстве эмпирических работ в основном используется метод поперечных срезов — одновременное изучение психических процессов у различных изолированных групп детей, стоящих на разных возрастных ступенях или находящихся в разных условиях среды. Намного реже на практике применяются сложные методы продольного лонгитюдного исследования, то есть непрерывного изучения у одних и тех же людей динамики психического развития и отдельных процессов на протяжении определенного промежутка времени.</p><p><b>3. Разрыв теории и практики.</b> Во многих современных научных работах полностью отсутствует сбалансированный, комплексный анализ резервов и лимитов возраста. Из-за этого накопленные фундаментальные теоретические сведения слабо и неэффективно используются при решении прикладных задач реальной психологической и педагогической практики.</p>",38
developmental-psych,"3. Методология, стратегии и методы изучения психического развития человека","<h3>Метод наблюдения в психологии развития</h3><p>Основные исследовательские методы психологии развития и возрастной психологии — это методы сбора фактов, выяснения тенденций и динамики психического развития, которое развернуто во времени. Прежде всего, к ним относится <b>метод наблюдения</b>. Исторически исследователи прослеживали индивидуальное развитие собственных детей и стремились фиксировать реальный ход детского развития в естественных условиях среды. Однако научное наблюдение не должно сводиться к простой регистрации фактов, его основная цель — научное объяснение скрытых причин того или иного психического явления.</p><p>В науке выделяют следующие необходимые <b>условия научного наблюдения</b>:</p><ul><li>Строгая постановка цели и разработка детального плана;</li><li>Выбор конкретного объекта и ситуации наблюдения;</li><li>Поддержание естественных условий жизни и полное невмешательство в деятельность испытуемого;</li><li>Объективность и систематичность наблюдений, а также разработанность способов фиксации результатов.</li></ul><p>Выдающийся отечественный ученый М.Я. Басов рассматривал объективное наблюдение как основной метод детской психологии. В 1924 г. он разработал и предложил специальную методику психологического наблюдения за детьми, направленную против субъективизма в описании поведения. Им была составлена детальная схема, в которой были соотнесены особенности психических функций (двигательной сферы, восприятия, памяти, воображения, мышления, речи, сферы чувств и волевых процессов) и поведенческие моменты, в которых эти особенности проявляются на практике. Например, утомляемость предлагалось оценивать по длительности того усилия, которое обычно прикладывает ребенок при достижении цели, а при оценке сферы чувств Басов выделял доступные объективной регистрации признаки: легкость возбуждения, устойчивость, обилие или бедность внешних проявлений.</p><p>В процессе исследования ученый фиксирует только внешние проявления поведения ребенка, то есть симптомы (действия с предметами, высказывания), а интересуют его скрывающиеся за ними внутренние психические процессы и состояния. Наблюдение может быть организовано как <b>сплошное наблюдение</b> (охватывает одновременно многие стороны поведения одного ребенка в течение длительного времени) и <b>выборочное наблюдение</b> (фиксирует строго определенную одну сторону поведения или действия в конкретные промежутки времени).</p><h3>Эксперимент как метод эмпирического исследования</h3><p><b>Эксперимент</b> предполагает активное вмешательство исследователя в деятельность испытуемого с целью создания контролируемых условий, в которых выявляется психологический факт. Выделяют лабораторный и естественный эксперимент. Идею естественного эксперимента выдвинул отечественный ученый А.Ф. Лазурский, который призывал к разработке новых форм исследования. Чтобы организовать <b>естественный эксперимент</b>, создается модель деятельности, весьма близкой к тем занятиям, которые обычны и естественны для участников (например, дидактическая игра в группе детского сада).</p><p>Экспериментальное исследование в возрастной психологии может быть констатирующим и формирующим:</p><ul><li><b>Констатирующий эксперимент</b> направлен на выявление наличного уровня развития психологического явления или качества. Примером служит тестовое обследование интеллекта детей.</li><li>В зарубежной психологии констатирующему исследованию обычно противопоставляется <b>обучающее исследование</b>. Метод обучающего эксперимента строится на сравнении результатов испытуемых, первоначально сходных во всех отношениях, но различающихся по объему опыта, полученному группами в процессе обучения, что позволяет выдвинуть содержательную гипотезу о факторах развития.</li><li>Возникновение метода формирующего эксперимента в отечественной психологии связано с именем Л.С. Выготского. Замысел формирующего (или экспериментально-генетического, генетико-моделирующего) исследования состоит в искусственном воссоздании и моделировании процесса психического развития. Его главная цель — глубокое изучение условий и закономерностей происхождения того или иного психического новообразования. Исследователь теоретически намечает и подбирает пути формирования новой для испытуемого способности. Если <b>формирующий эксперимент</b> закономерно приводит к желаемому результату, делается вывод о том, что удалось проникнуть во внутреннюю сущность развития данной способности.</li></ul>",39
developmental-psych,"4. Вспомогательные, сравнительные методы и схемы организации исследования","<h3>Вспомогательные методы исследования в психологии развития</h3><p>Помимо основных обсервационных и экспериментальных методов, в возрастной психологии используется широкий комплекс дополнительных приемов. Как правило, они применяются в системе для верификации данных. Прежде всего, это выяснение знаний, мнений, представлений и ценностных установок людей разных возрастных категорий с помощью таких методов, как <b>интервьюирование</b>, беседа и <b>анкетирование</b>. Также активно применяется метод тестов (тестирование), позволяющий в сравнительных величинах оценить уровень когнитивного и личностного развития.</p><p>Особое значение имеет <b>анализ продуктов деятельности</b> — детальное изучение рисунков, аппликаций, конструирования, музыкального или литературного творчества ребенка. Например, многочисленные рисуночные методики (рисунок семьи, рисунок человека) служат инструментом диагностики интеллектуальной сферы и эмоциональных особенностей. Для правильной интерпретации продукта часто необходимо скрытое наблюдение за самим процессом его создания, так как одни и те же симптомы в работах испытуемых разных психологических возрастов могут быть расценены по-разному.</p><p>Для выявления структуры межличностных отношений в детских и учебных коллективах применяется <b>социометрический опрос</b> (социометрические методики). Показатели наличия и количества лидеров («звезд»), взаимности выборов и сплоченности группы, используемые при составлении социограммы, представляют наглядную картину взаимоотношений в детском саду или школьном классе, однако они не раскрывают глубинных причин сложившейся ситуации.</p><h3>Сравнительные методы исследования</h3><p>Сравнительные методы имеют колоссальное значение для проверки фундаментальных гипотез возрастной психологии:</p><ul><li><b>Близнецовый метод</b> — исследует соотносительную роль наследственности, среды и воспитания в психическом развитии личности путем сравнения монозиготных и дизиготных близнецов.</li><li><b>Сравнение нормы и патологии</b> — сопоставление психического развития физически здоровых детей и детей, имеющих определенные отклонения в состоянии анализаторов (слепых, глухих) или нарушения опорно-двигательного аппарата. Изучение особенностей развития в осложненных морфофизиологических условиях дает новое знание о больных детях и позволяет глубже понять общие законы развития психики. Например, психология глухонемых детей — классическая область для изучения вклада речи и практической деятельности в развитие интеллекта.</li><li><b>Кросс-культурный метод</b> — предполагает сравнение и выявление особенностей психического развития подрастающего поколения в различающихся культурах (например, в условиях современного технологического общества и традиционного общества). Кросс-культурное сравнение позволяет по-новому посмотреть на привычные вещи и отделить универсальные законы психики от региональных культурных факторов.</li></ul><h3>Схемы организации исследования во времени</h3><p>Для прослеживания психических изменений, развернутых во времени, используются две принципиально разные схемы сбора эмпирических данных:</p><p><b>1. Схема поперечных срезов (метод поперечных срезов)</b> — заключается в одновременном изучении и сравнении определенных психических процессов у различных групп детей, стоящих на разных возрастных ступенях (например, одномоментное тестирование памяти у групп 5, 7 и 9 лет). <br><i>Достоинства:</i> высокая скорость получения результатов, экономичность, возможность охватить большие выборки. <br><i>Недостатки:</i> метод фиксирует лишь статичные срезы, полностью упуская динамику самого процесса перехода от одного этапа к другому, а также не учитывает индивидуальные траектории развития.</p><p><b>2. Лонгитюдная схема (продольное лонгитюдное исследование)</b> — предполагает длительное, непрерывное и систематическое изучение одних и тех же людей на протяжении определенного (часто многолетнего) промежутка времени. <br><i>Достоинства:</i> позволяет уловить переломные, критические периоды в развитии, зафиксировать качественные скачки и выявить тонкие индивидуальные особенности генезиса психики. <br><i>Недостатки:</i> экстремальная трудоемкость, огромные временные затраты, риск «отсева» испытуемых в процессе многолетнего мониторинга, а также пассивная позиция исследователя в отношении макросоциальных изменений среды.</p>",40
developmental-psych,"5. Основные категории психологии развития: рост, созревание, научение, импринтинг","<h3>Интегральные категории психологии развития</h3><p>Для общей интегральной характеристики процессов развития в возрастной науке используются специальные категории, относящиеся не к отдельным парциальным признакам, а к развитию в целом. К ним относятся базовые <b>категории психологии развития</b>: рост, созревание, дифференциация, научение, запечатление (импринтинг) и социализация (культурный социогенез).</p><h3>Биологическое созревание и количественный рост</h3><ul><li><b>Рост.</b> Представляет собой лишь отдельный аспект общего хода развития, а именно — одномерное количественное рассмотрение процессов развития. Рассматривать развитие в аспекте роста — значит строго ограничиться исследованием чисто количественных изменений, когда знания, умения, память, содержание чувств или интересы рассматриваются всего лишь с точки зрения приращения их физического объема.</li><li><b>Созревание.</b> К биологическому созреванию принято относить все процессы, спонтанно протекающие под влиянием эндогенно запрограммированных, то есть наследственно детерминированных и внутренне управляемых импульсов роста организма. К таким процессам относятся физические изменения, критически важные для психического развития — созревание мозга, нервной и мышечной систем, эндокринных желез. О созревании говорят тогда, когда прошлый опыт, научение или упражнение (экзогенные факторы) не оказывают существенного влияния на характер происходящих изменений. Выделяют ряд признаков, указывающих на наличие процессов созревания: аналогичность возникновения, появление в строго определенном возрасте, нагоняемость и необратимость.</li><li><b>Дифференциация.</b> В узком смысле означает прогрессивное вычленение разнородных частей из исходного нерасчлененного целого (по примеру деления клетки). В широком психологическом смысле дифференциация обозначает общее содержание прогрессирующего дробления, расширения, специализации, автономизации и структурирования психических функций и способов поведения человека.</li></ul><h3>Экзогенная регуляция: научение, импринтинг и социализация</h3><ul><li><b>Научение.</b> Это обобщенная категория, обозначающая множество процессов, ведущих к изменениям поведения. Последние понимаются в самом широком смысле как обретение знаний, запоминание, усвоение установок или мотивов. Поскольку источником изменений при научении является внешняя среда (экзогенная регуляция), это понятие противоположно созреванию (эндогенная регуляция). Научение включает в себя как освоение новых форм поведения, так и изменение репертуара уже имевшихся форм на основе опыта или упражнения. О научении мы не говорим, если изменения вызваны созреванием функции, преходящим физиологическим состоянием (утомлением) или врожденными тенденциями (безусловные рефлексы). Особый интерес для возрастной психологии представляют его виды: классическое обусловливание, оперантное обусловливание, научение на модели и научение через опосредование.</li><li><b>Запечатление (импринтинг).</b> Используется для обозначения процессов непосредственного, не контролируемого сознанием усвоения каких-либо норм, требований или способов поведения в результате кратковременного воздействия конкретного образца (так часто объясняются родительские модели поведения, унаследованные в детстве). Настоящее запечатление (импринтинг) характеризуется шестью признаками: закрепление образцов реакций со стимулами среды; жестко детерминированный критический период (сенситивный период); стабильность и необратимость; выучивание видоспецифических, а не индивидуальных признаков; отсутствие необходимости в немедленном внешнем выражении поведения; воспроизводство эффектов без обязательного пищевого подкрепления.</li><li><b>Социализация (культурный социогенез).</b> Каждый человек рождается в уже существующее общество со сложившимися нормами поведения. В результате взаимодействия со своим социальным окружением (родителями, школой) ребенок приобретает типичные для его окружения ценностные представления, нормы и роли. Этот общий процесс влияния социокультурных факторов на развитие в смысле врастания в окружающее общество и культуру описывают понятием социализации. В нем выделяют две стороны: социальное становление (процесс спонтанного врастания) и социальное формирование (процесс целенаправленной адаптации). В современной психологии социализация рассматривается как преимущественно двунаправленный процесс взаимовлияний между субъектом и средой, где система саморегуляции формируется в процессе интериоризации социальных установок.</li></ul>",41
developmental-psych,"6. Трактовки категории развития, его свойства и временная протяженность","<h3>Трактовки категории развития в психологии (Схема Ю.Н. Карандашева)</h3><p>Само понятие психологического развития многозначно и в истории науки интерпретировалось с различных теоретических позиций. Выдающийся исследователь Ю.Н. Карандашев систематизировал эти подходы в единую макросхему:</p><ul><li><b>Развитие как рост.</b> Сведение онтогенеза к чисто количественному изменению и накоплению внешних или внутренних признаков объекта во времени (понятие пришло из биологии).</li><li><b>Развитие как созревание.</b> Трактовка, сводящая изменения исключительно к морфологическим преобразованиям, протекающим под жестким контролем генетического аппарата.</li><li><b>Развитие как совершенствование.</b> Предполагает движение психики в сторону некой заранее заданной «совершенной» идеальной формы или финальной цели развития.</li><li><b>Развитие как универсальное изменение.</b> Требует, чтобы происходящие психические трансформации имели характер общности и фиксировались у представителей самых разных культур и языковых групп.</li><li><b>Развитие как качественное структурное изменение.</b> Связано с пониманием психики как сложной системы, где происходит качественная перестройка внутренних связей между функциями.</li><li><b>Развитие как количественно-качественное изменение.</b> Постулирует неразрывную связь количественных накоплений и их последующего перехода в новые качественные новообразования.</li><li><b>Развитие как изменение, влекущее новые изменения.</b> Современный подход (описанный А. Фламмером), согласно которому развитием признаются только те процессы, которые запускают цепную «лавину изменений», кардинально преобразующую всю систему психической жизни личности.</li></ul><h3>Понимание развития в отечественной психологии</h3><p>В отечественной психологической школе развитие понимается как процесс качественных, структурных преобразований психики и поведения. Выделяют три фундаментальных и обязательных <b>свойства развития</b>:</p><ul><li><b>Необратимость.</b> Способность психики к неуклонному накапливанию изменений и «надстраиванию» новых структур над предшествующими. Это отсутствие возможности возврата к предыдущему состоянию в его первоначальном, чистом виде.</li><li><b>Направленность.</b> Способность системы к проведению единой, внутренне взаимосвязанной и последовательной линии генезиса, выражающейся в движении от низших форм к высшим.</li><li><b>Закономерность.</b> Способность системы к обязательному воспроизведению однотипных изменений у разных людей, отражающая устойчивые связи между всеми новообразованиями.</li></ul><h3>Протяженность развития во времени</h3><p>Временной континуум, в рамках которого разворачиваются процессы психических изменений, традиционно разделяют на четыре шкалы (дистанции):</p><ul><li><b>Филогенез.</b> Предельная временная дистанция, включающая возникновение жизни на Земле, зарождение видов, их дифференциацию, преемственность и всю биосоциальную эволюцию.</li><li><b>Антропогенез.</b> Часть филогенеза, начинающаяся с момента возникновения Homo sapiens и охватывающая историческое развитие человечества и сознания (культурный социогенез).</li><li><b>Онтогенез.</b> Временная дистанция длиной в человеческую жизнь: она берет начало в момент зачатия и полностью завершается концом жизни (биологической смертью).</li><li><b>Микрогенез.</b> Наиболее короткая временная дистанция (актуальный генез), охватывающая краткосрочные процессы восприятия, памяти или мышления, а также развернутые последовательности конкретных действий.</li></ul><h3>Области (сфера) психического развития</h3><p>Человек как биосоциокультурное существо развивается целостно, однако в целях научного анализа в онтогенезе выделяют три устойчивые подсистемы:</p><ul><li><b>Психофизическая область.</b> Охватывает физические характеристики, размеры тела, изменения структур мозга, сенсорные и моторные навыки. Главная цель — достижение биологической зрелости индивида.</li><li><b>Когнитивная область.</b> Охватывает все умственные способности, познавательное развитие и психические процессы (восприятие, память, речь, мышление, воображение). Цель — достижение умственной зрелости и трудоспособности субъекта.</li><li><b>Психосоциальная область.</b> Включает изменения в эмоциональной и личностной сферах, свойства личности, социальные навыки и межличностные отношения. Цель — формирование человека как личности и достижение социальной зрелости.</li></ul>",42
developmental-psych,7. Биогенетический и нормативный подходы в зарубежной психологии,"<h3>Биогенетический подход и концепция рекапитуляции Ст. Холла</h3><p>Отправной точкой биогенетического направления в возрастной науке стал сформулированный Э. Геккелем биогенетический закон. Он гласит, что в процессе внутриутробного развития эмбрион сокращенно проходит все этапы эволюции своего вида. Американский психолог Стэнли Холл перенес это положение на психический генезис человека. Им была создана <b>концепция рекапитуляции</b>, согласно которой ребенок в своем психическом развитии от рождения до взрослости полностью повторяет все исторические стадии развития человеческого общества (от первобытной охоты и собирательства до цивилизованной эпохи капитала).</p><p>По мнению Холла, порядок и скорость прохождения каждой стадии врожденны и заданы генетически, а потому при формировании индивидуальной психики невозможно ни миновать какую-то стадию, ни перейти на следующую ступень раньше определенного времени. Механизмом, который способствует естественному переходу с одной стадии развития на другую, выступает детская игра. Представители биогенетического направления привлекли внимание ученых к изучению взаимозависимости физического и психического, однако попытки понять законы психики исходя только из биологии недооценивали роль социальных факторов.</p><h3>Нормативный подход Арнольда Гезелла</h3><p>Новым этапом развития возрастной науки на Западе стал <b>нормативный подход</b>. Он ориентирован на строгое описание объективных достижений ребенка в процессе роста и на построение шкал развития двигательной активности, речи и социальных контактов. Арнольд Гезелл разработал практическую систему диагностики психического развития ребенка от рождения до юношеского возраста. Она базировалась на систематических сравнительных исследованиях нормы и разных форм патологии.</p><p>Для составления нормативов Гезелл впервые ввел в практику детской психологии лонгитюдный метод. За детьми наблюдали в естественных условиях, используя специальную аппаратуру: кино- и фоторегистрацию, а также стекло с односторонней проницаемостью (известное как <b>зеркало Гезелла</b>). Ученый сформулировал фундаментальный <b>закон замедления развития с возрастом</b>: темп развития максимален на начальных этапах (в младенчестве) и минимален на конечных этапах онтогенеза. В результате Гезеллом был составлен уникальный атлас поведения младенца из 3200 фотографий и подробно описана феноменология развития детей до 16 лет.</p><h3>Вклад Люиса Термена в нормативную психологию</h3><p>Люис Термен в 1916 году стандартизировал тесты А. Бине на американских детях, создав новый вариант методик для измерения умственных способностей. Он ввел в академический оборот понятие <b>коэффициент интеллекта (IQ)</b> и попытался обосновать положение о том, что этот показатель остается постоянным на протяжении всей жизни человека. С помощью тестов им была получена <b>кривая нормального распределения</b> способностей в популяции и начаты многочисленные корреляционные исследования, изучавшие зависимость интеллекта от возраста, пола, образования родителей и социоэкономического статуса семьи.</p><p>Л. Термен осуществил одно из самых длительных в истории психологии лонгитюдинальных исследований, которое продолжалось в течение 50 лет. В 1921 году он отобрал 1500 одаренных детей с IQ 140 и выше и детально проследил их жизненный путь до зрелого возраста. Вклад Термена состоит в том, что он окончательно закрепил за возрастной психологией статус нормативной дисциплины, строящей эмпирические шкалы развития. При этом основной упор ученый делал на решающую роль наследственного фактора для объяснения возрастных изменений.</p>",43
developmental-psych,"8. Бихевиоризм и теории социального научения: Уотсон, Скиннер, Торндайк, Бандура","<h3>Классический бихевиоризм: радикальный подход Дж. Уотсона</h3><p>В начале XX века в США возник <b>бихевиоризм</b> — систематический подход к изучению поведения людей и животных. Основатель направления Джон Уотсон провозгласил предметом психологии поведение, понимаемое как совокупность внешне наблюдаемых реакций организма на стимулы извне. Единицей анализа выступает простейшая <b>схема стимул-реакция</b> (S — R), в рамках которой бихевиоризм отождествляет психическое развитие с непрерывным процессом научения. Уотсон доказывал, что в поведении человека нет ничего врожденного, а траектория онтогенеза полностью детерминирована стимулами, поставляемыми социальной средой.</p><p>В своей книге «Психологический уход за ребенком» Уотсон наметил жесткие условия воспитания (строгий режим дня, дозированность нежности). Классическим стал его эксперимент с маленьким Альбертом: одиннадцатимесячному мальчику, не боявшемуся крысы, стали показывать животное, сопровождая демонстрацию громким ударом в гонг. Несколько повторений привели к тому, что ребенок начинал плакать при одном виде крысы. Эксперимент доказал, что базовые эмоции и страхи формируются прижизненным условно-рефлекторным путем. В бихевиоризме полностью отсутствует проблема возрастной периодизации: среда формирует поведение ребенка постепенно и непрерывно.</p><h3>Концепция оперантного обусловливания Б. Скиннера</h3><p>Дальнейшее развитие бихевиоризм получил в работах Берхаса Скиннера. Его <b>концепция оперантного обусловливания</b> подчёркивает роль спонтанных проявлений собственной активности индивида, вызывающих изменения во внешней среде. Развитие ребенка трактуется как последовательное обучение нормативному поведению под влиянием подкрепления. На ранних этапах источником подкрепления выступают родители, позже — школа и сверстники. Скиннер утверждал, что в жизни человека периодически возникают кризисы, вызванные такими изменениями среды, к которым индивид еще не имеет адекватного набора поведенческих реакций. Ученый разработал метод программированного обучения, позволяющий эффективно корректировать поведение и направлять процесс усвоения знаний.</p><h3>Законы научения Эдварда Торндайка</h3><p>Эдвард Торндайк посвятил работы исследованию приобретенных форм активности. Он считал, что новое поведение возникает по принципу случайных действий, которые отбираются средой. Им были открыты четыре основных <b>закона научения Торндайка</b>:</p><ul><li><b>Закон повторяемости:</b> чем чаще повторяется связь между стимулом и реакцией, тем быстрее она закрепляется и тем она прочнее.</li><li><b>Закон эффекта:</b> для ребенка критически важен результат его деятельности; действия, сопровождающиеся положительным подкреплением, закрепляются, а вызывающие неудовольствие — угасают.</li><li><b>Закон readiness (готовности):</b> образование новых связей напрямую зависит от текущего психофизиологического состояния субъекта.</li><li><b>Закон ассоциативного сдвига:</b> если при одновременном появлении двух раздражителей один вызывает позитивную реакцию, то со временем и второй начинает вызывать точно такое же реагирование.</li></ul><h3>Теория социального научения А. Бандуры и Р. Уолтерса</h3><p>Важнейшей вехой необихевиоризма стала <b>теория социального научения</b>, разработанная Альбертом Бандурой и Ричардом Уолтерсом. Ученые доказали, что приобретение человеком сложного репертуара социального поведения происходит без прямого личного опыта — путем наблюдения за действиями других людей. Бандура выявил этапы в развитии подражания у детей: ребенок сначала копирует поведение взрослых, а затем сверстников, чьи действия привели к успеху. Было доказано, что частичное подкрепление модели более эффективно, чем постоянное. В рамках этого подхода познавательные процессы и мотивы ребенка рассматриваются как интериоризованные внешние реакции, регулируемые социальными ожиданиями среды.</p>",44
developmental-psych,9. Теория трех ступеней К. Бюлера и этологическая теория К. Лоренца,"<h3>Теория трех ступеней детского развития Карла Бюлера</h3><p>Австрийский психолог Карл Бюлер вошел в историю науки как автор преформистской <b>теория трех ступеней</b> детского развития. Бюлер настаивал на жесткой биологической обусловленности развития в детстве и наследственной природе способностей. Согласно его концепции, каждый ребенок в онтогенезе закономерно проходит три последовательные стадии, которые в точности соответствуют магистральным этапам эволюции форм поведения в животном мире:</p><ul><li><b>Инстинкт:</b> низшая ступень развития; врожденный, наследственный фонд способов поведения, готовый к употреблению и не требующий научения (крик, сосание, глотание у новорожденного). Обеспечивает узкую, жестко фиксированную степень адаптации.</li><li><b>Дрессура (навык):</b> прижизненно складывающиеся навыки и условные рефлексы, опирающиеся на награды, наказания, успехи и неудачи. Навыки требуют упражнения и обеспечивают адаптацию в пределах личного опыта. Детская игра, по Бюлеру, зарождается именно на этой стадии.</li><li><b>Интеллект:</b> высшая стадия развития; приспособление к новым ситуациям путем мысленного обдумывания, открытий и изобретений. Интеллект осуществляется мгновенно по принципу инсайта (озарения). Период проявления первичных форм практического мышления и примитивного употребления орудий у ребенка Бюлер назвал термином <b>шимпанзеподобный возраст</b>, заимствовав форму эксперимента из зоопсихологии В. Кёлера.</li></ul><p>К. Бюлер связывал возникновение этих ступеней с развитием аффективных процессов и сформулировал фундаментальный <b>закон функционального удовольствия</b>: любой живой организм испытывает глубокое наслаждение от самого процесса совершенного функционирования органов. В ходе эволюции отмечается переход удовольствия 'с конца на начало': на уровне инстинкта удовольствие наступает после выполнения действия (сытость), на уровне дрессуры переносится на сам процесс совершения действия (функциональное удовольствие), а на уровне интеллекта появляется предвосхищающее удовольствие в момент мысленного решения задачи. Переход удовольствия 'с конца на начало' рассматривался Бюлером как главная движущая сила развития поведения.</p><h3>Этологическая теория Конрада Лоренца</h3><p>Принципиально иной эволюционный ракурс предложила <b>этология</b> — наука о поведении животных в естественной среде обитания. Один из её основателей Конрад Лоренц внес колоссальный вклад в понимание врожденных программ поведения. Лоренц показал, что в генотипе особи заложены **врожденные пусковые механизмы**, которые запускают специфические поведенческие реакции в ответ на строго определенные стимулы из окружающей среды (ключевые стимулы). Результатом их активации выступают **фиксированные комплексы действий** — стереотипные, генетически запрограммированные последовательности поступков (ритуалы ухаживания, строительство гнезд), выполняемые до самого конца, даже если стимул исчезнет.</p><p>Всемирную известность получило детальное изучение Лоренцем явления, которое получило название **импринтинг**. Это жесткая форма быстрого обучения, при которой новорожденное существо в первые часы жизни фиксирует в памяти образ первого движущегося объекта и начинает следовать за ним. Исследования импринтинга доказали существование в онтогенезе сензитивных (критических) периодов, когда организм максимально открыт для усвоения видоспецифической информации. Лоренц также изучал феномен врожденной агрессии, рассматривая её по модели 'гидравлической мотивации', где инстинктивная энергия накапливается со временем и требует неизбежного выхода вовне. Работы Лоренца заложили фундамент для сравнительного анализа эволюционных корней человеческого поведения и развития ребенка.</p>",45
developmental-psych,"10. Психоаналитическое направление: концепции З. Фрейда, К. Хорни и Дж. Долларда","<h3>Теория психосексуального развития Зигмунда Фрейда</h3><p>В рамках классического психоанализа центральным фактором психического генезиса провозглашается психосексуальное созревание. Основоположник подхода Зигмунд Фрейд утверждал, что движущей силой развития выступает динамика врожденной энергии <b>либидо</b>, которая рассматривается как системообразующий фактор всего развития в целом. В зависимости от перемещения фокуса этой энергии по эрогенным зонам тела, Фрейд разработал периодизацию, в которой выделяется пять последовательных стадий:</p><ul><li><b>Оральная стадия (0–1 год):</b> эрогенная зона сосредоточена в области рта. Ведущие формы поведения и фиксации — сосание, кусание, удержание, выплевывание и захват предметов. Главный источник удовольствия и контакта с матерью — кормление.</li><li><b>Анальная стадия (2–3 года):</b> эрогенная зона смещается в область заднего прохода. Основные формы поведения и интересы ребенка сосредоточены вокруг функций отправления и контроля за ними (приучение к опрятности). Формируются первые сепарационные границы Я.</li><li><b>Фаллическая стадия (3–6 лет):</b> эрогенная зона переносится на первичные половые органы. Ребенок начинает исследовать свои гениталии, у него формируется четкое понимание своей половой принадлежности. Это период проживания Эдипова комплекса (у мальчиков) и комплекса Электры (у девочек), успешное разрешение которых ведет к созреванию Супер-Эго.</li><li><b>Латентная стадия (6–12 лет):</b> специфические эрогенные зоны не выделяются, сексуальное влечение временно угасает. Энергия либидо сублимируется и перенаправляется на процессы социализации, школьного обучения, спорт и общение со сверстниками.</li><li><b>Генитальная стадия (от 12–18 лет и старше):</b> наступает в период полового созревания. Активизируются все эрогенные зоны во главе с гениталиями. Основная биологическая и психологическая задача — поиск полового партнера в собственном поколении и достижение зрелой сексуальности.</li></ul><h3>Психологическая концепция Карен Хорни</h3><p>Существенную модернизацию психоанализа осуществила Карен Хорни, сместив акцент с биологических инстинктов на социокультурные условия воспитания ребенка. Хорни доказала, что деструктивное поведение родителей (недостаток любви, гиперопека, отвержение) порождает у ребенка специфическое чувство беззащитности перед лицом опасного мира — <b>базальная тревога</b>. В структуре этой тревоги Хорни выделила два аспекта: физиологический (избавление достигается удовлетворением базовых нужд) и психологический (связан со становлением адекватного образа Я).</p><p>Для преодоления базальной тревоги и защиты своего Я ребенок бессознательно вырабатывает определенный тип поведения, который Хорни классифицировала как три ведущих вектора <b>психологическая защита Карен Хорни</b>:</p><ul><li><i>Стремление к людям (уступчивый тип):</i> характеризуется повышенной потребностью в любви, одобрении, подчинении и зависимости от взрослых ради чувства безопасности;</li><li><i>Стремление против людей (агрессивный тип):</i> выражается в демонстрации силы, жестком соперничестве, грубости, агрессии и желании доминировать, так как мир воспринимается как враждебная среда;</li><li><i>Стремление от людей (обособленный / устраненный тип):</i> проявляется в замкнутости, уходе в себя, избегании близких социальных контактов и эмоциональной изоляции ради сохранения автономии.</li></ul><h3>Теория фрустрации Джона Долларда</h3><p>Важный вклад в исследование нарушений поведения внес Джон Доллард, разработавший знаменитую концепцию фрустрационной агрессии. Им была детально описана <b>теория фрустрации Долларда</b>, согласно которой сдерживание, блокирование или невозможность удовлетворения импульсивных желаний и потребностей ребенка неизбежно ведут к возникновению внутреннего напряжения. Сдерживаемые слабые проявления агрессивности, ставшие результатом прошлых детских фрустраций, со временем накапливаются лавинообразно. Доллард экспериментально доказал, что частые и глубокие фрустрации, переживаемые в детском возрасте, напрямую ведут к формированию высокой, стойкой деструктивной агрессивности личности во взрослой, зрелой жизни.</p>",46
developmental-psych,"11. Социогенетический и интеракционистский подходы: Эриксон, Мид, Штерн","<h3>Эпигенетическая концепция психосоциального развития Эрика Эриксона</h3><p>Самым ярким представителем социогенетического направления в мировой науке является Эрик Эриксон. Его <b>эпигенетическая теория Эриксона</b> построена на базе масштабных клинических и этнографических исследований. В основание развития личности он положил одновременное протекание трех процессов: соматического созревания, социального развития и развития социального Я. Эриксон развернул периодизацию онтогенеза на весь жизненный цикл, выделив восемь последовательных фаз, каждая из которых характеризуется специфическим нормативным противоречием:</p><ul><li><b>Первая фаза (младенчество, 0–1 год):</b> колеблется между первичным доверием или недоверием ребенка к окружающему миру (зависит от заботы матери). Новообразование — надежда.</li><li><b>Вторая фаза (раннее детство, 2–3 года):</b> характеризуется автономией или стыдом и сомнением. Ребенок осваивает самостоятельность действий (прямохождение). Новообразование — воля.</li><li><b>Третья фаза (дошкольный возраст, 4–5 лет):</b> характеризуется инициативой или чувством вины. Активно разворачивается ролевое моделирование. Новообразование — цель.</li><li><b>Четвертая фаза (школьный возраст, 6–11 лет):</b> характеризуется чувством ценности и трудолюбия или малоценности. Формируется умелость при овладении знаниями. Новообразование — компетентность.</li><li><b>Пятая фаза (отрочество и юность, 12–20 лет):</b> центральный этап, на котором обостряется <b>кризис идентичности</b>. Параметр связи с миром колеблется между положительным полюсом личностной идентичности и отрицательным полюсом путаницы ролей. Молодой человек должен собрать все свои роли в единое целое. Неудача порождает опасный феномен — <b>диффузия идентичности</b> (ролевое смешение), сопровождающийся цейтнотом, застоем в работе или выбором отрицательной идентичности. Общество предоставляет юношеству <b>психосоциальный мораторий</b> — интервал времени для безопасных ролевых и профессиональных проб. Новообразование фазы — верность.</li><li><b>Шестая фаза (молодость, ранняя зрелость, 20–30 лет):</b> характеризуется близостью и интимностью или изоляцией. Близость понимается как единение двух идентичностей без утраты уникальности своего Я. Новообразование — любовь.</li><li><b>Седьмая фаза (средний возраст, зрелость, 30–65 лет):</b> характеризуется творческим началом и интегративностью или застоем. Включает заботу о подрастающем поколении и продуктивность. Новообразование — забота.</li><li><b>Восьмая фаза (поздняя зрелость, после 65 лет):</b> характеризуется достижением интегративной целостности личности или отчаянием перед лицом смерти. Высшее новообразование — мудрость.</li></ul><h3>Теория ожидания Джорджа Мида</h3><p>Интеракционистский ракурс развития личности представлен в трудах Джорджа Мида. Им была сформулирована <b>теория ожидания Мида</b>, согласно которой ребенок проигрывает и осваивает свои социальные роли исключительно в зависимости от ожиданий взрослых людей. Мид доказывал, что колоссальное значение для социального развития имеет детская сюжетная игра. Именно в ней дети впервые учатся входить в самые разные роли, соблюдать правила игры, смотреть на себя со стороны («глазами других») и интериоризировать социальные нормативы, формируя структуры своего самосознания.</p><h3>Теория конвергенции двух факторов Вильгельма Штерна</h3><p>Немецкий психолог Вильгельм Штерн предпринял попытку снять жесткое противоречие между экзогенным и эндогенным подходами. Им была создана знаменитая <b>теория конвергенции двух факторов</b>, утверждающая, что психическое развитие ребенка является результатом непосредственного взаимодействия, схождения и взаимовлияния наследственности и среды. Штерн использовал яркую биологическую аналогию: наследственные задатки — это бурный ручей, а среда — русло, которое определяет его направление. Развитие не предопределено генами или условиями жизни по отдельности, а выступает качественно новым результатом их постоянной конвергенции. Одинаковые задатки могут реализоваться по-разному в разных условиях, и наоборот.</p>",47
developmental-psych,"12. Когнитивный, гуманистический и французский подходы в психологии развития","<h3>Теория когнитивного развития Жана Пиаже</h3><p>Швейцарский психолог Жан Пиаже создал одну из самых влиятельных концепций XX века. Его <b>теория когнитивного развития Жана Пиаже</b> описывает генезис интеллекта как процесс адаптации ребенка к предметной среде. Движущей силой этого процесса является внутренний когнитивный конфликт между имеющимися у ребенка умственными схемами (повторяющимися структурами или организациями действий) и новой поступающей информацией. Пиаже доказал, что адаптация интеллекта осуществляется через непрерывное взаимодействие двух механизмов:</p><ul><li><b>Ассимиляция</b> — действие ребенка с новыми предметами или информацией на основе уже сложившихся, готовых умений, навыков и ментальных схем;</li><li><b>Аккомодация</b> — вынужденное изменение, перестройка и приспособление собственных умений и ментальных схем к новым, изменившимся условиям среды.</li></ul><p>Интеллектуальный прогресс ребенка проходит четыре строго последовательные стадии: 1) <i>Сенсомоторная стадия (0–2 года)</i> — познание мира через чувства, движения и формирование целенаправленного хватания; 2) <i>Предоперациональная стадия (2–7 лет)</i> — появление знаковой функции, использование символов при выраженном детском эгоцентризме; 3) <i>Стадия конкретных операций (7–11 лет)</i> — появление логики, умения выполнять классификацию и серийное упорядочение, но только с опорой на наглядный материал; 4) <i>Стадия формальных операций (11–15 лет)</i> — созревание абстрактного, дедуктивного и гипотетико-логического мышления.</p><h3>Концепция психического развития Анри Валлона</h3><p>Французский психолог Анри Валлон предложил оригинальный диалектический подход к онтогенезу. Он рассматривал развитие как волнообразное чередование реакций анаболизма (направлен на изменение внутреннего состояния) и катаболизма (направлен вовне, на изменение среды). Центральное противоречие, которое решает <b>концепция Анри Валлона</b> — переход от органического к психическому. Чтобы объяснить, как биологическое тело обретает социальный разум, Валлон выстроил систему из четырех понятий:</p><ul><li><b>Эмоция:</b> появляется раньше всего остального. Эмоции биологически объединяют ребенка со взрослым и выступают тоническим, постуральным средством экспрессии;</li><li><b>Моторика (движение):</b> эволюционирует от недифференцированной импульсивности до кинетических реакций манипулирования миром;</li><li><b>Подражание:</b> выступает мостом при переходе от действия к мысли, помогая ассимилировать социальные модели взрослых;</li><li><b>Социум:</b> абсолютное условие выживания человеческого младенца. Человек генетически и биологически является существом социальным, и социальное включено в его биологию как необходимость.</li></ul><h3>Теории когнитивной категоризации и нравственного развития</h3><ul><li><b>Концепция Джерома Брунера.</b> Разработал теорию перцептивных гипотез, согласно которой все познавательные процессы являются актами категоризации. Брунер выделил три компонента структуры репрезентации мира в сознании: в форме действий, в форме наглядных образов и в форме слов (языковая форма). Он определил интеллект как результат усвоения ребенком выработанных в культуре знаковых «усилителей» ума.</li><li><b>Теория развития нравственности Лоренса Кольберга.</b> Доказал, что формирование моральных критериев напрямую связано с развитием познавательных операций. Кольберг выделил три универсальных уровня развития нравственных суждений: <i>доусловный (доконвенциональный)</i> — оценка действий по их физическим последствиям (наказанию или награде); <i>уровень традиционной (конвенциональной) нравственности</i> — безусловное превалирование групповых ценностей и законов над личными интересами; <i>посттрадиционный (постконвенциональный) уровень</i> — обоснование поступков с помощью самостоятельно принятых универсальных этических принципов.</li></ul><h3>Персоногенетический подход А. Маслоу и К. Роджерса</h3><p>В рамках гуманистического направления развивался <b>персоногенетический подход</b>, поставивший во главу угла проблемы активности, самосознания, творчества, индивидуального выбора и самореализации личности в ходе ее жизненного пути. В концепциях Абрахама Маслоу и Карла Роджерса утверждается, что психическое развитие человека является прямым результатом его собственного свободного выбора. Главным врожденным стремлением каждого человека признается стремление к самоактуализации — непрерывному раскрытию и реализации своего личностного потенциала, талантов и экзистенциального смысла жизни.</p>",48
developmental-psych,13. Культурно-историческая концепция Л. С. Выготского,"<h3>Законы психического развития человека</h3><p>Основоположник отечественной возрастной школы Лев Семенович Выготский сформулировал фундаментальные <b>законы психического развития человека</b>, определяющие качественное своеобразие онтогенеза:</p><ul><li><b>Закон сложной организации во времени:</b> возрастное развитие имеет свой собственный ритм и темп, который не совпадает с ритмом астрономического времени и качественно меняется в разные годы жизни (например, год жизни в младенчестве по плотности изменений не равен году жизни в отрочестве).</li><li><b>Закон метаморфозы:</b> развитие представляет собой цепь качественных изменений и внутренних преобразований. Ребенок — это не просто маленький взрослый, который меньше знает и меньше умеет, а существо, обладающее качественно отличной, своеобразной психикой.</li><li><b>Закон неравномерности возрастного развития:</b> каждая сторона, функция или свойство в психике ребенка имеет свой индивидуальный, оптимальный сенситивный период развития. С этим законом неразрывно связана гипотеза Выготского о системном и смысловом строении человеческого сознания.</li><li><b>Закон развития высших психических функций:</b> первоначально всякая сложная функция возникает как форма коллективного поведения, как форма сотрудничества и взаимодействия с другими людьми, и лишь впоследствии, в процессе интериоризации, становится внутренней индивидуальной функцией самого человека.</li></ul><h3>Понятия социальной ситуации развития и возрастного новообразования</h3><p>Культурно-историческая концепция рассматривает каждый возраст как целостную динамическую структуру, имеющую свой уникальный понятийный каркас:</p><ul><li><b>Социальная ситуация развития.</b> Под этим термином Выготский понимал складывающееся к самому началу нового возрастного этапа своеобразное, специфическое для данного возраста, исключительное, единственное и неповторимое отношение между человеком и окружающей его действительностью (прежде всего социальной). Она задает задачи, контекст и выступает исходным моментом для всех изменений, возможных в данный период.</li><li><b>Возрастное новообразование.</b> Определялось Выготским как качественно новый тип личности ребенка и его взаимодействия с действительностью, полностью отсутствующий как единое целое на предыдущих этапах его развития. Оно является главным результатом и критерием завершения конкретного психологического возраста.</li></ul><h3>Механизм интериоризации и закон появления функций дважды</h3><p>Выготский совершил революционный методологический сдвиг, доказав, что высшие психические функции (логическая память, произвольное внимание, мышление) не созревают изнутри организма, а имеют строго социальное происхождение. Ребенок овладевает своим поведением с помощью использования особых культурных инструментов — знаков и символов (главным из которых является речь). В процессе освоения культуры действует непреложный <b>закон появления функций дважды</b>:</p><p><i>«Всякая функция в культурном развитии ребенка появляется на сцену дважды, в двух планах, сперва социальном, как категория интерпсихическая (между людьми), потом – психологическом, как категория интрапсихическая (внутри самого ребенка)»</i>. Все внутренние когнитивные процессы являются прямым продуктом такого механизма, как <b>интериоризация</b> — они зарождаются в прямых социальных контактах ребенка со взрослыми, а затем пошагово «вращиваются» во внутренний план его сознания.</p><h3>Обучение и зона ближайшего развития</h3><p>В культурно-историческом подходе коренным образом переосмыслена связь содержания обучения и психического развития. Движущей силой развития провозглашается целенаправленное обучение, которое должно опережать развитие, стимулировать его и ориентироваться не на вчерашний, а на завтрашний день ребенка. Для практической реализации этого принципа Выготский ввел ключевое понятие — <b>зона ближайшего развития</b> (ЗБР). <br>Она описывает объективную разницу между уровнем актуального развития (то, что ребенок может сделать полностью самостоятельно здесь и сейчас) и уровнем потенциального развития (то, что ребенок пока не может решить сам, но успешно выполняет с помощью, поддержкой или по наводящим вопросам более опытного партнера — взрослого). Обучение эффективно только тогда, когда оно осуществляется внутри зоны ближайшего развития, ведя за собой созревание высших психических функций.</p>",49
developmental-psych,14. Общепсихологическая теория деятельности А. Н. Леонтьева,"<h3>Деятельностный подход к интерпретации психического развития</h3><p>В отечественной возрастной науке общепсихологическая теория деятельности Алексея Николаевича Леонтьева занимает центральное место в понимании онтогенеза. Основное методологическое внимание в этой концепции уделяется тому, как внешняя, практическая <b>деятельность</b> человека формирует его внутренние психические процессы и личность в целом. Леонтьев глубоко аргументировал, что развитие высших психических функций происходит не изолированно и не в процессе пассивного созревания, а исключительно в контексте активной, преобразующей предметной деятельности, которая включает в себя интенсивное социальное взаимодействие с окружающим миром и другими людьми.</p><h3>Иерархическая структура деятельности</h3><p>Согласно концепции Леонтьева, макроструктура активности человека представляет собой развернутую иерархическую систему. Выделяют четыре взаимосвязанных уровня, образующих **структура деятельности Леонтьева**:</p><ul><li><b>Первый уровень — деятельность:</b> макроструктурная единица активности, которая всегда вызвана и побуждается определенным опредмеченным мотивом.</li><li><b>Второй уровень — действия:</b> относительно самостоятельные процессы, которые подчиняются достижению конкретной сознательной цели.</li><li><b>Третий уровень — операции:</b> автоматизированные способы осуществления действий, характер и протекание которых напрямую зависят от объективных условий достижения текущей задачи.</li><li><b>Четвертый уровень — психофизиологические функции:</b> самый низший уровень в структуре, характеризующийся физиологическим и органическим обеспечением психических процессов (врожденные способности человека мыслить, чувствовать, двигаться и запоминать).</li></ul><p>Таким образом, архитектоника деятельности включает в себя три основных исполнительских уровня (деятельность — действие — операция), которым в точности соответствует внутренний психологический ряд (мотив — цель — задача). Направление и перестройка этих рядов определяют ход развития субъекта.</p><h3>Концепция ведущей деятельности в онтогенезе</h3><p>Фундаментальным вкладом теории деятельности в возрастную психологию является выделение категориального понятия «ведущая деятельность». <b>Ведущая деятельность</b> — это специфический вид деятельности, осуществление которой на данном этапе онтогенеза определяет возникновение и формирование основных психологических достижений и личностных перестроек. Леонтьев теоретически обосновал и экспериментально доказал, что она характеризуется тремя главными и обязательными признаками:</p><ul><li>Внутри текущей ведущей деятельности впервые зарождаются, развиваются и дифференцируются другие, качественно новые виды деятельности, которые сами приобретают ведущее значение на следующей возрастной ступени (например, учебная деятельность первоначально появляется внутри дошкольной игры, когда ребенок начинает учиться, играя).</li><li>В ведущей деятельности наиболее интенсивно формируются, перестраиваются и развиваются отдельные психические процессы (в сюжетной игре складываются образное мышление и активное воображение, а в учении — отвлеченное логическое мышление).</li><li>От характера ведущей деятельности прямо зависит фундаментальное формирование личности ребенка и её основные мотивационные изменения в данный хронологический период (так, в игре дошкольник осваивает общественные функции, нормы поведения взрослых и учится согласовывать свои действия со сверстниками).</li></ul><p>Леонтьев акцентировал внимание на том, что социальная природа деятельности и её операционально-технический состав осваиваются ребенком только в процессе сотрудничества. Именно активное межличностное взаимодействие со взрослым выступает главным механизмом, через который транслируется культурно-исторический опыт и формируются высшие психические функции ребенка (внимание, логическая память, речь и мышление).</p>",50
developmental-psych,"15. Факторы, предпосылки, условия, принципы и закономерности психического развития","<h3>Детерминанты онтогенеза: факторы, предпосылки и условия</h3><p>Развитие психики — это сложнейший процесс, обусловленный непрерывным взаимодействием внутренних и внешних детерминант. Академическая отечественная наука строго разграничивает понятийный аппарат, описывающий движущие силы этого процесса:</p><ul><li><b>Факторы психического развития.</b> Это ведущие детерминанты, которые непосредственно определяют характер и содержание онтогенеза. Выделяют три основных фактора: <i>наследственность</i> (биологический потенциал), <i>среда</i> (социальное окружение) и <i>активность</i> самого человека, проявляющаяся в самостоятельной предметной деятельности и преобразовании себя. Диалектическое единство и соотношение факторов является ключом к пониманию индивидуальности.</li><li><b>Предпосылки психического развития.</b> Это то, что создает объективную возможность развития. К ним относится врожденная генетическая основа, анатомо-физиологические свойства, задатки, темперамент, а также своевременное биологическое созревание нервной системы и организма в целом.</li><li><b>Условия психического развития.</b> Определяют собой те внутренние и внешние постоянно действующие факторы, которые, не выступая в качестве прямых движущих сил, тем не менее существенно влияют на него, направляя ход развития и определяя конечные результаты. Сюда относится соотношение конкретных предметов материальной культуры и специфика взаимоотношений между людьми.</li><li><b>Источники психического развития.</b> Это то, что запускает и непрерывно поддерживает процесс развития. Главным источником развития человека выступает социальная среда, культура и накопленный человечеством исторический опыт, который ребенок активно присваивает.</li><li><b>Движущие силы психического развития.</b> В отечественной психологии движущей силой провозглашаются внутренние противоречия между растущими потребностями ребенка и его реальными возможностями их самостоятельного удовлетворения в существующей социальной ситуации развития.</li></ul><h3>Фундаментальные принципы психического развития</h3><p>Динамика изменений человеческой психики подчиняется четырем общесистемным положениям, образующим <b>принципы психического развития</b>:</p><ul><li><b>Принцип устойчивого динамического неравновесия.</b> Постулирует, что развитие — это непрерывный переход от одного состояния к другому, постоянный поиск нового баланса. Система всегда находится в движении, а начальным моментом выступает сложный спектр индивидуальных внутренних противоречий, запускающих активность.</li><li><b>Принцип взаимодействия тенденций к сохранению и изменению.</b> Отражает диалектическое единство наследственности-изменчивости. Тенденция к сохранению осуществляется наследственностью, которая без искажений передает информацию, а противоположная тенденция к изменению проявляется в изменчивости и приспособлении к среде обитания.</li><li><b>Принцип дифференциации-интеграции.</b> Развитие психики идет по вектору от состояния относительной глобальности и нерасчлененности к состояниям большей дифференцированности психических функций и их последующей иерархической интеграции в целостную макросистему сознания.</li><li><b>Принцип цельности.</b> Показывает меру связности элементов. Все стороны психики человека взаимосвязаны: качественное изменение в одной сфере (например, в речи) неизбежно влечет за собой перестройку всех остальных когнитивных и личностных процессов.</li></ul><h3>Закономерности психического развития</h3><p>Многолетние эмпирические исследования позволили зафиксировать строгие академические <b>закономерности психического развития</b>, отражающие внутреннюю логику онтогенеза:</p><ul><li><b>Неравномерность:</b> разные психические функции развиваются неравномерно, каждая из них имеет индивидуальные стадии подъема, стабилизации и спада (развитию присущ колебательный характер).</li><li><b>Гетерохронность:</b> асинхронность и несовпадение во времени сроков созревания различных органов, систем и психических функций (например, структуры мозга, отвечающие за восприятие, созревают значительно раньше структур, регулирующих абстрактное мышление).</li><li><b>Неустойчивость:</b> развитие не является линейным и прямолинейным процессом, в нем всегда возможны периоды замедления, регрессии, застоя и резких качественных скачков.</li><li><b>Сензитивность:</b> наличие в онтогенезе сенситивных периодов, для которых характерно оптимальное, наиболее благоприятное сочетание условий для развития конкретных психических процессов или свойств (например, ранний возраст сензитивен для освоения речи).</li><li><b>Кумулятивность:</b> последовательное накопление изменений, при котором результаты предыдущих этапов развития включаются в состав новых психических новообразований, качественно перерабатываясь.</li><li><b>Дивергентность-конвергентность хода развития:</b> дивергентность отражает идущее по мере взросления увеличение разнообразия и индивидуализации психических свойств у разных людей, а конвергентность показывает схождение и интеграцию этих признаков в целостную структуру личности.</li></ul>",51
developmental-psych,16. Понятие возраста и подходы к определению возрастной нормы по Е. Е. Сапоговой,"<h3>Многоаспектное понятие возраста в психологии</h3><p><b>Возраст</b> — это конкретная, относительно ограниченная во времени ступень психологического развития индивида и его развития как вида, характеризуемая совокупностью закономерных физиологических и психологических особенностей. Академик Б. Г. Ананьев указывал на частое несовпадение во времени различных типов зрелости человека. В возрастной науке континуум жизни человека разделяется на четыре дифференцированных измерения:</p><ul><li><b>Абсолютный возраст.</b> Также называется календарный или хронологический возраст. Он выражается чистым количеством временных единиц (минут, дней, лет), отделяющих момент возникновения объекта до момента его текущего измерения. Это количественное, абстрактное понятие, обозначающее лишь длительность существования индивида и его жесткую локализацию во времени.</li><li><b>Условный возраст.</b> Также называется возраст развития. Это период в условной системе отсчета, который определяется относительно других периодов, выделенных по качественным и количественным признакам психического или физического генезиса.</li><li><b>Биологический возраст.</b> Представляет собой совокупность признаков, характеризующих текущее биологическое состояние организма, уровень его жизнеспособности и общего здоровья. Он определяется исключительно степенью морфологического и физического созревания систем органов (костной, мышечной, сердечно-сосудистой, гормональной).</li><li><b>Психологический возраст.</b> Это уровень умственного и личностного развития человека на определенном этапе онтогенеза. Он указывает, насколько успешно человек смог адаптироваться к требованиям окружающей среды, и детерминирует его собственное отношение к возрасту и субъективное переживание себя в рамках конкретной возрастной когорты.</li></ul><h3>Понятие возрастной нормы и подходы к её определению</h3><p><b>Возрастная норма</b> — это диапазон типичных для данного возраста показателей психического развития, отражающих оптимальное функционирование психики в конкретных социальных и культурных условиях. Известный отечественный исследователь Е. Е. Сапогова систематизировала три магистральных научных подхода к экспликации возрастной нормы:</p><p><b>1. Статистический подход.</b> Данный подход основывается на сборе и анализе данных о различных характеристиках у большой репрезентативной группы людей одного хронологического возраста. Быть нормальным в рамках данного подхода — значит строго соответствовать некоему усредненному стандарту, который вычисляется с помощью математического аппарата как **среднестатистический норматив**. Этот подход предполагает возможность точного количественного измерения свойств. Главный критерий прост: чем реже в популяции встречается та или иная форма поведения или показатель функции, тем больше вероятность, что её будут воспринимать как отклонение от нормы.</p><p><b>2. Функционально-системный подход.</b> Рассссматривает возрастную норму не как статичный набор стандартов, а как динамический процесс, определяющий функциональный оптимум деятельности живого организма. Как показал выдающийся физиолог К. В. Судаков, норма в этой концепции трактуется как интервал оптимального функционирования живой системы с подвижными границами, в рамках которых сохраняются идеальная связь со средой и внутреннее согласование всех функций. С этой позиции возрастную норму следует рассматривать как **биологический оптимум функционирования**, обеспечивающий максимально гибкое адаптивное реагирование на изменяющиеся детерминанты внешней среды.</p><p><b>3. Медико-биологический подход.</b> Этот подход основан на многолетнем эмпирическом опыте оценки функционального состояния организма и центральной нервной системы. Норма функционирования организма и психики человека определяется по общепринятым показателям строения тела и измерениям систем в состоянии покоя и нагрузки. При этом учитывается, что сами нормативы, имеющие возрастные, половые и этнические особенности, претерпевают постоянные исторические изменения под влиянием внешних обстоятельств. Границами нормальных периодов выступают **возрастные кризисы** — закономерные точки качественной перестройки социальной ситуации развития.</p>",52
developmental-psych,"17. Интегральные теории советской психологии: Эльконин, Запорожец, Гальперин, Соколянский","<h3>Концепция периодизации психического развития Д. Б. Эльконина</h3><p>Даниил Борисович Эльконин развил представления Л. С. Выготского об онтогенезе, рассмотрев ребенка как целостную личность, активно познающую мир предметов и человеческих отношений. Эльконин включил ребенка в две системы отношений: «ребенок — общественный предмет» (где вещь заключает в себе общественно выработанные способы действий) и «ребенок — общественный взрослый» (где взрослый выступает как носитель задач, мотивов и норм отношений). Деятельность ребенка внутри этих систем образует единый процесс, однако на разных возрастных этапах они осваиваются поочередно.</p><p>Эльконин сформулировал фундаментальный <b>закон периодичности Эльконина</b>: ребенок поочередно осваивает системы отношений «человек — человек» (где преимущественно развивается мотивационно-потребностная сфера) и «человек — вещь» (где формируются операционно-технические возможности и интеллектуально-познавательная сфера). Моменты, когда расхождение между этими сферами принимает наибольшую величину, называются кризисами. Полная хронологическая структура психологического возраста включает в себя: социальную ситуацию развития, ведущую деятельность, кризис развития и центральное психологическое новообразование.</p><h3>Теория формирования перцептивных действий А. В. Запорожца</h3><p>Александр Владимирович Запорожец разработал подход, согласно которому развитие восприятия понимается как овладение все более сложными видами перцептивных действий. В процессе практической деятельности, организуемой взрослым, ребенок постепенно усваивает общественно выработанные системы сенсорных качеств — <b>сенсорные эталоны</b> (например, шкала музыкальных звуков, решетка фонемы родного языка, система геометрических форм). Первоначально происходит овладение внешне-двигательными формами обследования на основе материальных образцов, которые затем интериоризируются, сменяясь внутренними эталонными представлениями.</p><h3>Теория поэтапного формирования умственных действий П. Я. Гальперина</h3><p>Петр Яковлевич Гальперин доказал, что психологический закон усвоения знаний состоит в том, что они формируются в уме не до, а непосредственно в процессе применения их на практике. Процесс перехода внешнего действия во внутренний план совершается строго поэтапно, образуя **теория поэтапного формирования Гальперина**:</p><ul><li><b>1. Выявление ориентировочной основы действия:</b> предварительное ознакомление с заданием и выделение внешних ориентиров;</li><li><b>2. Формирование действия в материальном виде:</b> выполнение действия с реальными предметами или их схемами-заместителями;</li><li><b>3. Этап внешней речи:</b> действие подвергается обобщению благодаря его полной вербализации вслух (устно или письменно) без опоры на предметы;</li><li><b>4. Формирование действия во внешней речи про себя:</b> вербальное освоение действия происходит без звукового участия во внутреннем плане;</li><li><b>5. Формирование действия во внутренней речи:</b> высший этап интериоризации, на котором действие становится максимально автоматизированным и превращается в чистый акт мысли, ход которого скрыт, а известен лишь конечный продукт.</li></ul><p>Гальперин оценивал роль мотивации так высоко, что рекомендовал предварять эти 5 этапов стадией формирования соответствующей мотивации у учащихся.</p><h3>Теория «первоначального очеловечивания» И. А. Соколянского и А. И. Мещерякова</h3><p>Уникальной вехой советской науки стала **теория первоначального очеловечивания**, разработанная Иваном Афанасьевичем Соколянским и Александром Ивановичем Мещеряковым в процессе обучения слепоглухонемых детей в Загорске. Теория доказывает решающую роль предметно-практической деятельности в формировании человеческой психики даже при полном отсутствии зрительного и слухового анализаторов. <br>Процесс обучения строится строго по этапам: 1) <i>Период первоначального очеловечивания:</i> формирование простейших навыков самообслуживания через совместное разделенное действие рук ребенка и взрослого (пользование ложкой, тарелкой); 2) <i>Формирование специальных средств общения:</i> создание системы жестов, обозначающих предметы и действия, что резко ускоряет психический генезис; 3) <i>Обучение грамматическому строю языка:</i> переход к письменной речи в брайлевской форме, выступающей главным инструментом формирования отвлеченного мышления и самосознания.</p>",53
developmental-psych,18. Пренатальное развитие и психическое развитие в период новорожденности,"<h3>Проблемы пренатального развития человека</h3><p><b>Пренатальное развитие</b> (внутриутробное) охватывает период от момента зачатия до рождения ребенка и выступает важнейшим биологическим фундаментом всего последующего онтогенеза. В этот период формируется морфофункциональный субстрат психики — головной мозг и нервная система. Выделяют следующие критические <b>проблемы пренатального развития</b>:</p><ul><li><i>Физиологические проблемы:</i> задержка внутриутробного развития плода (гипотрофия, вызванная болезнями матери или патологией плаценты), врожденные пороки развития (стойкие морфологические изменения органов) и опасные внутриутробные инфекции.</li><li><i>Психологические проблемы:</i> хронические стрессы и переживания матери, её депрессивные состояния, которые через гормональную систему напрямую транслируются ребенку, а также феномен нежеланной беременности, детерминирующий психологический дискомфорт в системе «мать-ребенок».</li></ul><p>Для пренатального контроля в медицине используются методы диагностики: неинвазивные исследования (УЗИ, биохимический анализ крови) и инвазивные методы (амниоцентез, биопсия хориона, кордоцентез). Путями решения проблем выступают психологическое сопровождение беременности, полноценное здоровое питание и отказ от вредных привычек.</p><h3>Кризис рождения и физиологические параметры новорожденного</h3><p>Переход от внутриутробной жизни к внеутробной знаменует собой <b>кризис рождения</b>. Это кратковременный период особых физиологических состояний, отражающих процесс приспособления ребенка к кардинально новым условиям среды обитания. Он вызван резкой сменой среды: ребенок покидает комфортную утробу и сталкивается с гравитацией, перепадом температур, светом и звуками, что требует немедленного установления легочного дыхания, изменения кровообращения и терморегуляции.</p><p>В норме новорожденный спит около 80% суток, причем сон носит полифазный характер (короткие периоды дремоты чередуются с крошечными периодами бодрствования). Движения ребенка хаотичны, позвоночник прямой (не имеет изгибов), кости черепа не срощены, а желудок расположен вертикально, что выступает естественной причиной срыгивания.</p><h3>Врожденная рефлекторная база</h3><p>К моменту рождения ребенок не имеет осознанных движений, его поведение регулируют бессознательные врожденные <b>рефлексы новорожденного</b>, которые помогают адаптироваться к среде и служат для диагностики нервной системы. Они разделяются на три магистральные группы:</p><ul><li><b>Пищевые рефлексы:</b> сосание, глотание и ориентировочный пищевой рефлекс (поиск груди при прикосновении к кончику губ);</li><li><b>Защитные рефлексы:</b> чихание, кашель, моргание и зажмуривание при ярком свете;</li><li><b>Атавистические рефлексы:</b> филогенетически древние, угасающие к 3 месяцам рефлексы (рефлекс Моро — обхватывание, хватательный рефлекс, автоматическая ходьба, плавание и эффект кукольных глаз).</li></ul><h3>Комплекс оживления как центральное новообразование</h3><p>С точки зрения психологии, верхняя граница новорожденности составляет 2,5–3 месяца. Психическое развитие новорожденного характеризуется тем, что его ощущения еще не дифференцированы и неразрывно слиты с эмоциями. Появляется первичное слуховое сосредоточение (замирание при резком звуке или голосе на 2–3 неделе) и зрительное сосредоточение (на 3–5 неделе ребенок недолго удерживает взгляд на ярком предмете или лице человека).</p><p>Поворот в психическом развитии и выход из кризиса знаменуются появлением центрального новообразования, которое получило название <b>комплекс оживления</b>. Это бурная эмоционально-двигательная реакция ребенка на появление близкого взрослого, выражающая первую социальную потребность человека — потребность в общении. Структура этой реакции включает четыре обязательных компонента:</p><ul><li><b>Улыбка:</b> широкая улыбка с открыванием рта и оживленной мимикой;</li><li><b>Вокализация:</b> ребенок активно гулит, лепечет и вскрикивает навстречу взрослому;</li><li><b>Зрительное сосредоточение:</b> фиксация взгляда на лице подошедшего взрослого;</li><li><b>Двигательные реакции:</b> поворот головы, вскидывание ручек и ножек, переходящее к 3 месяцам в энергичные прогибы в спине — «мостик».</li></ul>",54
developmental-psych,19. Психическое развитие ребенка в период младенчества и кризис одного года,"<h3>Социальная ситуация развития и ведущая деятельность младенца</h3><p>Период младенчества охватывает хронологический отрезок от 2–3 месяцев до 1 года. К 3-месячному возрасту ребенок начинает избирательно выделять мать и близких из окружающего пространства. Специфическая <b>социальная ситуация развития младенца</b> определяется острым внутренним противоречием: это максимальная социальность при минимальных возможностях общения. Младенец полностью зависит от взрослого в удовлетворении всех биологических нужд (биологическая беспомощность), но лишен главного человеческого средства связи — вербальной речи.</p><p>Из этого противоречия рождается ведущая деятельность периода — <b>непосредственное эмоциональное общение</b> со взрослым. В своем развитии оно проходит три последовательные фазы, описанные в отечественной школе М. И. Лисиной:</p><ul><li><b>Ситуативно-личностное общение (от 2 до 6 месяцев):</b> общение ради самого общения, представляющее собой интенсивный обмен положительными эмоциями, улыбками и экспрессивно-мимическими средствами взаимодействия.</li><li><b>Общение по поводу предметов (конец первого полугодия):</b> общение ради удовлетворения предметного интереса, когда внимание младенца переключается с лица взрослого на манипуляции с игрушками.</li><li><b>Общение как совместная деятельность (конец года):</b> ситуативно-деловое общение, где взрослый выступает как соучастник и помощник. Экспрессивные средства дополняются предметными действиями, позами и жестами сотрудничества.</li></ul><h3>Развитие познавательных процессов и эмоциональной сферы</h3><p>Психическое развитие младенца включает в себя интенсивную дифференциацию когнитивных функций, которые на начальных этапах развиваются значительно быстрее моторики:</p><ul><li><b>Восприятие:</b> со второго месяца жизни совершенствуется зрительное сосредоточение (достигает 7–8 секунд к 3 месяцам). Ребенок воспринимает форму, выделяет контур и реагирует на цвет. В 5–6 месяцев младенец совершает первое целенаправленное хватание предмета рукой. На основе мышечного чувства глубины активно формируется пространственное восприятие.</li><li><b>Память:</b> в 3–4 месяца появляется устойчивое узнавание знакомой игрушки или лица матери. Важнейшим новообразованием памяти в 8–12 месяцев становится активный поиск предметов, внезапно исчезнувших из поля зрения, что свидетельствует о сохранении образа вещи в долговременной памяти.</li><li><b>Мышление:</b> в конце года складываются первичные формы наглядно-действенного мышления. Ребенок начинает решать простейшие практические задачи путем внешних проб и ошибок, а к 10 месяцам младенцы демонстрируют первичное ментальное оперирование объектами без словесных подсказок.</li><li><b>Речь:</b> в первом полугодии развиваются предречевые вокализации в виде гуления (издание протяжных гласных звуков). Во втором полугодии возникает лепет — повторение согласных звуков и слоговых сочетаний (ба-ба, ма-ма), сочетающееся с выразительными жестами. Активно расширяется пассивный словарь: ребенок начинает хорошо понимать обращенную к нему речь взрослого.</li><li><b>Эмоции:</b> примерно в 7–11 месяцев у ребенка возникает выраженный <b>страх расставания</b> с матерью (сепарационная тревога). В её отсутствие младенец грустит, пугается, а при контакте с незнакомыми людьми проявляет сильное беспокойство и настороженность.</li></ul><h3>Кризис одного года: симптомы и новообразования</h3><p>На стыке младенчества и раннего детства возникает нормативный <b>кризис одного года</b>. Его главной движущей силой является противоречие между новыми способностями (прямохождением, расширением воли, познавательной активности) и старой, жестко сковывающей системой отношений со взрослыми. К ключевым проявлениям кризиса относятся следующие симптомы:</p><ul><li><b>Трудновоспитуемость:</b> ребенок перестает слушаться взрослых, проявляет настырность, упрямство и требует непрерывного внимания к себе.</li><li><b>Резкий всплеск капризности:</b> ребенок бурно отказывается от выполнения привычных повседневных действий (кормления, купания, укладывания спать).</li><li><b>Повышенная чувствительность к замечаниям:</b> проявление обидчивости, недовольства или вспышек агрессии в ответ на запреты взрослых.</li></ul><p>Центральным психологическим новообразованием, которым завершается кризис одного года, выступает **автономная речь**. Это специфическая детская речь, состоящая из аморфных, ситуативных слов-сигналов (например, «тити» — часы, «коко» — кошка), которые понятны только близким взрослым. Автономная речь служит переходным мостом к освоению настоящей человеческой речи и знаменует рождение собственной воли и самостоятельности ребенка.</p>",55
developmental-psych,20. Психическое развитие ребенка в раннем детстве: три линии развития,"<h3>Социальная ситуация развития и ведущая деятельность в раннем возрасте</h3><p>Раннее детство охватывает хронологический период от 1 года до 3 лет (преддошкольный возраст). Этот этап характеризуется переходом от естественного типа развития к социальному, где создаются общие предпосылки для формирования личности и субъекта деятельности. Качественно новая <b>социальная ситуация развития раннего детства</b> строится вокруг совместной деятельности ребенка со взрослым по поводу предметов. Взрослый теперь выступает не просто источником эмоционального тепла, а образцом человеческих способов действия с вещами. Из этого рождается ведущая деятельность периода — <b>предметно-манипулятивная деятельность</b>.</p><h3>Три магистральные линии развития</h3><p>В рамках раннего возраста отечественная академическая наука выделяет три ключевых вектора качественной перестройки психики и поведения:</p><ul><li><b>Линия прямохождения.</b> Прямохождение — это умение пользоваться своим телом автоматически в пространстве. На протяжении второго года жизни достигается полная автоматизация способов передвижения. Благодаря этому ребенок вступает в период самостоятельного и свободного общения с внешним миром, а его мышечное чувство становится мерой отсчета расстояния и пространственного расположения предметов.</li><li><b>Линия предметной деятельности.</b> Первоначально манипуляции ребенка носят функциональный характер и жестко закрепляются за конкретными вещами. Перенос действия в другую ситуацию или на другие объекты осуществляется двумя путями: перенос действия с предмета на предмет (использование тапка вместо телефона) или перенос в иную ситуацию. В процессе смены манипуляций на орудийные происходит становление первичных форм наглядно-действенного мышления.</li><li><b>Линия развития речи.</b> К 2 годам автономная речь сменяется первыми артикуляционными повторениями за взрослым. Речевая задача всегда ставится взрослым, и под его влиянием ребенок начинает активно произносить слова в наглядной ситуации, где речь приобретает форму диалога. С 2 до 3 лет происходит интенсивное увеличение усвоения грамматической структуры предложения и резкое возрастание запаса слов (до 1,5 тысяч). Речь, фиксирующая совершенные действия во время игры, активно влияет на формирование логического мышления и причинно-следственных связей.</li></ul><h3>Орудийные действия и концепция П. Я. Гальперина</h3><p>Важнейшим приобретением преддошкольного периода является овладение предметами-орудиями (ложкой, карандашом, молотком), которые имеют строго ограниченную общественную функцию и фиксированный способ применения. П. Я. Гальперин разделил их на два класса:</p><ul><li><b>Ручные действия:</b> действия, при которых предмет выступает как простое продолжение руки, а траектория движения подчиняется анатомии руки (например, манипулирование палкой);</li><li><b>Орудийные действия:</b> действия, требующие радикальной перестройки моторики, при которой рука должна подчиниться логике и физическим свойствам самого орудия (приспособление руки к ложке).</li></ul><p>Основным условием овладения орудийным действием является совместная деятельность со взрослым, в ходе которой ребенок осваивает смысл действия и его операционально-техническую сторону, создавая внутренний образ действия.</p><h3>Умственное развитие и знаковая функция сознания</h3><p>К двум годам инструментальная форма мышления приводит к возникновению <b>репрезентативное мышление</b> — воспроизводящей, воспроизводящей форме мыслительной активности на основе представлений, которая выступает предпосылкой собственной умственной деятельности. Мышление ребенка в этот период осуществляется с помощью внешних ориентиров действия (наглядно-действенное мышление). В 1,5–2 года появляется способность к внезапному решению практических задач путем внутренней координации сенсомоторных схем и интериоризации.</p><p>К концу раннего детства на основе символической игры зарождается наглядно-образное мышление, при котором решение задач происходит в результате внутренних действий с образами. В этом возрасте формируется <b>знаковая функция сознания</b>, заключающаяся в возможности использования одних предметов в качестве заместителей других (например, швабра вместо лошади). Предпосылками её возникновения служит отделение действия от предмета, а сами образы замещения и переименования ребенку всегда транслирует взрослый. К 3 годам складываются характеристики мыслительной деятельности: способность к широкому переносу опыта, умение устанавливать связи и решать задачи путем активного экспериментирования.</p>",56
developmental-psych,"21. Кризис трех лет: симптомы, личностные механизмы и гордость за достижения","<h3>Психологический смысл кризиса трех лет</h3><p><b>Кризис трех лет</b> — это нормативный возрастной кризис, возникающий при переходе от раннего возраста к дошкольному, характеризующийся резкой и кардинальной перестройкой сложившихся личностных механизмов, становлением новых черт сознания и личности ребенка, а также переходом к новому типу взаимоотношений с окружающими людьми. Главный психологический смысл этого этапа заключается в том, что у малыша в основных чертах складывается характер, целостное отношение к миру, способность к целенаправленной деятельности и первые достаточно зрелые структуры образа себя.</p><p>Достигнув трехлетнего возраста, малыш начинает осознавать, что он личность, и отделять себя от взрослых. Это наглядно проявляется возникновением в речи слова «Я». Если раньше ребенок без проблем говорил о себе в третьем лице, называя себя по имени (например: «Дима хочет кушать»), то теперь при взгляде на свое отражение в зеркале или фотографию он с уверенностью произносит: «Это Я». Кризис трех лет протекает как кризис социальных отношений ребенка, когда новые черты всегда связаны с тем, что ребенок начинает мотивировать свои поступки не содержанием самой наглядной ситуации, а отношениями с другими людьми.</p><h3>Симптоматика кризиса трех лет («Семивездие» Выготского)</h3><p>Л. С. Выготский подробно описал поведенческий комплекс симптомов, сопровождающий этот критический период, назвав его термином <b>семивездие симптомов кризиса трех лет</b>:</p><ul><li><b>Негативизм:</b> это отрицательная реакция, связанная с отношением одного человека к другому человеку. Ребенок отказывается подчиняться требованиям взрослых не потому, что не хочет делать то, о чем его просят, а только потому, что предложение исходит от конкретного взрослого. Негативизм нельзя смешивать с простым непослушанием.</li><li><b>Упрямство:</b> это реакция ребенка на свое собственное решение. Упрямство состоит в том, что ребенок настойчиво настаивает на своем требовании не потому, что ему сильно хочется этот предмет, а потому, что он уже высказал это решение, и через это происходит выделение личности.</li><li><b>Строптивость:</b> близка к негативизм и упрямству, но носит более генерализованный, безличный характер. Это скрытый протест против порядков, правил, образа жизни и вещей, которые традиционно существуют дома.</li><li><b>Своеволие:</b> стремление к эмансипации и независимости от взрослого. Выражается в настойчивом стремлении к самостоятельности намерения и замысла, ребенок сам хочет определять свои действия.</li><li><b>Протест-бунт:</b> все поведение ребенка приобретает черты явного протеста, как будто ребенок находится в состоянии войны с окружающими людьми, в постоянном открытом конфликте с ними.</li><li><b>Обесценивание:</b> проявляется в том, что ребенок резко теряет интерес и начинает обесценивать все то, что любил раньше (игрушки, правила, авторитет взрослых, от него можно услышать бранные слова).</li><li><b>Деспотизм:</b> в семье с единственным ребенком часто встречается стремление к деспотической власти по отношению ко всему окружающему микросоциуму. Ребенок изыскивает множество способов, чтобы заставить родителей выполнять любые свои капризы.</li></ul><h3>Поведенческий комплекс «Гордость за достижения»</h3><p>Несмотря на обилие трудновоспитуемости, критический этап имеет глубокое позитивное значение. Все симптомы перестройки предметно-практической деятельности и отношений со взрослыми образуют у трехлетнего ребенка важнейший интегративный поведенческий комплекс, который в отечественной школе получил название <b>гордость за достижения</b>.</p><p>Этот комплекс наглядно доказывает, что в самосознании ребенка произошли качественные изменения. Малыш начинает чутко и дифференцированно относиться к результатам своих дел и поступков, остро переживает успешные и неуспешные действия и впервые начинает оценивать себя в соответствии с результативностью в практических делах. Поведенческий комплекс гордость за достижения включает в себя стремление продемонстрировать свои успехи взрослому, обостренное чувство собственного достоинства, ожидание одобрения со стороны близких и закладывает основу для развития воли и будущей иерархии мотивов.</p>",57
developmental-psych,"22. Дошкольный возраст: развитие когнитивной сферы, личности и форм общения","<h3>Социальная ситуация развития и понятие идеальной формы</h3><p>Дошкольный возраст (от 3 до 7 лет) является периодом интенсивного формирования сложных социальных форм психики, характера, способностей и становления ребенка как субъекта общения, познания и деятельности. Полное отделение от взрослого к концу раннего детства создает предпосылки для возникновения новой социальной ситуации развития. Ребенок впервые выходит за рамки семейного круга и начинает устанавливать отношения с расширенным миром взрослых [1].</p><p>Социальные отношения, существующие в мире взрослых, их функции, задачи и мотивы деятельности становятся для ребенка ориентиром. Д. Б. Эльконин сформулировал положение, согласно которому в этом возрасте действует <b>идеальная форма</b> — та высшая часть объективной социальной действительности, с которой ребенок вступает в непосредственное взаимодействие и в которую активно пытается войти. Противоречие социальной ситуации заключается в разрыве между стремлением ребенка быть взрослым, выполнять его функции и невозможностью реализовать это в реальной жизни. Единственной деятельностью, которая позволяет разрешить это противоречие и смоделировать взрослые отношения, является сюжетно-ролевая игра.</p><h3>Развитие познавательных процессов в дошкольном возрасте</h3><p>По всем линиям когнитивного генезиса возникают качественные новообразования, постепенно переходящие от непроизвольных форм к произвольным:</p><ul><li><b>Развитие восприятия:</b> ребенок активно усваивает сенсорные эталоны (цвет, геометрические формы, меры величины, времени и пространства). В восприятии пространства обнаруживается <b>эгоцентрическая позиция</b> — своеобразие мышления и перцепции, при котором ребенок может оценить пространственные отношения между предметами только со своей собственной физической точки зрения и оказывается не в состоянии изменить точку отсчета. В старшем возрасте восприятие становится целенаправленным, аналитическим и осмысленным.</li><li><b>Внимание:</b> в младшем возрасте оно тесно связано с непосредственным интересом, но к 6 годам главным достижением становится овладение собственным вниманием — формируется произвольное внимание. Формой организации и управления вниманием становится внутренняя речь ребенка.</li><li><b>Память:</b> носит преимущественно непроизвольный характер (ребенок легко запоминает то, что включено в цель его действий). Овладение элементами произвольной памяти включает в себя три этапа: выделение самой задачи (запомнить, припомнить), выделение и усвоение логических приемов запоминания (повторение, группировка, ассоциации) и формирование произвольного контроля над извлечением информации.</li><li><b>Воображение:</b> первоначально воображение вплетено в игру и неотделимо от внешних манипуляций (ребенку необходим предмет-заместитель). В старшем возрасте происходит <b>интериоризация воображения</b> — способность конструировать образы и воображаемые ситуации полностью во внутреннем плане, без опоры на внешние предметы, что означает зарождение собственной творческой фантазии.</li><li><b>Мышление и речь:</b> происходит закономерный переход от наглядно-действенного к наглядно-образному мышлению, а затем — к элементам словесно-логического мышления. В деятельности ребенка формируются обобщения и приемы классификации. В речи развивается функция планирования и контроля над своими интеллектуальными действиями.</li></ul><h3>Развитие личности ребенка: соподчинение мотивов и эмпатия</h3><p>Включение ребенка в постоянный коллектив сверстников и появление обязательных правил поведения кардинально перестраивают личностную сферу. Центральным новообразованием дошкольного детства в отечественной психологии провозглашается <b>соподчинение мотивов</b> (или иерархия мотивов). Умение соподчинять мотивы появляется тогда, когда импульсивные желания ребенка сдерживаются ограничителями (режимом, авторитетом взрослого). Если у младших дошкольников мотивы поощрения и наказания являются внешними, то у старших дошкольников обдуманные действия и внутреннее чувство долга начинают преобладать над ситуативными желаниями.</p><p>Перестройка мотивационной сферы неразрывно связана с усвоением морально-этических норм и развитием сопереживания. Отечественная наука доказывает, что в дошкольном возрасте формируется <b>гуманистическая эмпатия</b> — высший тип сопереживания, выражающийся в безусловном, бескорыстном сочувствии другому существу и принятии решений в его пользу (в отличие от эгоцентрической эмпатии, построенной сквозь призму личной выгоды).</p><p>В этом же возрасте происходит психосексуальная идентификация. Дети осознают необратимость своей половой принадлежности. Половая идентификация формируется как результат взаимодействия факторов: имитация поведения взрослого своего пола, соответствие внушениям среды, поощрение за гендерно-соответствующие поступки и активное обучение стандартам поведения своего пола.</p><h3>Внеситуативные формы общения со взрослыми по М. И. Лисиной</h3><p>Общение ребенка со взрослым усложняется, приобретает внеситуативный характер и позволяет выйти за пределы наличной наглядной ситуации. М. И. Лисина выделила две ведущие внеситуативные формы общения, последовательно сменяющие друг друга в дошкольном детстве:</p><ul><li><b>Внеситуативно-познавательное общение (4–5 лет):</b> включено в теоретическое познание ребенком окружающего мира. Это знаменитый период вопросов «Почемучки». Взрослый выступает для ребенка как эрудит, авторитетный источник информации и «энциклопедия». Главной коммуникативной потребностью ребенка в этой форме становится потребность в уважении взрослого, серьезном отношении к его вопросам, а основным средством общения выступает речь.</li><li><b>Внеситуативно-личностное общение (6–7 лет):</b> высшая форма общения в дошкольном детстве. Её содержанием становится мир людей, их поступков, взаимоотношений, качеств и моральных норм, а не мир вещей. Главный побудитель общения — сам взрослый человек как личность, обладающая индивидуальными качествами. Ведущей потребностью старшего дошкольника становится потребность во взаимопонимании, сопереживании и достижении общности взглядов и оценок со взрослым.</li></ul>",58
developmental-psych,23. Сюжетно-ролевая игра как ведущая деятельность дошкольника и продуктивные виды деятельности,"<h3>Структура сюжетно-ролевой игры по Д. Б. Эльконину</h3><p>Сюжетно-ролевая игра является ведущей деятельностью в дошкольном возрасте, обеспечивающей переход от непроизвольного к произвольному поведению. Она осуществляется по добровольно принятым правилам в условных ситуациях. Развивая идеи Л. С. Выготского, Д. Б. Эльконин выделил компоненты, образующие **структура игры Эльконина**:</p><ul><li><b>Тема:</b> та область объективной действительности, которую ребенок воспроизводит в игре (быт, медицина, космос);</li><li><b>Сюжет:</b> определенная последовательность событий, сценарий и логика разыгрываемых действий;</li><li><b>Роль:</b> обязательный набор действий, выступающий как моделирование реальных отношений между взрослыми;</li><li><b>Содержание игры:</b> то, что ребенок выделяет как центральный, ключевой момент деятельности взрослых (в младшем возрасте — действия с вещами, в старшем — выполнение правил и моделирование человеческих отношений);</li><li><b>Игровой материал:</b> игрушки и разнообразные предметы, при помощи которых дети разыгрывают сюжет;</li><li><b>Ролевые и реальные отношения:</b> ролевые отражают отношения по сюжету (врач — пациент), а реальные выражают отношения между детьми как партнерами по поводу самой организации игры (распределение ролей, споры, правила).</li></ul><h3>Четыре этапа развития игровой деятельности</h3><p>Развитие сюжетно-ролевой игры у детей проходит четыре строго последовательных этапа (классификация Д. Б. Эльконина):</p><ul><li><b>Первый этап (3 года):</b> ребенок играет в одиночку или рядом. Содержание игры — однообразные действия с предметами в бытовой логике. Роли не обозначены словом, последовательность часто нарушается.</li><li><b>Второй этап (4 года):</b> действия с вещами развертываются полнее, роль уже обозначается словом. Последовательность действий становится жестким правилом. Возникает кратковременное взаимодействие на основе общей игрушки (2–3 человека).</li><li><b>Третий этап (5 лет):</b> роли четко распределяются до начала игры. Игрушки и предметы-заместители подбираются по ходу сюжета. Логика и характер действий определяются ролью, что становится основным правилом. Сюжеты становятся разнообразными (труд взрослых, общественные явления).</li><li><b>Четвертый этап (6–7 лет):</b> игры носят коллективный характер, объединения устойчивы. Четко выделяется подготовительный этап (планирование, изготовление самоделок). Содержанием игры становится тонкое отражение реальных отношений и взаимодействий взрослых друг с другом.</li></ul><h3>Характеристика продуктивных видов деятельности</h3><p>Помимо игры, дошкольник активно осваивает формы продуктивной деятельности, направленные на создание определенного продукта. Выготский рассматривал детский рисунок как графический рассказ («язык ребенка»). В нем выделяют две стадии: <i>доизобразительная стадия (1,5–3 года)</i> — каракули как случайные моторные метки, и <i>изобразительная стадия (весь дошкольный возраст)</i>. К 6–7 годам схематический рисунок отражает не просто зрительное восприятие, а весь сенсомоторный опыт и представления ребенка о предмете. Детям важен не только результат, сколько сам процесс творчества.</p><p>Вторым важнейшим продуктивным видом выступает конструирование, благодаря которому развивается мелкая моторика и пространственное мышление. Выделяют три вида конструирования:</p><ul><li><b>Конструирование по образцу:</b> постройка по готовому примеру (например, башни). Требует произвольности и внимания, но не несет высокой умственной нагрузки;</li><li><b>Конструирование по условиям:</b> выполнение постройки по задачам и ограничениям, заданным взрослым («возьми 5 красных кубиков»);</li><li><b>Конструирование по замыслу:</b> высший вид, возникающий внутри игры, где ребенок сам придумывает и реализует образ результата.</li></ul><h3>Психологический механизм восприятия сказки</h3><p>Важнейшим видом деятельности старшего дошкольника является <b>восприятие сказки</b>. Герои сказок просты и типичны, а её язык прост и загадочен, что стимулирует воображение. Главный психологический механизм восприятия заключается в том, что ребенок мысленно становится на позицию героя произведения, активно сопереживая ему. Сказка предлагает наглядные образы, наслаждаясь которыми, ребенок незаметно для себя интериоризует культурное наследие и усваивает жизненно важную информацию о моральных нормах общества.</p>",59
developmental-psych,24. Кризис семи лет: рождение социального «Я» и логика чувств,"<h3>Психологический смысл кризиса семи лет</h3><p><b>Кризис семи лет</b> — это нормативный переломный период, знаменующий собой завершение дошкольного детства и переход к младшему школьному возрасту. В отечественной науке он понимается как период рождения социального «Я» ребенка. На этом этапе коренным образом перестраивается социальная ситуация развития: ребенок впервые приобретает стремление к общественно значимой деятельности и хочет занять новую, авторитетную социальную позицию (позицию ученика). Главной личностной потребностью ребенка становится потребность в уважении со стороны взрослых и признании его новых возможностей.</p><p>Л. С. Выготский указывал, что внешним отличительным признаком поведения ребенка семи лет является полная <b>утрата детской непосредственности</b> и наивности. В отношениях с окружающими людьми он становится не таким понятным, каким был до этого, в его действиях появляется нарочитое, несколько вычурное, искусственное, манерное и натянутое поведение. Самой существенной чертой кризиса семи лет является начало жесткой дифференциации внутренней и внешней стороны личности ребенка: между импульсивным желанием и непосредственным поступком впервые вклинивается мысленный, интеллектуальный момент — внутренние смысловые переживания.</p><h3>Феномен аффективного обобщения</h3><p>Благодаря интеллектуализации переживаний, внутренний мир ребенка качественно усложняется. Выделяются две важные стороны этого процесса:<br>• Переживания приобретают глубокий смысл: сердящийся ребенок начинает четко понимать, что он сердит, а огорченный — что он огорчен. Благодаря этому у него возникает качественно новое отношение к самому себе.<br>• Возникает <b>аффективное обобщение</b>, которое Выготский назвал логикой чувств. Если в дошкольном детстве ребенок переживал каждую неудачу отдельно, то в 7 лет у него формируется устойчивое обобщенное отношение к себе (складываются комплексы самолюбия, самооценки, уровень притязаний). Из-за этого в сознании возникает острая внутренняя борьба переживаний и скрытые конфликты чувств. Лишь там, где ребенок впервые понимает свои переживания, изменяется его отношение к среде, и наступает новая эпоха в развитии.</p><h3>Поведенческие характеристики кризиса семи лет</h3><p>Перестройка внутренней жизни манифестирует вовне в виде специфического комплекса симптомов, который родители часто ошибочно путают с простой капризностью. Психологи выделяют следующие <b>симптомы кризиса семи лет</b>:</p><ul><li><b>Пауза:</b> специфический промежуток времени между обращением взрослого к ребенку (требованием, приказом) и реакцией ребенка. Семилетний ребенок «как будто не слышит» привычные режимные указания (вымыть руки, почистить зубы).</li><li><b>Спор:</b> реакция, при которой ребенок в ответ на любую просьбу начинает активно оспаривать необходимость выполнения данного действия или времени его реализации, ссылаясь на других членов семьи.</li><li><b>Непослушание:</b> демонстративное невыполнение привычных требований взрослых, возникающее без открытого выражения несогласия.</li><li><b>Хитрость:</b> нарушение установленных взрослым правил в скрытой, замаскированной форме, часто носящее игровой характер (зайти в ванную, включить воду, но не помыть руки). Быстро устраняется при уличении.</li><li><b>Взрослое поведение:</b> частный вид манерничанья, при котором ребенок демонстративно ведет себя карикатурно «по-взрослому», рассуждает на сложные темы и спорит об одежде («я не маленький, чтобы в этом ходить»).</li><li><b>Капризы и обостренная реакция на критику:</b> бурная, неадекватная эмоциональная реакция (обида, плач, хлопанье дверью), когда ребенок в ответ на демонстрацию своих умений вместо ожидаемой похвалы получает критические замечания.</li></ul><p>Симптомы кризиса семи лет наглядно свидетельствуют о том, что ребенок психологически перерос старую игровую систему отношений и полностью готов к деловому сотрудничеству. Именно дети с ярко выраженными поведенческими характеристиками этого кризиса демонстрируют наиболее высокую готовность к школьному обучению.</p>",60
developmental-psych,25. Психологическая готовность к школе и особенности адаптации первоклассников,"<h3>Компоненты и аспекты школьной зрелости</h3><p>По основным новообразованиям дошкольного возраста и кризиса семи лет определяется <b>психологическая готовность к школе</b> — комплексная система взаимосвязанных психических качеств, необходимых ребенку для успешного начала обучения в условиях группы сверстников. В академической науке понятия «школьная зрелость» и «готовность к школе» используются для обозначения уровня развития, при достижении которого ребенок может безболезненно осваивать учебные программы. Традиционно выделяют три ключевых аспекта школьной зрелости:</p><ul><li><b>Интеллектуальная зрелость:</b> включает дифференцированное восприятие, концентрацию внимания, зачатки аналитического мышления, способность к логическим заключениям, сенсомоторную координацию и развитие тонких движений руки (функциональное созревание головного мозга). Ребенок умеет мысленно обобщать и классифицировать предметы.</li><li><b>Эмоциональная зрелость:</b> характеризуется возможностью длительное время выполнять непривлекательное задание, уменьшением импульсивных реакций и развитием первичной волевой регуляции поведения.</li><li><b>Социальная зрелость:</b> отражает выраженную потребность в общении со сверстниками, умение подчинять свое поведение правилам детских групп и способность осознанно исполнять новую социальную роль ученика.</li></ul><h3>Феномен внутренней позиции школьника по Л. И. Божович</h3><p>Выдающийся отечественный психолог Л. И. Божович выделила личностный и интеллектуальный аспекты готовности, объединив их в уникальное интегративное образование. <b>Внутренняя позиция школьника</b> — это центральное личностное новообразование кризиса семи лет, выражающееся в новом сознательном отношении ребенка к школе, учению и самому себе как члену общества. </p><p>Ребенок, у которого сформирована внутренняя позиция школьника, искренне хочет учиться. Этот мотив бинарен: с одной стороны, действует социальный мотив учения (потребность занять значимую позицию в обществе взрослых людей, открыть доступ в мир взрослости), с другой стороны — познавательная потребность (желание приобретать новые теоретические знания, которую он уже не может удовлетворить в рамках домашней игры). Если этот комплекс не сформирован, у первоклассника может возникнуть школьная дезадаптация.</p><h3>Физиологические этапы адаптации к школе</h3><p>Поступление в образовательное учреждение требует от организма ребенка предельного напряжения сил. Процесс физической адаптации первоклассников к школе длится обычно от 5 до 6 недель и включает в себя три последовательных хронологических этапа:</p><ul><li><b>1. Ориентировочный этап («физиологическая буря»):</b> длится первые 2–3 недели обучения. Организм первоклассника отвечает на комплекс новых интенсивных воздействий и нагрузок бурной реакцией и максимальным напряжением всех своих биологических систем.</li><li><b>2. Этап неустойчивого приспособления:</b> организм ребенка активно ищет и нащупывает оптимальные варианты реакций на новые школьные воздействия и учебные нагрузки.</li><li><b>3. Этап устойчивого приспособления:</b> организм находит наиболее подходящие и щадящие варианты реагирования на учебную нагрузку, требующие меньшего напряжения всех внутренних систем.</li></ul><h3>Психологическая адаптация первоклассников и уровни её успешности</h3><p><b>Психологическая адаптация к школе</b> — это сложный процесс приспособления ребенка к условиям образовательного учреждения и, наоборот, школьной среды — к потребностям первоклассника. Она включает три сферы: академическую (соответствие поведения нормам школы), социальную (успешность вхождения в группу одноклассников) и личностную (принятие себя в роли ученика). Выделяют три качественных уровня адаптации:</p><ul><li><b>Высокий уровень адаптации:</b> первоклассник положительно относится к школе, требования учителей воспринимает адекватно. Учебный материал усваивается легко, глубоко и плотно. Ребенок прилежен, внимательно слушает инструкции, самостоятельно решает усложненные задачи, выполняет поручения без лишнего контроля, проявляет большой интерес к самостоятельной работе и занимает в классе благоприятное статусное положение.</li><li><b>Средний уровень адаптации:</b> ребенок положительно относится к посещению школы, это не вызывает у него отрицательных переживаний. Он понимает учебный материал, если учитель излагает его подробно и наглядно, успешно усваивает основное содержание программ и самостоятельно решает типовые задачи. Он сосредоточен только тогда, когда занят интересным делом, общественные поручения выполняет добросовестно и дружит со многими одноклассниками.</li><li><b>Низкий уровень адаптации:</b> первоклассник отрицательно или индифферентно относится к школе, нередко жалуется на нездоровье, доминирует подавленное настроение. Наблюдаются явные нарушения дисциплины. Объясняемый учителем материал усваивается фрагментарно, самостоятельная работа сильно затруднена. При выполнении заданий ребенок не проявляет интереса к урокам, готовится нерегулярно и требует постоянного контроля со стороны взрослых. Сохраняет внимание только при удлиненных паузах для отдыха, близких друзей в классе не имеет.</li></ul>",61
developmental-psych,26. Младший школьный возраст: учебная деятельность и когнитивные новообразования,"<h3>Социальная ситуация развития в младшем школьном возрасте</h3><p>Младший школьный возраст охватывает период от 6–7 до 10–11 лет — время обучения в начальной школе (1–4 классы). Качественно новая <b>социальная ситуация развития младшего школьника</b> характеризуется переходом от семьи и детского сада как главных сред общения к школе как новой официальной социальной институции. Ребёнок впервые включается в систему общественно значимой и общественно оцениваемой деятельности — учения. В его жизни появляется новый взрослый — учитель, который выступает не просто как близкий человек, а как авторитетный носитель общественных норм, законов и требований. Отношения со сверстниками приобретают институциональный характер — они регулируются правилами класса, школьными нормативами и коллективной ответственностью.</p><h3>Учебная деятельность как ведущий тип деятельности</h3><p>В этот период <b>учебная деятельность</b> становится ведущей. По Д. Б. Эльконину и В. В. Давыдову, она коренным образом отличается от простого «обучения» или «запоминания фактов» тем, что направлена не на получение практического внешнего результата, а на усвоение теоретических знаний и общих способов действия. Согласно теории деятельностного опосредования, учебная деятельность имеет чёткую внутреннюю структуру, включающую пять компонентов:</p><ul><li><b>Учебная мотивация:</b> внутреннее стремление не просто получить отметку, а понять суть, овладеть новым способом действия и укрепить свою позицию ученика;</li><li><b>Учебная задача:</b> задача, в которой ребенку нужно открыть общий способ решения целого класса задач;</li><li><b>Учебные действия:</b> действия по анализу условий задачи, моделированию, преобразованию и обобщению материала;</li><li><b>Контроль:</b> действие сопоставления своего процесса с эталоном (сначала осуществляется учителем, затем переходит во внутренний самоконтроль);</li><li><b>Оценка:</b> определение уровня усвоения общего способа действия (внешняя оценка учителя постепенно интериоризуется в самооценку).</li></ul><h3>Классификация мотивов учения по А. К. Марковой</h3><p>Успешность освоения ведущей деятельности напрямую зависит от её побудительных сил. Выдающийся психолог А. К. Маркова выделила пять основных групп мотивов, определяющих отношение младшего школьника к учению:</p><ul><li><b>Познавательные мотивы:</b> связаны с непосредственным интересом к самому знанию, стремлением понять факты и разобраться в причинно-следственных связях;</li><li><b>Учебно-познавательные мотивы:</b> отражают интерес не просто к знаниям, а к способам получения знаний, к самому процессу решения задач и овладению общими методами мышления (активно формируются в системе Эльконина–Давыдова);</li><li><b>Мотивы самообразования:</b> характеризуются стремлением к самостоятельному расширению знаний, выходу за рамки школьной программы (в этом возрасте проявляются редко);</li><li><b>Социальные мотивы:</b> широкие социальные мотивы (желание приносить пользу обществу) и мотивы социального сотрудничества (стремление к совместной учебной деятельности в паре или группе);</li><li><b>Престижная мотивация и мотивы благополучия:</b> престижная выражается в стремлении к высокой отметке ради признания и похвалы («хочу быть лучшим»), а мотивы благополучия носят узколичный характер и ориентированы на избегание наказания («учусь, чтобы родители не ругали»).</li></ul><h3>Психологические новообразования и предподростковый кризис</h3><p>Освоение учебной деятельности приводит к фундаментальной перестройке всей когнитивной и личностной сферы ребенка. В этот период формируются центральные <b>новообразования младшего школьного возраста</b>:</p><ul><li><b>Произвольность:</b> способность сознательно управлять своим поведением, вниманием, памятью и эмоциями в соответствии с целями и правилами;</li><li><b>Рефлексия:</b> способность осознавать собственные мыслительные действия, анализировать свои ошибки, мотивы и способы мышления;</li><li><b>Внутренний план действий:</b> способность выполнять сложные интеллектуальные действия целиком «в уме», без опоры на внешние предметы и практические манипуляции.</li></ul><p>Завершение этого этапа знаменует нормативный <b>кризис 10 лет</b> (предподростковый кризис). Он связан со снижением мотивации к учению, перестройкой внутренней позиции ученика и стремлением к признанию себя как личности, а не только как «хорошего школьника». Проявляется симптомами негативизма в отношении авторитета учителей, упрямством, повышенной самокритичностью и резким сдвигом интересов в сторону коллектива сверстников, что подготавливает почву для перехода в подростковый возраст.</p>",62
developmental-psych,"27. Подростковый возраст: ведущая деятельность, чувство взрослости и поведенческие реакции","<h3>Социальная ситуация развития в подростковом возрасте</h3><p>Подростковый возраст охватывает период от 10–11 до 14–15 лет. Качественно новая <b>социальная ситуация развития подростка</b> определяется процессами сепарации и эмансипации от взрослых. Происходит резкая смена референтных групп: родительская опека и авторитет учителей отходят на второй план, а главным источником ценностей, норм и одобрения становится группа сверстников. Основное противоречие периода заключается в настойчивом стремлении ребенка к признанию своей взрослости при отсутствии реальной социально-экономической возможности утвердить себя среди взрослых людей.</p><h3>Дискуссия о ведущей деятельности подростка</h3><p>В отечественной академической науке характер ведущей деятельности этого периода описывается с двух различных теоретических позиций:</p><ul><li><b>Концепция Д. Б. Эльконина.</b> Утверждает, что ведущей деятельностью периода становится <b>интимно-личностное общение со сверстниками</b>. Общение выделяется в относительно самостоятельную область жизни. В нем происходит практическое освоение моральных норм, ценностей и «кодекса товарищества». Школа и учебная деятельность в психологическом отношении отступают на задний план, а динамика мотивов общения меняется от желания просто быть вместе (10–11 лет) до поиска признания ценности своей личности (14–15 лет).</li><li><b>Концепция Д. И. Фельдштейна.</b> Постулирует, что главное значение для психического развития имеет <b>общественно полезная деятельность</b> (учебно-познавательная, производственно-трудовая, организационная), социально признаваемая и одобряемая взрослыми. Мотив подростка — быть лично ответственным. Фельдштейн доказывал, что интимно-личностный и стихийно-групповой характер общения преобладает лишь тогда, когда упущены возможности педагогической организации общественно полезного труда.</li></ul><h3>Центральные новообразования и когнитивный генезис</h3><p>Центральным и системообразующим новообразованием подростничества провозглашается <b>чувство взрослости</b> — субъективное переживание себя как взрослого человека, выражающееся в стремлении к независимости, автономии и копировании внешних атрибутов взрослой жизни. Параллельно развивается самосознание, формируется устойчивая Я-концепция и потребность в самоанализе.</p><p>В интеллектуальной сфере, согласно Ж. Пиаже, происходит переход к высшей стадии — <b>стадия формальных операций</b>. Когнитивное развитие характеризуется возникновением гипотетико-дедуктивного мышления. Подросток обретает способность оперировать абстрактными идеями, строить мысленные гипотезы, искать логические противоречия в суждениях и рассуждать о философских, политических и этических идеалах, что детерминирует становление его собственного мировоззрения. Воспроизведение информации в памяти теперь полностью определяется процессами мышления.</p><h3>Специфика подростковых поведенческих реакций</h3><p>Переходность психики и сосуществование черт детскости и взрослости формируют характерный комплекс поступков. В возрастной психологии выделяют следующие специфические <b>поведенческие реакции подростков</b>:</p><ul><li><b>Реакция отказа:</b> выражается в пассивном отказе от привычных форм поведения (контактов, учебы, домашних обязанностей). Возникает при резкой перемене условий жизни на почве психической незрелости.</li><li><b>Реакция оппозиции:</b> демонстративное противопоставление своего поведения требованиям взрослых (прогулы, побеги из дома, протестные поступки).</li><li><b>Реакция имитации:</b> подражание взрослым или кумирам, теми или иными качествами импонирующим идеалам подростка.</li><li><b>Реакция компенсации:</b> стремление восполнить свою несостоятельность в одной области (например, в учебе) бурными успехами или вызывающими выходками в другой сфере ради авторитета у сверстников.</li><li><b>Реакция гиперкомпенсации:</b> настойчивое, упорное стремление добиться выдающегося успеха именно в той области, в которой подросток обнаруживает наибольшую слабость (при физической слабости — уход в тяжелый спорт).</li><li><b>Реакция эмансипации:</b> специфически подростковая реакция, отражающая борьбу за независимость и стремление полностью освободиться из-под опеки и контроля родителей.</li><li><b>Реакция группирования:</b> сильная потребность в объединении в спонтанные подростковые группы со своим лидером и жесткой конформностью к внутригрупповой системе ценностей.</li><li><b>Хобби-реакция (реакция увлечения):</b> отражает структуру личности (интеллектуально-эстетические, азартные, спортивные увлечения).</li></ul>",63
developmental-psych,"28. Подростковый кризис: этапы, фазы и гендерные особенности протекания","<h3>Временные рамки и фазы кризиса по Л. С. Выготскому</h3><p><b>Подростковый кризис</b> — это особый нормативный период онтогенеза, характеризующийся переходом от возраста младшего школьника к подростковому возрасту, ломкой старой системы взаимоотношений со взрослыми и становлением качественно новых личностных механизмов. Точные временные рамки переходного периода достаточно продолжительны (с 10–11 до 17–18 лет), однако кризис протекает неравномерно. Автор теории возрастных кризисов Л. С. Выготский выделил три обязательные фазы внутри этого этапа:</p><ul><li><b>Предкризисная фаза:</b> также называется негативная фаза подросткового возраста (10–11 лет). Происходит ломка старой системы взаимоотношений, проявляются первичные признаки сопротивления, непослушания и отмирание старых детских интересов, но к глобальной перестройке Я ребенок еще не готов.</li><li><b>Кризисная фаза (13–15 лет):</b> максимально острый, пиковый и конфликтный период взросления. Подросток активно меняет отношение к себе, демонстративно отстаивает свои права, личные границы и стремится полностью вырваться из-под родительского контроля.</li><li><b>Посткризисная фаза:</b> также называется позитивная фаза (17–18 лет). Характеризуется более спокойным, стабильным и осознанным поведением. Происходит выстраивание жизненной перспективы, укрепляются главные ценностные ориентации, приоритеты и формируется зрелое самосознание.</li></ul><p>С точки зрения западного психоанализа, подросток созревает физиологически и сталкивается со сменой параметров связи с окружением. Э. Эриксон доказал, что этот этап колеблется между положительным полюсом идентификации Я и отрицательным полюсом, который называется <b>путаница ролей</b>. Успешное прохождение кризиса обеспечивает сепарацию от родительской семьи и опознание собственной индивидуальности.</p><h3>Гендерные особенности протекания кризиса у девочек</h3><p>У девочек половое созревание и сопутствующий кризис начинаются несколько раньше — в 10–11 лет. Внешне он выражается не очень ярко, так как женская психика более гибкая, что позволяет легче адаптироваться к требованиям среды. Девочки менее склонны к открытым конфликтам, более ответственны в учебе и чаще признают авторитет старших. Однако внутренний мир девочек-подростков полон сложных, скрытых противоречивых переживаний, которые имеют специфическую направленность:</p><ul><li><i>Обостренный фокус на внешности:</i> возникает сильное стремление нравиться противоположному полу, следить за модой, броско одеваться, менять прически и использовать косметику. В попытках усовершенствовать образ девочки активно подражают кумирам и звездам шоу-бизнеса.</li><li><i>Недовольство собственным телом:</i> быстрые изменения в организме и формирование женственной фигуры часто вызывают преувеличение своих недостатков. Несоответствие идеальным стандартам красоты порождает комплексы, застенчивость и страх быть отвергнутой.</li><li><i>Романтическая влюбленность:</i> именно в этот период девочки впервые влюбляются. Если чувство оказывается безответным, это резко усиливает тяжесть кризиса, провоцируя падение самооценки, глубокую замкнутость и депрессивные состояния.</li></ul><h3>Гендерные особенности протекания кризиса у мальчиков</h3><p>У мальчиков переходный возраст наступает чуть позже — в 12–13 лет, но протекает в бурной, открытой форме, которую сложно не заметить. Происходящие физиологические сдвиги и резкое повышение уровня тестостерона стимулируют конкурентное поведение и проявления маскулинной силы. Специфика мальчиков-подростков включает следующие особенности:</p><ul><li><i>Повышенная импульсивность и агрессивность:</i> мальчики эмоционально менее стабильны, склонны к вспышкам злости и ярости, часто ведут себя грубо со старшими, идут на открытые конфликты с учителями и ввязываются в драки со сверстниками. В этот период у них традиционно ухудшается школьная успеваемость.</li><li><i>Формирование устойчивых хобби-реакций:</i> в отличие от девочек, у мальчиков чаще появляются новые, стабильные и глубокие избирательные интересы (спорт, техника, музыка, программирование), в которых они проявляют чудо концентрации внимания.</li><li><i>Специфическое понимание взрослости:</i> мальчики стремятся копировать поведение взрослых мужчин, но трактуют самостоятельность по-своему, как возможность «быть крутыми» (курение, употребление алкоголя, нецензурная лексика, поздние возвращения домой). Главная мотивация — требование, чтобы окружающие воспринимали их как равных.</li><li><i>Сексуальная составляющая интереса:</i> отношение к противоположному полу у мальчиков в этом возрасте окрашено преимущественно сексуальным, а не платонически-романтическим интересом. Они активно обсуждают интимные темы в группе сверстников, что требует от родителей открытого и честного полового просвещения (безопасность, секс).</li></ul>",64
developmental-psych,29. Период ранней юности и ранняя взрослость: самоопределение и профессиональные кризисы,"<h3>Ранняя юность: временной горизонт и готовность к самоопределению</h3><p>Период ранней юности (старший школьный возраст, от 15 до 18 лет) составляет важнейшую часть переходного этапа от детства к самостоятельной взрослой жизни. Психологический критерий вхождения в юность связан с резкой сменой внутренней позиции: если подросток смотрит на будущее с позиции настоящего, то юноша смотрит на настоящее с позиции будущего. Изменяется основная направленность личности — происходит расширение временного горизонта, а построение жизненных планов и перспектив становится аффективным центром жизни.</p><p>В психологических периодизациях Д. Б. Эльконина и А. Н. Леонтьева ведущей признается учебно-профессиональная деятельность. В старших классах учение приобретает избирательный характер, ориентированный на будущую профессию. И. В. Дубровина уточняет, что к моменту окончания школы формируется именно <b>готовность к самоопределению</b> — определенная зрелость личности и механизмов, обеспечивающих возможность роста сейчас и в будущем. Л. С. Выготский рассматривал жизненный план как показатель овладения внутренним миром и целевую регуляцию нового типа. Основой планирования служит существующая в культуре модель «типичного жизненного пути», требующая вовремя делать социальные шаги.</p><h3>Кризис идентичности по Э. Эриксону в период взросления</h3><p>В западной науке этот процесс описывается как формирование идентичности. Э. Эриксон рассматривал поиск личностной идентичности как центральную задачу взросления. На фоне резких трансформаций молодому человеку необходимо объединить свойства семейных, гендерных и профессиональных ролей в непротиворечивую целостность. Эриксон доказал, что этот нормативный <b>кризис идентичности в юности</b> включает ряд противостояний: временная перспектива или расплывчатое чувство времени, уверенность в себе или застенчивость, экспериментирование с ролями или фиксация на одной роли, идеологическая убежденность или спутанность системы ценностей.</p><p>Неудача на этом пути ведет к ролевому смешению. При этом возникают специфические трудности: диффузия времени (ощущение цейтнота или пустоты и скуки), застой в работе (неспособность продолжить образование или выбрать труд) и отрицательная идентичность (презрение к предлагаемым обществом ролям и ценностям). Л. С. Выготский отводил в юности центральную роль процессу, который он назвал «открытие Я» — открытие собственного уникального мира мыслей и чувств, приводящее к рефлексии и самовоспитанию. В юности складывается мировоззрение как система обобщенных представлений о мире и самом себе.</p><h3>Ранняя взрослость: несовпадение видов зрелости</h3><p>Период ранней взрослости (молодость) охватывает хронологический отрезок от 20 до 40 лет. Выдающийся отечественный психолог Б. Г. Ананьев сформулировал фундаментальный постулат о том, что в онтогенезе человека наблюдается явное **несовпадение видов зрелости**. Наступление зрелости человека как индивида (физическая зрелость), как личности (гражданская, юридическая зрелость) и как субъекта познания и труда (умственная зрелость и трудоспособность) кардинально не совпадает во времени. Только к началу периода ранней зрелости наступает выравнивание и интеграция этих сторон. Развитие психофизиологических функций достигает своего оптимума к 25 годам, а интеллектуальное развитие продолжается на протяжении всего периода. Главными проблемами молодости по Эриксону становятся близость против изоляции, освоение родительских ролей при создании семьи и утверждение в профессии.</p><h3>Кризисы профессионального развития в молодости</h3><p>Процесс становления субъекта труда не является линейным. Противоречия между требованиями рынка, сложившимися планами и реальными возможностями человека порождают нормативные **кризисы профессионального развития**:</p><ul><li><b>Кризис профессиональных экспектаций:</b> возникает на этапе первичной трудовой адаптации. Он связан с несовпадением реальных ожиданий молодого специалиста и жесткой действительности производства.</li><li><b>Кризис профессионального роста (23–25 лет):</b> детерминируется острой внутренней неудовлетворенностью самим процессом, условиями и первыми результатами своей профессиональной деятельности.</li><li><b>Кризис профессиональной карьеры (30–35 лет):</b> связан со стабилизацией профессиональной ситуации. Молодой человек испытывает неудовлетворенность собой, своим текущим должностным статусом и начинает корректировать жизненную перспективу.</li><li><b>Кризис социально-профессиональной самоактуализации (40–42 года):</b> знаменует переход к средней взрослости. Он связан с тяжелым осознанием застойности, остановки в развитии, неудовлетворенностью возможностями реальной самореализации, что может приводить к профессиональной деформации.</li></ul>",65
developmental-psych,30. Психология средней взрослости и позднего возраста (геронтопсихология),"<h3>Психология средней взрослости и кризис середины жизни</h3><p>Период средней взрослости (зрелости) охватывает хронологический отрезок от 40 до 60 лет. Это время расцвета семейной жизни, карьеры и творческих сил, где труд занимает главную позицию и становится важнейшим источником человеческих чувств. Направление этого этапа часто сопровождается глубоким психоэмоциональным переломом, который получил название <b>кризис середины жизни</b>. Это долговременное эмоциональное состояние (обычно наступающее в возрасте от 35 до 55 лет), связанное с тотальной переоценкой своего опыта, достижений и ценностей. Перед человеком остро встают вопросы самоопределения: «А тому ли я посвятил свою жизнь? Ту ли профессию выбрал?» [1.50, 1.51].</p><p>Причинами кризиса выступают физиологические изменения, гормональная перестройка, взросление и переезд детей из родительского дома, а также экзистенциальное осознание собственной смертности. Проявляется симптомами потери интереса к привычным вещам, раздражительностью, чувством одиночества и острой потребностью в переменах. Самым опасным в период взрослости является состояние застоя, при котором прогрессивного развития личности не происходит. Отечественные психологи доказывают, что адекватная переоценка ценностей приводит к глубинному обновлению личности, а важнейшим самоощущением взрослого человека должно быть чувство неуспокоенности, подталкивающее к саморазвитию [1.51].</p><h3>Специфика самореализации и обучения в зрелом возрасте</h3><p>Для успешного преодоления застоя критически важна <b>самореализация личности</b> среднего возраста, представляющая собой сложную функциональную систему. Выделяют две основные формы самореализации: внешняя (самовыражение в профессии, творчестве, спорте) и внутренняя (самосовершенствование в интеллектуальном, нравственном и духовном аспектах) [1.52]. </p><p>Среди видов проявления самореализации в возрасте 35–40 лет отечественная наука выделяет три вектора:<br>• <i>Деятельностная самореализация:</i> самовыражение в труде, обеспечивающее высокий уровень профессиональной компетенции;<br>• <i>Социальная самореализация:</i> связана с выполнением гуманитарной миссии, общественно-полезной, политической или общественно-педагогической деятельности;<br>• <i>Личностная самореализация:</i> способствует духовному росту человека, развивая его личностный потенциал (ответственность, креативность) [1.52].</p><p>Процесс самореализации тесно связан с обучением в зрелом возрасте, которое имеет выраженную возрастно-психологическую специфику. Обучение взрослых опирается на накопленный жизненный опыт и носит элективный характер (человек сам выбирает цели и сроки). Главным драйвером изучения чего-либо после 30–40 лет выступает исключительно прикладное, практическое значение новых знаний — практика заменяет механическую зубрежку [1.52].</p><h3>Психологическое содержание старости и геронтопсихология</h3><p>Поздний возраст (старость, период геронтогенеза) наступает при пересечении человеком условной границы в 60–65 лет [1.53]. Выход на пенсию выступает условным началом старости и изменением социальной ситуации развития. Для одних людей он воспринимается как потеря смыслообразующего фактора и полезности, для других — как перспектива посвятить время хобби [1.53]. В рамках концепции Э. Эриксона, старость — это период развития личности, в котором возможно приобретение интегративной целостности личности (жизненной мудрости) или переживание глубокого отчаяния от того, что жизнь близится к концу [1.54]. Эмоциональная сфера в старости характеризуется ослаблением яркости новых впечатлений, властью воспоминаний и преобладанием таких модальностей, как тревога, грусть и недовольство [1.53]. Важное место занимает фактор физического здоровья: недомогания переживаются стареющим человеком как «ощущение своего тела как невозможности им пользоваться» [1.54].</p><p>В познавательной активности человека в старости отмечается снижение психической активности, сужение объема восприятия и замедление психомоторных реакций [1.54]. Однако когнитивная наука доказывает, что снижение функций не является строгой закономерностью. Изменения в интеллектуальной сфере описывает <b>двухкомпонентная модель интеллекта</b> (Р. Кеттелл, Д. Хорн):</p><ul><li><b>Подвижный интеллект:</b> способность решать принципиально новые проблемы, для которых нет привычных способов действия (врожденная скорость переработки информации). Он напрямую зависит от биологического созревания ЦНС и с возрастом закономерно снижается.</li><li><b>Кристаллизованный интеллект:</b> определяется количеством приобретенных в течение жизни знаний, широтой кругозора, культурой, образованием и способностью решать задачи, опираясь на имеющуюся систематизированную информацию. Кристаллизованный интеллект сохраняется и продолжает расти даже в глубокой старости, выступая когнитивной основой феномена мудрости.</li></ul><h3>Восприятие смерти и умирания: концепция Э. Кюблер-Росс</h3><p>В контексте геронтопсихологии критически важным является осознание человеком приближения окончания жизненного пути. Элизабет Кюблер-Росс на основе многолетних клинических исследований описала универсальные **стадии принятия смерти**, которые последовательно проходит личность, сталкиваясь с терминальным диагнозом или осознанием неизбежности кончины [1.53]:</p><ul><li><b>1. Отрицание:</b> человек категорически отказывается признать возможность собственной смерти, считает диагноз ошибкой и ищет обнадеживающие мысли;</li><li><b>2. Гнев:</b> осознание неизбежности финала разрушает жизненные перспективы, вызывая у человека ярость, возмущение и состояние острой фрустрации;</li><li><b>3. Торг:</b> попытка заключить сделку с судьбой, врачами или высшими силами, совершая добрые поступки или усердно молясь ради продления дней жизни;</li><li><b>4. Депрессия:</b> стадия глубокого отчаяния, безнадежности, потери интереса к миру и скорби из-за неминуемых потерь;</li><li><b>5. Принятие:</b> финальный этап, на котором человек смиряется со своей судьбой и неизбежностью смерти. В его душе устанавливается глубокий покой, мир и согласие со своим жизненным путем, позволяющие спокойно прожить последние дни.</li></ul>",66
